10,1003,'H59S000A-80-A',287497,287498,287499,287500,287501,287502,287503,287504,287505,287506,287507,287508,287509,287510,287511,287512,287513,287514,287515,287516,287517,287518,287519,287520,287521,287522,287523,287524,287525,287526,287527,287528,287529,287530,287531,287532,287533,287534,287535,287536,287537,287538,287539
10,1003,'H59S000I-81-I',287540,287541,287542,287543,287544,287545,287546,287547,287548,287549,287550,287551,287552,287553,287554,287555,287556,287557,287558,287559,287560,287561,287562,287563,287564,287565,287566,287567,287568,287569,287570,287571,287572,287573,287574,287575,287576,287577,287578,287579,287580
10,1003,'H59S000S-80-S',287581,287582,287583,287584,287585,287586,287587,287588,287589,287590,287591,287592,287593,287594,287595,287596,287597,287598,287599,287600,287601,287602,287603,287604,287605,287606,287607,287608,287609,287610,287611,287612,287613,287614,287615,287616,287617,287618,287619,287620,287621
10,1003,'H59S100F-80-F1',287622,287623,287624,287625,287626,287627,287628,287629,287630,287631,287632,287633,287634,287635,287636,287637,287638,287639,287640,287641,287642,287643,287644,287645,287646,287647,287648,287649,287650,287651,287652,287653,287654,287655,287656,287657,287658,287659,287660,287661,287662
10,1003,'H59S200F-80-F2',287663,287664,287665,287666,287667,287668,287669,287670,287671,287672,287673,287674,287675,287676,287677,287678,287679,287680,287681,287682,287683,287684,287685,287686,287687,287688,287689,287690,287691,287692,287693,287694,287695,287696,287697,287698,287699,287700,287701,287702,287703
10,1004,'H59S000A-80-A',287704,287705,287706,287707,287708,287709,287710,287711,287712,287713,287714,287715,287716,287717,287718,287719,287720,287721,287722,287723,287724,287725,287726,287727,287728,287729,287730,287731,287732,287733,287734,287735,287736,287737,287738,287739,287740,287741,287742,287743,287744,287745,287746
10,1004,'H59S000I-81-I',287747,287748,287749,287750,287751,287752,287753,287754,287755,287756,287757,287758,287759,287760,287761,287762,287763,287764,287765,287766,287767,287768,287769,287770,287771,287772,287773,287774,287775,287776,287777,287778,287779,287780,287781,287782,287783,287784,287785,287786,287787
10,1004,'H59S000S-80-S',287788,287789,287790,287791,287792,287793,287794,287795,287796,287797,287798,287799,287800,287801,287802,287803,287804,287805,287806,287807,287808,287809,287810,287811,287812,287813,287814,287815,287816,287817,287818,287819,287820,287821,287822,287823,287824,287825,287826,287827,287828
10,1004,'H59S100F-80-F1',287829,287830,287831,287832,287833,287834,287835,287836,287837,287838,287839,287840,287841,287842,287843,287844,287845,287846,287847,287848,287849,287850,287851,287852,287853,287854,287855,287856,287857,287858,287859,287860,287861,287862,287863,287864,287865,287866,287867,287868,287869
10,1004,'H59S200F-80-F2',287870,287871,287872,287873,287874,287875,287876,287877,287878,287879,287880,287881,287882,287883,287884,287885,287886,287887,287888,287889,287890,287891,287892,287893,287894,287895,287896,287897,287898,287899,287900,287901,287902,287903,287904,287905,287906,287907,287908,287909,287910
11,1101,'H57S000A-80-A',287911,287912,287913,287914,287915,287916,287917,287918,287919,287920,287921,287922,287923,287924,287925,287926,287927,287928,287929,287930,287931,287932,287933,287934,287935,287936,287937,287938,287939,287940,287941,287942,287943,287944,287945,287946,287947,287948,287949,287950,287951,287952,287953
11,1101,'H57S000I-80-I',287954,287955,287956,287957,287958,287959,287960,287961,287962,287963,287964,287965,287966,287967,287968,287969,287970,287971,287972,287973,287974,287975,287976,287977,287978,287979,287980,287981,287982,287983,287984,287985,287986,287987,287988,287989,287990,287991,287992,287993,287994,287995,287996,287997,287998,287999,288000
11,1101,'H57S000S-80-S',288001,288002,288003,288004,288005,288006,288007,288008,288009,288010,288011,288012,288013,288014,288015,288016,288017,288018,288019,288020,288021,288022,288023,288024,288025,288026,288027,288028,288029,288030,288031,288032,288033,288034,288035,288036,288037,288038
11,1101,'H57S100F-80-F1',288039,288040,288041,288042,288043,288044,288045,288046,288047,288048,288049,288050,288051,288052,288053,288054,288055,288056,288057,288058,288059,288060,288061,288062,288063,288064,288065,288066,288067,288068,288069,288070,288071,288072,288073,288074,288075,288076,288077,288078,288079,288080,288081,288082,288083,288084,288085
11,1101,'H57S200F-80-F2',288086,288087,288088,288089,288090,288091,288092,288093,288094,288095,288096,288097,288098,288099,288100,288101,288102,288103,288104,288105,288106,288107,288108,288109,288110,288111,288112,288113,288114,288115,288116,288117,288118,288119,288120,288121,288122,288123,288124,288125,288126,288127,288128,288129,288130,288131,288132
11,1102,'H57S000A-80-A',288133,288134,288135,288136,288137,288138,288139,288140,288141,288142,288143,288144,288145,288146,288147,288148,288149,288150,288151,288152,288153,288154,288155,288156,288157,288158,288159,288160,288161,288162,288163,288164,288165,288166,288167,288168,288169,288170,288171,288172,288173,288174,288175,288176,288177
11,1102,'H57S000I-80-I',288178,288179,288180,288181,288182,288183,288184,288185,288186,288187,288188,288189,288190,288191,288192,288193,288194,288195,288196,288197,288198,288199,288200,288201,288202,288203,288204,288205,288206,288207,288208,288209,288210,288211,288212,288213,288214,288215,288216,288217,288218,288219,288220,288221,288222,288223,288224,288225,288226,288227
11,1102,'H57S000S-80-S',288228,288229,288230,288231,288232,288233,288234,288235,288236,288237,288238,288239,288240,288241,288242,288243,288244,288245,288246,288247,288248,288249,288250,288251,288252,288253,288254,288255,288256,288257,288258,288259,288260,288261,288262,288263,288264,288265
11,1102,'H57S100F-80-F1',288266,288267,288268,288269,288270,288271,288272,288273,288274,288275,288276,288277,288278,288279,288280,288281,288282,288283,288284,288285,288286,288287,288288,288289,288290,288291,288292,288293,288294,288295,288296,288297,288298,288299,288300,288301,288302,288303,288304,288305,288306,288307,288308,288309,288310,288311,288312,288313,288314,288315
11,1102,'H57S200F-80-F2',288316,288317,288318,288319,288320,288321,288322,288323,288324,288325,288326,288327,288328,288329,288330,288331,288332,288333,288334,288335,288336,288337,288338,288339,288340,288341,288342,288343,288344,288345,288346,288347,288348,288349,288350,288351,288352,288353,288354,288355,288356,288357,288358,288359,288360,288361,288362,288363,288364,288365
12,1203,'H56S000A-80-A',288366,288367,288368,288369,288370,288371,288372,288373,288374,288375,288376,288377,288378,288379,288380,288381,288382,288383,288384,288385,288386,288387,288388,288389,288390,288391,288392,288393,288394,288395,288396,288397,288398,288399,288400,288401,288402,288403,288404,288405,288406,288407,288408,288409
12,1203,'H56S000I-80-I',288410,288411,288412,288413,288414,288415,288416,288417,288418,288419,288420,288421,288422,288423,288424,288425,288426,288427,288428,288429,288430,288431,288432,288433,288434,288435,288436,288437,288438,288439,288440,288441,288442,288443,288444,288445,288446,288447,288448,288449,288450,288451,288452,288453,288454,288455
12,1203,'H56S000S-82-S',288456,288457,288458,288459,288460,288461,288462,288463,288464,288465,288466,288467,288468,288469,288470,288471,288472,288473,288474,288475,288476,288477,288478,288479,288480,288481,288482,288483,288484,288485,288486,288487,288488,288489,288490,288491,288492,288493,288494,288495,288496,288497
12,1203,'H56S100F-80-F1',288498,288499,288500,288501,288502,288503,288504,288505,288506,288507,288508,288509,288510,288511,288512,288513,288514,288515,288516,288517,288518,288519,288520,288521,288522,288523,288524,288525,288526,288527,288528,288529,288530,288531,288532,288533,288534,288535,288536,288537,288538,288539,288540,288541,288542,288543
12,1203,'H56S200F-80-F2',288544,288545,288546,288547,288548,288549,288550,288551,288552,288553,288554,288555,288556,288557,288558,288559,288560,288561,288562,288563,288564,288565,288566,288567,288568,288569,288570,288571,288572,288573,288574,288575,288576,288577,288578,288579,288580,288581,288582,288583,288584,288585,288586,288587,288588,288589
12,1204,'H56S000A-80-A',288590,288591,288592,288593,288594,288595,288596,288597,288598,288599,288600,288601,288602,288603,288604,288605,288606,288607,288608,288609,288610,288611,288612,288613,288614,288615,288616,288617,288618,288619,288620,288621,288622,288623,288624,288625,288626,288627,288628,288629,288630,288631,288632,288633
12,1204,'H56S000I-80-I',288634,288635,288636,288637,288638,288639,288640,288641,288642,288643,288644,288645,288646,288647,288648,288649,288650,288651,288652,288653,288654,288655,288656,288657,288658,288659,288660,288661,288662,288663,288664,288665,288666,288667,288668,288669,288670,288671,288672,288673,288674,288675,288676,288677,288678,288679
12,1204,'H56S000S-82-S',288680,288681,288682,288683,288684,288685,288686,288687,288688,288689,288690,288691,288692,288693,288694,288695,288696,288697,288698,288699,288700,288701,288702,288703,288704,288705,288706,288707,288708,288709,288710,288711,288712,288713,288714,288715,288716,288717,288718,288719,288720,288721,288722
12,1204,'H56S100F-80-F1',288723,288724,288725,288726,288727,288728,288729,288730,288731,288732,288733,288734,288735,288736,288737,288738,288739,288740,288741,288742,288743,288744,288745,288746,288747,288748,288749,288750,288751,288752,288753,288754,288755,288756,288757,288758,288759,288760,288761,288762,288763,288764,288765,288766,288767,288768
12,1204,'H56S200F-80-F2',288769,288770,288771,288772,288773,288774,288775,288776,288777,288778,288779,288780,288781,288782,288783,288784,288785,288786,288787,288788,288789,288790,288791,288792,288793,288794,288795,288796,288797,288798,288799,288800,288801,288802,288803,288804,288805,288806,288807,288808,288809,288810,288811,288812,288813,288814
13,1303,'H51S000A-80-A',288815,288816,288817,288818,288819,288820,288821,288822,288823,288824,288825,288826,288827,288828,288829,288830,288831,288832,288833,288834,288835,288836,288837,288838,288839,288840,288841,288842,288843,288844,288845,288846,288847,288848,288849,288850,288851,288852,288853
13,1303,'H51S000I-80-I',288854,288855,288856,288857,288858,288859,288860,288861,288862,288863,288864,288865,288866,288867,288868,288869,288870,288871,288872,288873,288874,288875,288876,288877,288878,288879,288880,288881,288882,288883,288884,288885,288886,288887,288888,288889,288890
13,1303,'H51S000S-81-S',288891,288892,288893,288894,288895,288896,288897,288898,288899,288900,288901,288902,288903,288904,288905,288906,288907,288908,288909,288910,288911,288912,288913,288914,288915,288916,288917,288918,288919,288920,288921,288922,288923,288924,288925,288926,288927,288928,288929,288930,288931,288932,288933
13,1303,'H51S100F-80-F1',288934,288935,288936,288937,288938,288939,288940,288941,288942,288943,288944,288945,288946,288947,288948,288949,288950,288951,288952,288953,288954,288955,288956,288957,288958,288959,288960,288961,288962,288963,288964,288965,288966,288967,288968,288969,288970
13,1303,'H51S200F-80-F2',288971,288972,288973,288974,288975,288976,288977,288978,288979,288980,288981,288982,288983,288984,288985,288986,288987,288988,288989,288990,288991,288992,288993,288994,288995,288996,288997,288998,288999,289000,289001,289002,289003,289004,289005,289006,289007
13,1304,'H51S000A-80-A',289008,289009,289010,289011,289012,289013,289014,289015,289016,289017,289018,289019,289020,289021,289022,289023,289024,289025,289026,289027,289028,289029,289030,289031,289032,289033,289034,289035,289036,289037,289038,289039,289040,289041,289042,289043,289044,289045
13,1304,'H51S000I-80-I',289046,289047,289048,289049,289050,289051,289052,289053,289054,289055,289056,289057,289058,289059,289060,289061,289062,289063,289064,289065,289066,289067,289068,289069,289070,289071,289072,289073,289074,289075,289076,289077,289078,289079,289080,289081
13,1304,'H51S000S-81-S',289082,289083,289084,289085,289086,289087,289088,289089,289090,289091,289092,289093,289094,289095,289096,289097,289098,289099,289100,289101,289102,289103,289104,289105,289106,289107,289108,289109,289110,289111,289112,289113,289114,289115,289116,289117,289118,289119,289120,289121,289122,289123
13,1304,'H51S100F-80-F1',289124,289125,289126,289127,289128,289129,289130,289131,289132,289133,289134,289135,289136,289137,289138,289139,289140,289141,289142,289143,289144,289145,289146,289147,289148,289149,289150,289151,289152,289153,289154,289155,289156,289157,289158,289159
13,1304,'H51S200F-80-F2',289160,289161,289162,289163,289164,289165,289166,289167,289168,289169,289170,289171,289172,289173,289174,289175,289176,289177,289178,289179,289180,289181,289182,289183,289184,289185,289186,289187,289188,289189,289190,289191,289192,289193,289194,289195
14,1403,'H57S000A-80-A',289196,289197,289198,289199,289200,289201,289202,289203,289204,289205,289206,289207,289208,289209
14,1403,'H57S000I-80-I',289210,289211,289212,289213,289214,289215,289216,289217,289218,289219,289220,289221,289222
14,1403,'H57S000S-80-S',289223,289224,289225,289226,289227,289228,289229,289230,289231,289232,289233,289234,289235,289236,289237,289238,289239,289240,289241,289242,289243,289244,289245,289246,289247,289248,289249,289250,289251,289252
14,1403,'H57S100F-80-F1',289253,289254,289255,289256,289257,289258,289259,289260,289261,289262,289263,289264,289265
14,1403,'H57S200F-80-F2',289266,289267,289268,289269,289270,289271,289272,289273,289274,289275,289276,289277,289278
14,1404,'H57S000A-80-A',289279,289280,289281,289282,289283,289284,289285,289286,289287,289288,289289,289290,289291
14,1404,'H57S000I-80-I',289292,289293,289294,289295,289296,289297,289298,289299,289300,289301,289302,289303
14,1404,'H57S000S-80-S',289304,289305,289306,289307,289308,289309,289310,289311,289312,289313,289314,289315,289316,289317,289318,289319,289320,289321,289322,289323,289324,289325,289326,289327,289328,289329,289330,289331,289332,289333
14,1404,'H57S100F-80-F1',289334,289335,289336,289337,289338,289339,289340,289341,289342,289343,289344,289345
14,1404,'H57S200F-80-F2',289346,289347,289348,289349,289350,289351,289352,289353,289354,289355,289356,289357
16,1601,'H50S000A-82-A',289358,289359,289360,289361,289362,289363,289364,289365,289366,289367,289368,289369,289370,289371,289372,289373,289374,289375,289376,289377,289378,289379,289380,289381,289382,289383,289384,289385,289386,289387,289388,289389
16,1601,'H50S000I-82-I',289390,289391,289392,289393,289394,289395,289396,289397,289398,289399,289400,289401,289402,289403,289404,289405,289406,289407,289408,289409,289410,289411,289412,289413,289414,289415,289416,289417,289418,289419,289420,289421,289422
16,1601,'H50S000S-82-S',289423,289424,289425,289426,289427,289428,289429,289430,289431,289432,289433,289434,289435,289436,289437,289438,289439,289440,289441,289442,289443,289444,289445,289446,289447,289448,289449,289450,289451,289452,289453,289454
16,1601,'H50S100F-80-F1',289455,289456,289457,289458,289459,289460,289461,289462,289463,289464,289465,289466,289467,289468,289469,289470,289471,289472,289473,289474,289475,289476,289477,289478,289479,289480,289481,289482,289483,289484,289485,289486,289487
16,1601,'H50S200F-80-F2',289488,289489,289490,289491,289492,289493,289494,289495,289496,289497,289498,289499,289500,289501,289502,289503,289504,289505,289506,289507,289508,289509,289510,289511,289512,289513,289514,289515,289516,289517,289518,289519,289520
16,1602,'H50S000A-82-A',289521,289522,289523,289524,289525,289526,289527,289528,289529,289530,289531,289532,289533,289534,289535,289536,289537,289538,289539,289540,289541,289542,289543,289544,289545,289546,289547,289548,289549,289550,289551,289552
16,1602,'H50S000I-82-I',289553,289554,289555,289556,289557,289558,289559,289560,289561,289562,289563,289564,289565,289566,289567,289568,289569,289570,289571,289572,289573,289574,289575,289576,289577,289578,289579,289580,289581,289582,289583,289584,289585
16,1602,'H50S000S-82-S',289586,289587,289588,289589,289590,289591,289592,289593,289594,289595,289596,289597,289598,289599,289600,289601,289602,289603,289604,289605,289606,289607,289608,289609,289610,289611,289612,289613,289614,289615,289616,289617
16,1602,'H50S100F-80-F1',289618,289619,289620,289621,289622,289623,289624,289625,289626,289627,289628,289629,289630,289631,289632,289633,289634,289635,289636,289637,289638,289639,289640,289641,289642,289643,289644,289645,289646,289647,289648,289649,289650
16,1602,'H50S200F-80-F2',289651,289652,289653,289654,289655,289656,289657,289658,289659,289660,289661,289662,289663,289664,289665,289666,289667,289668,289669,289670,289671,289672,289673,289674,289675,289676,289677,289678,289679,289680,289681,289682,289683
17,1703,'H56S000S-82-S',289684,289685
17,1703,'H60S000A-80-A',289686,289687,289688,289689,289690,289691,289692,289693,289694,289695,289696,289697,289698,289699,289700,289701,289702,289703,289704,289705,289706,289707,289708,289709,289710,289711,289712,289713,289714,289715
17,1703,'H60S000I-81-I',289716,289717,289718,289719,289720,289721,289722,289723,289724,289725,289726,289727,289728,289729,289730,289731,289732,289733,289734,289735,289736,289737,289738,289739,289740,289741,289742,289743,289744,289745
17,1703,'H60S000S-83-S',289746,289747,289748,289749,289750,289751,289752,289753,289754,289755,289756,289757,289758,289759,289760,289761,289762,289763,289764,289765,289766,289767,289768,289769,289770,289771,289772,289773,289774,289775,289776,289777,289778,289779,289780,289781,289782,289783
17,1703,'H60S100F-80-F1',289784,289785,289786,289787,289788,289789,289790,289791,289792,289793,289794,289795,289796,289797,289798,289799,289800,289801,289802,289803,289804,289805,289806,289807,289808,289809,289810,289811,289812,289813
17,1703,'H60S200F-80-F2',289814,289815,289816,289817,289818,289819,289820,289821,289822,289823,289824,289825,289826,289827,289828,289829,289830,289831,289832,289833,289834,289835,289836,289837,289838,289839,289840,289841,289842,289843
17,1704,'H60S000A-80-A',289844,289845,289846,289847,289848,289849,289850,289851,289852,289853,289854,289855,289856,289857,289858,289859,289860,289861,289862,289863,289864,289865,289866,289867,289868,289869,289870,289871,289872,289873,289874
17,1704,'H60S000I-81-I',289875,289876,289877,289878,289879,289880,289881,289882,289883,289884,289885,289886,289887,289888,289889,289890,289891,289892,289893,289894,289895,289896,289897,289898,289899,289900,289901,289902,289903,289904
17,1704,'H60S000S-83-S',289905,289906,289907,289908,289909,289910,289911,289912,289913,289914,289915,289916,289917,289918,289919,289920,289921,289922,289923,289924,289925,289926,289927,289928,289929,289930,289931,289932,289933,289934,289935,289936,289937,289938,289939
17,1704,'H60S100F-80-F1',289940,289941,289942,289943,289944,289945,289946,289947,289948,289949,289950,289951,289952,289953,289954,289955,289956,289957,289958,289959,289960,289961,289962,289963,289964,289965,289966,289967,289968,289969
17,1704,'H60S200F-80-F2',289970,289971,289972,289973,289974,289975,289976,289977,289978,289979,289980,289981,289982,289983,289984,289985,289986,289987,289988,289989,289990,289991,289992,289993,289994,289995,289996,289997,289998,289999
18,1801,'H51S000A-80-A',290000,290001,290002,290003,290004,290005,290006,290007,290008,290009,290010,290011,290012,290013,290014,290015,290016,290017,290018,290019,290020,290021,290022,290023,290024,290025,290026,290027,290028,290029,290030,290031,290032,290033,290034,290035,290036,290037,290038,290039,290040,290041,290042,290043,290044,290045,290046,290047,290048,290049,290050,290051,290052,290053,290054,290055,290056,290057,290058,290059,290060,290061,290062,290063,290064,290065,290066,290067,290068,290069,290070,290071,290072,290073,290074,290075,290076,290077,290078,290079,290080,290081,290082,290083,290084,290085,290086,290087
18,1801,'H51S000I-80-I',290088,290089,290090,290091,290092,290093,290094,290095,290096,290097,290098,290099,290100,290101,290102,290103,290104,290105,290106,290107,290108,290109,290110,290111,290112,290113,290114,290115,290116,290117,290118,290119,290120,290121,290122,290123,290124,290125,290126,290127,290128,290129,290130,290131,290132,290133,290134,290135,290136,290137,290138,290139,290140,290141,290142,290143,290144,290145,290146,290147,290148,290149,290150,290151,290152,290153,290154,290155
18,1801,'H51S000S-81-S',290156,290157,290158,290159,290160,290161,290162,290163,290164,290165,290166,290167,290168,290169,290170,290171,290172,290173,290174,290175,290176,290177,290178,290179,290180,290181,290182,290183,290184,290185,290186,290187,290188,290189,290190,290191,290192,290193,290194,290195,290196,290197,290198,290199,290200,290201,290202,290203,290204,290205,290206,290207,290208,290209,290210,290211,290212,290213,290214,290215,290216,290217,290218,290219,290220,290221,290222,290223,290224,290225,290226,290227,290228,290229,290230,290231,290232,290233,290234,290235,290236,290237,290238,290239,290240,290241,290242,290243,290244,290245,290246,290247,290248,290249,290250,290251,290252,290253,290254,290255,290256,290257,290258,290259,290260,290261,290262,290263,290264,290265,290266,290267,290268,290269,290270,290271,290272
18,1801,'H51S100F-80-F1',290273,290274,290275,290276,290277,290278,290279,290280,290281,290282,290283,290284,290285,290286,290287,290288,290289,290290,290291,290292,290293,290294,290295,290296,290297,290298,290299,290300,290301,290302,290303,290304,290305,290306,290307,290308,290309,290310,290311,290312,290313,290314,290315,290316,290317,290318,290319,290320,290321,290322,290323,290324,290325,290326,290327,290328,290329,290330,290331,290332,290333,290334,290335,290336,290337,290338,290339,290340
18,1801,'H51S200F-80-F2',290341,290342,290343,290344,290345,290346,290347,290348,290349,290350,290351,290352,290353,290354,290355,290356,290357,290358,290359,290360,290361,290362,290363,290364,290365,290366,290367,290368,290369,290370,290371,290372,290373,290374,290375,290376,290377,290378,290379,290380,290381,290382,290383,290384,290385,290386,290387,290388,290389,290390,290391,290392,290393,290394,290395,290396,290397,290398,290399,290400,290401,290402,290403,290404,290405,290406,290407,290408
18,1801,'H57S000S-80-S',290409,290410,290411,290412,290413,290414
18,1801,'H59S000S-80-S',290415,290416,290417,290418
18,1802,'H50S000S-82-S',290419,290420,290421
18,1802,'H51S000A-80-A',290422,290423,290424,290425,290426,290427,290428,290429,290430,290431,290432,290433,290434,290435,290436,290437,290438,290439,290440,290441,290442,290443,290444,290445,290446,290447,290448,290449,290450,290451,290452,290453,290454,290455,290456,290457,290458,290459,290460,290461,290462,290463,290464,290465,290466,290467,290468,290469,290470,290471,290472,290473,290474,290475,290476,290477,290478,290479,290480,290481,290482,290483,290484,290485,290486,290487,290488,290489,290490,290491,290492,290493,290494,290495,290496,290497,290498,290499,290500,290501,290502,290503,290504,290505,290506,290507,290508,290509
18,1802,'H51S000I-80-I',290510,290511,290512,290513,290514,290515,290516,290517,290518,290519,290520,290521,290522,290523,290524,290525,290526,290527,290528,290529,290530,290531,290532,290533,290534,290535,290536,290537,290538,290539,290540,290541,290542,290543,290544,290545,290546,290547,290548,290549,290550,290551,290552,290553,290554,290555,290556,290557,290558,290559,290560,290561,290562,290563,290564,290565,290566,290567,290568,290569,290570,290571,290572,290573,290574,290575
18,1802,'H51S000S-81-S',290576,290577,290578,290579,290580,290581,290582,290583,290584,290585,290586,290587,290588,290589,290590,290591,290592,290593,290594,290595,290596,290597,290598,290599,290600,290601,290602,290603,290604,290605,290606,290607,290608,290609,290610,290611,290612,290613,290614,290615,290616,290617,290618,290619,290620,290621,290622,290623,290624,290625,290626,290627,290628,290629,290630,290631,290632,290633,290634,290635,290636,290637,290638,290639,290640,290641,290642,290643,290644,290645,290646,290647,290648,290649,290650,290651,290652,290653,290654,290655,290656,290657,290658,290659,290660,290661,290662,290663,290664,290665,290666,290667,290668,290669,290670,290671,290672,290673,290674,290675,290676,290677,290678,290679,290680
18,1802,'H51S100F-80-F1',290681,290682,290683,290684,290685,290686,290687,290688,290689,290690,290691,290692,290693,290694,290695,290696,290697,290698,290699,290700,290701,290702,290703,290704,290705,290706,290707,290708,290709,290710,290711,290712,290713,290714,290715,290716,290717,290718,290719,290720,290721,290722,290723,290724,290725,290726,290727,290728,290729,290730,290731,290732,290733,290734,290735,290736,290737,290738,290739,290740,290741,290742,290743,290744,290745,290746
18,1802,'H51S200F-80-F2',290747,290748,290749,290750,290751,290752,290753,290754,290755,290756,290757,290758,290759,290760,290761,290762,290763,290764,290765,290766,290767,290768,290769,290770,290771,290772,290773,290774,290775,290776,290777,290778,290779,290780,290781,290782,290783,290784,290785,290786,290787,290788,290789,290790,290791,290792,290793,290794,290795,290796,290797,290798,290799,290800,290801,290802,290803,290804,290805,290806,290807,290808,290809,290810,290811,290812
18,1802,'H57S000S-80-S',290813,290814,290815,290816,290817
18,1802,'H59S000S-80-S',290818,290819,290820,290821
20,2001,'H58S000A-80-A',290822,290823,290824,290825,290826,290827,290828,290829,290830,290831,290832,290833,290834,290835,290836,290837,290838,290839,290840,290841,290842,290843,290844,290845,290846,290847,290848,290849,290850,290851,290852,290853,290854,290855,290856,290857,290858,290859
20,2001,'H58S000I-80-I',290860,290861,290862,290863,290864,290865,290866,290867,290868,290869,290870,290871,290872,290873,290874,290875,290876,290877,290878,290879,290880,290881,290882,290883,290884,290885,290886,290887,290888,290889,290890,290891,290892,290893,290894,290895,290896,290897
20,2001,'H58S000S-83-S',290898,290899,290900,290901,290902,290903,290904,290905,290906,290907,290908,290909,290910,290911,290912,290913,290914,290915,290916,290917,290918,290919,290920,290921,290922,290923,290924,290925,290926,290927,290928,290929,290930,290931,290932,290933,290934,290935,290936,290937,290938,290939,290940,290941,290942,290943,290944,290945,290946,290947,290948,290949
20,2001,'H58S100F-80-F1',290950,290951,290952,290953,290954,290955,290956,290957,290958,290959,290960,290961,290962,290963,290964,290965,290966,290967,290968,290969,290970,290971,290972,290973,290974,290975,290976,290977,290978,290979,290980,290981,290982,290983,290984,290985,290986,290987
20,2001,'H58S200F-80-F2',290988,290989,290990,290991,290992,290993,290994,290995,290996,290997,290998,290999,291000,291001,291002,291003,291004,291005,291006,291007,291008,291009,291010,291011,291012,291013,291014,291015,291016,291017,291018,291019,291020,291021,291022,291023,291024,291025
20,2002,'H58S000A-80-A',291026,291027,291028,291029,291030,291031,291032,291033,291034,291035,291036,291037,291038,291039,291040,291041,291042,291043,291044,291045,291046,291047,291048,291049,291050,291051,291052,291053,291054,291055,291056,291057,291058,291059,291060,291061,291062,291063
20,2002,'H58S000I-80-I',291064,291065,291066,291067,291068,291069,291070,291071,291072,291073,291074,291075,291076,291077,291078,291079,291080,291081,291082,291083,291084,291085,291086,291087,291088,291089,291090,291091,291092,291093,291094,291095,291096,291097,291098,291099,291100,291101
20,2002,'H58S000S-83-S',291102,291103,291104,291105,291106,291107,291108,291109,291110,291111,291112,291113,291114,291115,291116,291117,291118,291119,291120,291121,291122,291123,291124,291125,291126,291127,291128,291129,291130,291131,291132,291133,291134,291135,291136,291137,291138,291139,291140,291141,291142,291143,291144,291145,291146,291147,291148
20,2002,'H58S100F-80-F1',291149,291150,291151,291152,291153,291154,291155,291156,291157,291158,291159,291160,291161,291162,291163,291164,291165,291166,291167,291168,291169,291170,291171,291172,291173,291174,291175,291176,291177,291178,291179,291180,291181,291182,291183,291184,291185,291186
20,2002,'H58S200F-80-F2',291187,291188,291189,291190,291191,291192,291193,291194,291195,291196,291197,291198,291199,291200,291201,291202,291203,291204,291205,291206,291207,291208,291209,291210,291211,291212,291213,291214,291215,291216,291217,291218,291219,291220,291221,291222,291223,291224
22,2201,'H59S000A-80-A',291225,291226,291227,291228,291229,291230,291231,291232,291233,291234,291235,291236,291237,291238,291239,291240,291241,291242,291243,291244,291245,291246,291247,291248,291249,291250,291251,291252,291253,291254,291255,291256,291257,291258,291259
22,2201,'H59S000I-81-I',291260,291261,291262,291263,291264,291265,291266,291267,291268,291269,291270,291271,291272,291273,291274,291275,291276,291277,291278,291279,291280,291281,291282,291283,291284,291285,291286,291287,291288,291289,291290,291291,291292,291293
22,2201,'H59S000S-80-S',291294,291295,291296,291297,291298,291299,291300,291301,291302,291303,291304,291305,291306,291307,291308,291309,291310,291311,291312,291313,291314,291315,291316,291317,291318,291319,291320,291321,291322,291323,291324,291325,291326,291327,291328
22,2201,'H59S100F-80-F1',291329,291330,291331,291332,291333,291334,291335,291336,291337,291338,291339,291340,291341,291342,291343,291344,291345,291346,291347,291348,291349,291350,291351,291352,291353,291354,291355,291356,291357,291358,291359,291360,291361,291362
22,2201,'H59S200F-80-F2',291363,291364,291365,291366,291367,291368,291369,291370,291371,291372,291373,291374,291375,291376,291377,291378,291379,291380,291381,291382,291383,291384,291385,291386,291387,291388,291389,291390,291391,291392,291393,291394,291395,291396
22,2202,'H59S000A-80-A',291397,291398,291399,291400,291401,291402,291403,291404,291405,291406,291407,291408,291409,291410,291411,291412,291413,291414,291415,291416,291417,291418,291419,291420,291421,291422,291423,291424,291425,291426,291427,291428,291429,291430,291431,291432
22,2202,'H59S000I-81-I',291433,291434,291435,291436,291437,291438,291439,291440,291441,291442,291443,291444,291445,291446,291447,291448,291449,291450,291451,291452,291453,291454,291455,291456,291457,291458,291459,291460,291461,291462,291463,291464,291465,291466,291467
22,2202,'H59S000S-80-S',291468,291469,291470,291471,291472,291473,291474,291475,291476,291477,291478,291479,291480,291481,291482,291483,291484,291485,291486,291487,291488,291489,291490,291491,291492,291493,291494,291495,291496,291497,291498,291499,291500,291501,291502,291503
22,2202,'H59S100F-80-F1',291504,291505,291506,291507,291508,291509,291510,291511,291512,291513,291514,291515,291516,291517,291518,291519,291520,291521,291522,291523,291524,291525,291526,291527,291528,291529,291530,291531,291532,291533,291534,291535,291536,291537,291538
22,2202,'H59S200F-80-F2',291539,291540,291541,291542,291543,291544,291545,291546,291547,291548,291549,291550,291551,291552,291553,291554,291555,291556,291557,291558,291559,291560,291561,291562,291563,291564,291565,291566,291567,291568,291569,291570,291571,291572,291573
24,2401,'H59S000A-80-A',291574,291575,291576,291577,291578,291579,291580,291581,291582,291583,291584,291585,291586,291587,291588,291589,291590,291591,291592,291593,291594,291595,291596,291597,291598,291599,291600,291601,291602,291603,291604,291605,291606,291607,291608,291609,291610,291611,291612,291613,291614,291615,291616,291617,291618,291619,291620,291621,291622,291623,291624,291625,291626,291627,291628,291629,291630,291631,291632,291633,291634,291635,291636,291637,291638
24,2401,'H59S000I-81-I',291639,291640,291641,291642,291643,291644,291645,291646,291647,291648,291649,291650,291651,291652,291653,291654,291655,291656,291657,291658,291659,291660,291661,291662,291663,291664,291665,291666,291667,291668,291669,291670,291671,291672,291673,291674,291675,291676,291677,291678,291679,291680,291681,291682,291683,291684,291685,291686,291687,291688,291689,291690,291691
24,2401,'H59S000S-80-S',291692,291693,291694,291695,291696,291697,291698,291699,291700,291701,291702,291703,291704,291705,291706,291707,291708,291709,291710,291711,291712,291713,291714,291715,291716,291717,291718,291719,291720,291721,291722,291723,291724,291725,291726,291727,291728,291729,291730,291731,291732,291733,291734,291735,291736,291737,291738,291739,291740,291741,291742,291743,291744,291745,291746,291747,291748,291749,291750,291751,291752,291753,291754,291755,291756,291757,291758,291759,291760,291761,291762,291763,291764,291765,291766,291767,291768,291769,291770,291771,291772,291773,291774,291775,291776,291777,291778,291779,291780,291781,291782,291783,291784,291785,291786,291787,291788,291789,291790,291791,291792,291793,291794,291795,291796,291797,291798
24,2401,'H59S100F-80-F1',291799,291800,291801,291802,291803,291804,291805,291806,291807,291808,291809,291810,291811,291812,291813,291814,291815,291816,291817,291818,291819,291820,291821,291822,291823,291824,291825,291826,291827,291828,291829,291830,291831,291832,291833,291834,291835,291836,291837,291838,291839,291840,291841,291842,291843,291844,291845,291846,291847,291848,291849,291850,291851
24,2401,'H59S200F-80-F2',291852,291853,291854,291855,291856,291857,291858,291859,291860,291861,291862,291863,291864,291865,291866,291867,291868,291869,291870,291871,291872,291873,291874,291875,291876,291877,291878,291879,291880,291881,291882,291883,291884,291885,291886,291887,291888,291889,291890,291891,291892,291893,291894,291895,291896,291897,291898,291899,291900,291901,291902,291903,291904
24,2402,'H59S000A-80-A',291905,291906,291907,291908,291909,291910,291911,291912,291913,291914,291915,291916,291917,291918,291919,291920,291921,291922,291923,291924,291925,291926,291927,291928,291929,291930,291931,291932,291933,291934,291935,291936,291937,291938,291939,291940,291941,291942,291943,291944,291945,291946,291947,291948,291949,291950,291951,291952,291953,291954,291955,291956,291957,291958,291959,291960,291961,291962,291963,291964,291965,291966,291967,291968,291969,291970
24,2402,'H59S000I-81-I',291971,291972,291973,291974,291975,291976,291977,291978,291979,291980,291981,291982,291983,291984,291985,291986,291987,291988,291989,291990,291991,291992,291993,291994,291995,291996,291997,291998,291999,292000,292001,292002,292003,292004,292005,292006,292007,292008,292009,292010,292011,292012,292013,292014,292015,292016,292017,292018,292019,292020,292021,292022,292023
24,2402,'H59S000S-80-S',292024,292025,292026,292027,292028,292029,292030,292031,292032,292033,292034,292035,292036,292037,292038,292039,292040,292041,292042,292043,292044,292045,292046,292047,292048,292049,292050,292051,292052,292053,292054,292055,292056,292057,292058,292059,292060,292061,292062,292063,292064,292065,292066,292067,292068,292069,292070,292071,292072,292073,292074,292075,292076,292077,292078,292079,292080,292081,292082,292083,292084,292085,292086,292087,292088,292089,292090,292091,292092,292093,292094,292095,292096,292097,292098,292099,292100,292101,292102,292103,292104,292105,292106,292107,292108,292109,292110,292111,292112,292113,292114,292115,292116,292117,292118,292119,292120,292121,292122,292123,292124,292125,292126
24,2402,'H59S100F-80-F1',292127,292128,292129,292130,292131,292132,292133,292134,292135,292136,292137,292138,292139,292140,292141,292142,292143,292144,292145,292146,292147,292148,292149,292150,292151,292152,292153,292154,292155,292156,292157,292158,292159,292160,292161,292162,292163,292164,292165,292166,292167,292168,292169,292170,292171,292172,292173,292174,292175,292176,292177,292178,292179
24,2402,'H59S200F-80-F2',292180,292181,292182,292183,292184,292185,292186,292187,292188,292189,292190,292191,292192,292193,292194,292195,292196,292197,292198,292199,292200,292201,292202,292203,292204,292205,292206,292207,292208,292209,292210,292211,292212,292213,292214,292215,292216,292217,292218,292219,292220,292221,292222,292223,292224,292225,292226,292227,292228,292229,292230,292231,292232
25,2503,'H51S000S-81-S',292233
25,2503,'H57S000S-80-S',292234,292235,292236,292237,292238,292239,292240,292241,292242,292243,292244,292245,292246,292247,292248,292249,292250,292251,292252,292253,292254,292255,292256,292257,292258,292259,292260,292261,292262,292263,292264,292265,292266
25,2504,'H51S000S-81-S',292267
25,2504,'H57S000S-80-S',292268,292269,292270,292271,292272,292273,292274,292275,292276,292277,292278,292279,292280,292281,292282,292283,292284,292285,292286,292287,292288,292289,292290,292291,292292,292293,292294,292295,292296,292297,292298
26,2601,'H54S000A-80-A',292299,292300,292301,292302,292303,292304,292305,292306,292307,292308,292309,292310,292311,292312,292313,292314,292315,292316,292317,292318,292319,292320,292321,292322,292323,292324,292325,292326,292327,292328,292329,292330,292331,292332
26,2601,'H54S000I-80-I',292333,292334,292335,292336,292337,292338,292339,292340,292341,292342,292343,292344,292345,292346,292347,292348,292349,292350,292351,292352,292353,292354,292355,292356,292357,292358,292359,292360,292361,292362,292363,292364,292365,292366,292367
26,2601,'H54S000S-80-S',292368,292369,292370,292371,292372,292373,292374,292375,292376,292377,292378,292379,292380,292381,292382,292383,292384,292385,292386,292387,292388,292389,292390,292391,292392,292393,292394,292395,292396,292397,292398,292399,292400,292401,292402,292403,292404
26,2601,'H54S100F-80-F1',292405,292406,292407,292408,292409,292410,292411,292412,292413,292414,292415,292416,292417,292418,292419,292420,292421,292422,292423,292424,292425,292426,292427,292428,292429,292430,292431,292432,292433,292434,292435,292436,292437,292438,292439
26,2601,'H54S200F-80-F2',292440,292441,292442,292443,292444,292445,292446,292447,292448,292449,292450,292451,292452,292453,292454,292455,292456,292457,292458,292459,292460,292461,292462,292463,292464,292465,292466,292467,292468,292469,292470,292471,292472,292473,292474
26,2602,'H54S000A-80-A',292475,292476,292477,292478,292479,292480,292481,292482,292483,292484,292485,292486,292487,292488,292489,292490,292491,292492,292493,292494,292495,292496,292497,292498,292499,292500,292501,292502,292503,292504,292505,292506,292507,292508,292509
26,2602,'H54S000I-80-I',292510,292511,292512,292513,292514,292515,292516,292517,292518,292519,292520,292521,292522,292523,292524,292525,292526,292527,292528,292529,292530,292531,292532,292533,292534,292535,292536,292537,292538,292539,292540,292541,292542,292543,292544,292545
26,2602,'H54S000S-80-S',292546,292547,292548,292549,292550,292551,292552,292553,292554,292555,292556,292557,292558,292559,292560,292561,292562,292563,292564,292565,292566,292567,292568,292569,292570,292571,292572,292573,292574,292575,292576,292577,292578,292579,292580,292581,292582,292583,292584,292585,292586,292587,292588,292589,292590,292591
26,2602,'H54S100F-80-F1',292592,292593,292594,292595,292596,292597,292598,292599,292600,292601,292602,292603,292604,292605,292606,292607,292608,292609,292610,292611,292612,292613,292614,292615,292616,292617,292618,292619,292620,292621,292622,292623,292624,292625,292626,292627
26,2602,'H54S200F-80-F2',292628,292629,292630,292631,292632,292633,292634,292635,292636,292637,292638,292639,292640,292641,292642,292643,292644,292645,292646,292647,292648,292649,292650,292651,292652,292653,292654,292655,292656,292657,292658,292659,292660,292661,292662,292663
27,2701,'H51S000S-81-S',292664
27,2701,'H57S000A-80-A',292665,292666,292667,292668,292669,292670,292671,292672,292673,292674,292675,292676,292677,292678,292679,292680,292681,292682,292683,292684,292685,292686,292687,292688,292689,292690,292691,292692,292693,292694,292695,292696,292697,292698,292699,292700,292701,292702,292703,292704,292705
27,2701,'H57S000I-80-I',292706,292707,292708,292709,292710,292711,292712,292713,292714,292715,292716,292717,292718,292719,292720,292721,292722,292723,292724,292725,292726,292727,292728,292729,292730,292731,292732,292733,292734,292735,292736,292737,292738,292739,292740,292741,292742,292743
27,2701,'H57S000S-80-S',292744,292745,292746,292747,292748,292749,292750,292751,292752,292753,292754,292755,292756,292757,292758,292759,292760,292761,292762,292763,292764,292765,292766,292767,292768,292769,292770,292771,292772,292773,292774,292775,292776,292777,292778,292779,292780,292781,292782,292783,292784,292785,292786,292787,292788,292789,292790,292791,292792,292793,292794,292795,292796,292797,292798,292799,292800,292801
27,2701,'H57S100F-80-F1',292802,292803,292804,292805,292806,292807,292808,292809,292810,292811,292812,292813,292814,292815,292816,292817,292818,292819,292820,292821,292822,292823,292824,292825,292826,292827,292828,292829,292830,292831,292832,292833,292834,292835,292836,292837,292838,292839
27,2701,'H57S200F-80-F2',292840,292841,292842,292843,292844,292845,292846,292847,292848,292849,292850,292851,292852,292853,292854,292855,292856,292857,292858,292859,292860,292861,292862,292863,292864,292865,292866,292867,292868,292869,292870,292871,292872,292873,292874,292875,292876,292877
27,2702,'H51S000S-81-S',292878
27,2702,'H54S000S-80-S',292879
27,2702,'H57S000A-80-A',292880,292881,292882,292883,292884,292885,292886,292887,292888,292889,292890,292891,292892,292893,292894,292895,292896,292897,292898,292899,292900,292901,292902,292903,292904,292905,292906,292907,292908,292909,292910,292911,292912,292913,292914,292915,292916,292917,292918,292919
27,2702,'H57S000I-80-I',292920,292921,292922,292923,292924,292925,292926,292927,292928,292929,292930,292931,292932,292933,292934,292935,292936,292937,292938,292939,292940,292941,292942,292943,292944,292945,292946,292947,292948,292949,292950,292951,292952,292953,292954,292955,292956
27,2702,'H57S000S-80-S',292957,292958,292959,292960,292961,292962,292963,292964,292965,292966,292967,292968,292969,292970,292971,292972,292973,292974,292975,292976,292977,292978,292979,292980,292981,292982,292983,292984,292985,292986,292987,292988,292989,292990,292991,292992,292993,292994,292995,292996,292997,292998,292999,293000,293001,293002,293003,293004,293005,293006,293007,293008,293009,293010,293011,293012,293013,293014,293015,293016,293017,293018,293019,293020,293021,293022,293023
27,2702,'H57S100F-80-F1',293024,293025,293026,293027,293028,293029,293030,293031,293032,293033,293034,293035,293036,293037,293038,293039,293040,293041,293042,293043,293044,293045,293046,293047,293048,293049,293050,293051,293052,293053,293054,293055,293056,293057,293058,293059,293060
27,2702,'H57S200F-80-F2',293061,293062,293063,293064,293065,293066,293067,293068,293069,293070,293071,293072,293073,293074,293075,293076,293077,293078,293079,293080,293081,293082,293083,293084,293085,293086,293087,293088,293089,293090,293091,293092,293093,293094,293095,293096,293097
27,2702,'H59S000S-80-S',293098
28,2803,'H54S000A-80-A',293099,293100,293101,293102,293103,293104,293105,293106,293107,293108,293109,293110,293111,293112,293113,293114,293115,293116,293117,293118,293119,293120,293121,293122,293123,293124,293125,293126,293127,293128,293129,293130,293131,293132,293133,293134,293135,293136,293137,293138,293139,293140,293141
28,2803,'H54S000I-80-I',293142,293143,293144,293145,293146,293147,293148,293149,293150,293151,293152,293153,293154,293155,293156,293157,293158,293159,293160,293161,293162,293163,293164,293165,293166,293167,293168,293169,293170,293171,293172,293173,293174,293175,293176,293177,293178,293179,293180,293181,293182,293183,293184
28,2803,'H54S000S-80-S',293185,293186,293187,293188,293189,293190,293191,293192,293193,293194,293195,293196,293197,293198,293199,293200,293201,293202,293203,293204,293205,293206,293207,293208,293209,293210,293211,293212,293213,293214,293215,293216,293217,293218,293219,293220,293221,293222,293223,293224,293225,293226,293227,293228,293229,293230,293231,293232,293233,293234,293235,293236,293237,293238,293239,293240
28,2803,'H54S100F-80-F1',293241,293242,293243,293244,293245,293246,293247,293248,293249,293250,293251,293252,293253,293254,293255,293256,293257,293258,293259,293260,293261,293262,293263,293264,293265,293266,293267,293268,293269,293270,293271,293272,293273,293274,293275,293276,293277,293278,293279,293280,293281,293282,293283
28,2803,'H54S200F-80-F2',293284,293285,293286,293287,293288,293289,293290,293291,293292,293293,293294,293295,293296,293297,293298,293299,293300,293301,293302,293303,293304,293305,293306,293307,293308,293309,293310,293311,293312,293313,293314,293315,293316,293317,293318,293319,293320,293321,293322,293323,293324,293325,293326
28,2803,'H57S000S-80-S',293327,293328
28,2804,'H54S000A-80-A',293329,293330,293331,293332,293333,293334,293335,293336,293337,293338,293339,293340,293341,293342,293343,293344,293345,293346,293347,293348,293349,293350,293351,293352,293353,293354,293355,293356,293357,293358,293359,293360,293361,293362,293363,293364,293365,293366,293367,293368,293369
28,2804,'H54S000I-80-I',293370,293371,293372,293373,293374,293375,293376,293377,293378,293379,293380,293381,293382,293383,293384,293385,293386,293387,293388,293389,293390,293391,293392,293393,293394,293395,293396,293397,293398,293399,293400,293401,293402,293403,293404,293405,293406,293407,293408,293409,293410
28,2804,'H54S000S-80-S',293411,293412,293413,293414,293415,293416,293417,293418,293419,293420,293421,293422,293423,293424,293425,293426,293427,293428,293429,293430,293431,293432,293433,293434,293435,293436,293437,293438,293439,293440,293441,293442,293443,293444,293445,293446,293447,293448,293449,293450,293451,293452,293453,293454,293455,293456,293457,293458,293459,293460,293461,293462
28,2804,'H54S100F-80-F1',293463,293464,293465,293466,293467,293468,293469,293470,293471,293472,293473,293474,293475,293476,293477,293478,293479,293480,293481,293482,293483,293484,293485,293486,293487,293488,293489,293490,293491,293492,293493,293494,293495,293496,293497,293498,293499,293500,293501,293502,293503
28,2804,'H54S200F-80-F2',293504,293505,293506,293507,293508,293509,293510,293511,293512,293513,293514,293515,293516,293517,293518,293519,293520,293521,293522,293523,293524,293525,293526,293527,293528,293529,293530,293531,293532,293533,293534,293535,293536,293537,293538,293539,293540,293541,293542,293543,293544
28,2804,'H57S000S-80-S',293545
29,2901,'H59S000A-80-A',293546,293547,293548,293549,293550,293551,293552,293553,293554,293555,293556,293557,293558,293559,293560,293561,293562,293563,293564,293565,293566,293567,293568,293569,293570,293571,293572,293573,293574,293575,293576,293577,293578,293579
29,2901,'H59S000I-81-I',293580,293581,293582,293583,293584,293585,293586,293587,293588,293589,293590,293591,293592,293593,293594,293595,293596,293597,293598,293599,293600,293601,293602,293603,293604,293605,293606,293607,293608,293609,293610,293611,293612
29,2901,'H59S000S-80-S',293613,293614,293615,293616,293617,293618,293619,293620,293621,293622,293623,293624,293625,293626,293627,293628,293629,293630,293631,293632,293633,293634,293635,293636,293637,293638,293639,293640,293641,293642,293643,293644,293645,293646
29,2901,'H59S100F-80-F1',293647,293648,293649,293650,293651,293652,293653,293654,293655,293656,293657,293658,293659,293660,293661,293662,293663,293664,293665,293666,293667,293668,293669,293670,293671,293672,293673,293674,293675,293676,293677,293678,293679
29,2901,'H59S200F-80-F2',293680,293681,293682,293683,293684,293685,293686,293687,293688,293689,293690,293691,293692,293693,293694,293695,293696,293697,293698,293699,293700,293701,293702,293703,293704,293705,293706,293707,293708,293709,293710,293711,293712
29,2902,'H59S000A-80-A',293713,293714,293715,293716,293717,293718,293719,293720,293721,293722,293723,293724,293725,293726,293727,293728,293729,293730,293731,293732,293733,293734,293735,293736,293737,293738,293739,293740,293741,293742,293743,293744
29,2902,'H59S000I-81-I',293745,293746,293747,293748,293749,293750,293751,293752,293753,293754,293755,293756,293757,293758,293759,293760,293761,293762,293763,293764,293765,293766,293767,293768,293769,293770,293771,293772,293773,293774,293775
29,2902,'H59S000S-80-S',293776,293777,293778,293779,293780,293781,293782,293783,293784,293785,293786,293787,293788,293789,293790,293791,293792,293793,293794,293795,293796,293797,293798,293799,293800,293801,293802,293803,293804,293805,293806,293807
29,2902,'H59S100F-80-F1',293808,293809,293810,293811,293812,293813,293814,293815,293816,293817,293818,293819,293820,293821,293822,293823,293824,293825,293826,293827,293828,293829,293830,293831,293832,293833,293834,293835,293836,293837,293838
29,2902,'H59S200F-80-F2',293839,293840,293841,293842,293843,293844,293845,293846,293847,293848,293849,293850,293851,293852,293853,293854,293855,293856,293857,293858,293859,293860,293861,293862,293863,293864,293865,293866,293867,293868,293869
31,3103,'H51S000A-80-A',293870,293871,293872,293873,293874,293875,293876,293877,293878,293879,293880,293881,293882,293883,293884,293885,293886,293887,293888,293889,293890,293891,293892,293893,293894,293895,293896,293897,293898,293899,293900,293901,293902,293903,293904
31,3103,'H51S000I-80-I',293905,293906,293907,293908,293909,293910,293911,293912,293913,293914,293915,293916,293917,293918,293919,293920,293921,293922,293923,293924,293925,293926,293927,293928,293929,293930,293931,293932,293933,293934,293935,293936,293937,293938,293939,293940
31,3103,'H51S000S-81-S',293941,293942,293943,293944,293945,293946,293947,293948,293949,293950,293951,293952,293953,293954,293955,293956,293957,293958,293959,293960,293961,293962,293963,293964,293965,293966,293967,293968,293969,293970,293971,293972,293973,293974,293975,293976,293977,293978,293979
31,3103,'H51S100F-80-F1',293980,293981,293982,293983,293984,293985,293986,293987,293988,293989,293990,293991,293992,293993,293994,293995,293996,293997,293998,293999,294000,294001,294002,294003,294004,294005,294006,294007,294008,294009,294010,294011,294012,294013,294014,294015
31,3103,'H51S200F-80-F2',294016,294017,294018,294019,294020,294021,294022,294023,294024,294025,294026,294027,294028,294029,294030,294031,294032,294033,294034,294035,294036,294037,294038,294039,294040,294041,294042,294043,294044,294045,294046,294047,294048,294049,294050,294051
31,3104,'H51S000A-80-A',294052,294053,294054,294055,294056,294057,294058,294059,294060,294061,294062,294063,294064,294065,294066,294067,294068,294069,294070,294071,294072,294073,294074,294075,294076,294077,294078,294079,294080,294081,294082,294083,294084,294085,294086
31,3104,'H51S000I-80-I',294087,294088,294089,294090,294091,294092,294093,294094,294095,294096,294097,294098,294099,294100,294101,294102,294103,294104,294105,294106,294107,294108,294109,294110,294111,294112,294113,294114,294115,294116,294117,294118,294119,294120,294121,294122
31,3104,'H51S000S-81-S',294123,294124,294125,294126,294127,294128,294129,294130,294131,294132,294133,294134,294135,294136,294137,294138,294139,294140,294141,294142,294143,294144,294145,294146,294147,294148,294149,294150,294151,294152,294153,294154,294155,294156,294157,294158,294159,294160,294161
31,3104,'H51S100F-80-F1',294162,294163,294164,294165,294166,294167,294168,294169,294170,294171,294172,294173,294174,294175,294176,294177,294178,294179,294180,294181,294182,294183,294184,294185,294186,294187,294188,294189,294190,294191,294192,294193,294194,294195,294196,294197
31,3104,'H51S200F-80-F2',294198,294199,294200,294201,294202,294203,294204,294205,294206,294207,294208,294209,294210,294211,294212,294213,294214,294215,294216,294217,294218,294219,294220,294221,294222,294223,294224,294225,294226,294227,294228,294229,294230,294231,294232,294233
32,3203,'H51S000S-81-S',294234
32,3203,'H54S000A-80-A',294235,294236,294237,294238,294239,294240,294241,294242,294243,294244,294245,294246,294247,294248,294249,294250,294251,294252,294253,294254,294255,294256,294257,294258,294259,294260,294261,294262,294263,294264,294265,294266,294267,294268,294269,294270,294271,294272,294273,294274,294275,294276,294277,294278,294279,294280,294281,294282,294283,294284,294285,294286
32,3203,'H54S000I-80-I',294287,294288,294289,294290,294291,294292,294293,294294,294295,294296,294297,294298,294299,294300,294301,294302,294303,294304,294305,294306,294307,294308,294309,294310,294311,294312,294313,294314,294315,294316,294317,294318,294319,294320,294321,294322,294323,294324,294325,294326,294327,294328,294329,294330,294331,294332,294333,294334,294335
32,3203,'H54S000S-80-S',294336,294337,294338,294339,294340,294341,294342,294343,294344,294345,294346,294347,294348,294349,294350,294351,294352,294353,294354,294355,294356,294357,294358,294359,294360,294361,294362,294363,294364,294365,294366,294367,294368,294369,294370,294371,294372,294373,294374,294375,294376,294377,294378,294379,294380,294381,294382,294383,294384,294385,294386,294387,294388,294389,294390,294391,294392,294393,294394,294395,294396,294397,294398,294399,294400,294401,294402,294403,294404,294405,294406,294407,294408,294409,294410,294411,294412
32,3203,'H54S100F-80-F1',294413,294414,294415,294416,294417,294418,294419,294420,294421,294422,294423,294424,294425,294426,294427,294428,294429,294430,294431,294432,294433,294434,294435,294436,294437,294438,294439,294440,294441,294442,294443,294444,294445,294446,294447,294448,294449,294450,294451,294452,294453,294454,294455,294456,294457,294458,294459,294460,294461
32,3203,'H54S200F-80-F2',294462,294463,294464,294465,294466,294467,294468,294469,294470,294471,294472,294473,294474,294475,294476,294477,294478,294479,294480,294481,294482,294483,294484,294485,294486,294487,294488,294489,294490,294491,294492,294493,294494,294495,294496,294497,294498,294499,294500,294501,294502,294503,294504,294505,294506,294507,294508,294509,294510
32,3203,'H57S000S-80-S',294511
32,3203,'H59S000S-80-S',294512,294513
32,3204,'H51S000S-81-S',294514
32,3204,'H54S000A-80-A',294515,294516,294517,294518,294519,294520,294521,294522,294523,294524,294525,294526,294527,294528,294529,294530,294531,294532,294533,294534,294535,294536,294537,294538,294539,294540,294541,294542,294543,294544,294545,294546,294547,294548,294549,294550,294551,294552,294553,294554,294555,294556,294557,294558,294559,294560,294561,294562,294563,294564,294565,294566
32,3204,'H54S000I-80-I',294567,294568,294569,294570,294571,294572,294573,294574,294575,294576,294577,294578,294579,294580,294581,294582,294583,294584,294585,294586,294587,294588,294589,294590,294591,294592,294593,294594,294595,294596,294597,294598,294599,294600,294601,294602,294603,294604,294605,294606,294607,294608,294609,294610,294611,294612,294613,294614,294615
32,3204,'H54S000S-80-S',294616,294617,294618,294619,294620,294621,294622,294623,294624,294625,294626,294627,294628,294629,294630,294631,294632,294633,294634,294635,294636,294637,294638,294639,294640,294641,294642,294643,294644,294645,294646,294647,294648,294649,294650,294651,294652,294653,294654,294655,294656,294657,294658,294659,294660,294661,294662,294663,294664,294665,294666,294667,294668,294669,294670,294671,294672,294673,294674,294675,294676,294677,294678,294679,294680,294681,294682,294683,294684,294685
32,3204,'H54S100F-80-F1',294686,294687,294688,294689,294690,294691,294692,294693,294694,294695,294696,294697,294698,294699,294700,294701,294702,294703,294704,294705,294706,294707,294708,294709,294710,294711,294712,294713,294714,294715,294716,294717,294718,294719,294720,294721,294722,294723,294724,294725,294726,294727,294728,294729,294730,294731,294732,294733,294734
32,3204,'H54S200F-80-F2',294735,294736,294737,294738,294739,294740,294741,294742,294743,294744,294745,294746,294747,294748,294749,294750,294751,294752,294753,294754,294755,294756,294757,294758,294759,294760,294761,294762,294763,294764,294765,294766,294767,294768,294769,294770,294771,294772,294773,294774,294775,294776,294777,294778,294779,294780,294781,294782,294783
32,3204,'H57S000S-80-S',294784
32,3204,'H59S000S-80-S',294785,294786
33,3303,'H54S000A-80-A',294787,294788,294789,294790,294791,294792,294793,294794,294795,294796,294797,294798,294799,294800,294801,294802,294803,294804,294805,294806,294807,294808,294809,294810,294811,294812,294813,294814,294815,294816,294817,294818,294819,294820,294821,294822,294823,294824,294825,294826,294827,294828,294829,294830,294831,294832,294833,294834,294835,294836,294837,294838,294839,294840,294841,294842,294843,294844,294845,294846,294847,294848,294849,294850,294851,294852,294853,294854,294855,294856,294857,294858,294859,294860,294861,294862,294863
33,3303,'H54S000I-80-I',294864,294865,294866,294867,294868,294869,294870,294871,294872,294873,294874,294875,294876,294877,294878,294879,294880,294881,294882,294883,294884,294885,294886,294887,294888,294889,294890,294891,294892,294893,294894,294895,294896,294897,294898,294899,294900,294901,294902,294903,294904,294905,294906,294907,294908,294909,294910,294911,294912,294913,294914,294915,294916,294917,294918,294919,294920,294921,294922,294923,294924,294925,294926,294927,294928
33,3303,'H54S000S-80-S',294929,294930,294931,294932,294933,294934,294935,294936,294937,294938,294939,294940,294941,294942,294943,294944,294945,294946,294947,294948,294949,294950,294951,294952,294953,294954,294955,294956,294957,294958,294959,294960,294961,294962,294963,294964,294965,294966,294967,294968,294969,294970,294971,294972,294973,294974,294975,294976,294977,294978,294979,294980,294981,294982,294983,294984,294985,294986,294987,294988,294989,294990,294991,294992,294993,294994,294995,294996,294997,294998,294999,295000,295001,295002,295003,295004,295005,295006,295007,295008,295009,295010,295011,295012,295013,295014,295015,295016,295017,295018,295019
33,3303,'H54S100F-80-F1',295020,295021,295022,295023,295024,295025,295026,295027,295028,295029,295030,295031,295032,295033,295034,295035,295036,295037,295038,295039,295040,295041,295042,295043,295044,295045,295046,295047,295048,295049,295050,295051,295052,295053,295054,295055,295056,295057,295058,295059,295060,295061,295062,295063,295064,295065,295066,295067,295068,295069,295070,295071,295072,295073,295074,295075,295076,295077,295078,295079,295080,295081,295082,295083,295084
33,3303,'H54S200F-80-F2',295085,295086,295087,295088,295089,295090,295091,295092,295093,295094,295095,295096,295097,295098,295099,295100,295101,295102,295103,295104,295105,295106,295107,295108,295109,295110,295111,295112,295113,295114,295115,295116,295117,295118,295119,295120,295121,295122,295123,295124,295125,295126,295127,295128,295129,295130,295131,295132,295133,295134,295135,295136,295137,295138,295139,295140,295141,295142,295143,295144,295145,295146,295147,295148,295149
33,3303,'H57S000S-80-S',295150,295151
33,3303,'H59S000S-80-S',295152,295153
33,3304,'H50S000S-82-S',295154
33,3304,'H54S000A-80-A',295155,295156,295157,295158,295159,295160,295161,295162,295163,295164,295165,295166,295167,295168,295169,295170,295171,295172,295173,295174,295175,295176,295177,295178,295179,295180,295181,295182,295183,295184,295185,295186,295187,295188,295189,295190,295191,295192,295193,295194,295195,295196,295197,295198,295199,295200,295201,295202,295203,295204,295205,295206,295207,295208,295209,295210,295211,295212,295213,295214,295215,295216,295217,295218,295219,295220,295221,295222,295223,295224,295225,295226,295227,295228,295229,295230
33,3304,'H54S000I-80-I',295231,295232,295233,295234,295235,295236,295237,295238,295239,295240,295241,295242,295243,295244,295245,295246,295247,295248,295249,295250,295251,295252,295253,295254,295255,295256,295257,295258,295259,295260,295261,295262,295263,295264,295265,295266,295267,295268,295269,295270,295271,295272,295273,295274,295275,295276,295277,295278,295279,295280,295281,295282,295283,295284,295285,295286,295287,295288,295289,295290,295291,295292,295293
33,3304,'H54S000S-80-S',295294,295295,295296,295297,295298,295299,295300,295301,295302,295303,295304,295305,295306,295307,295308,295309,295310,295311,295312,295313,295314,295315,295316,295317,295318,295319,295320,295321,295322,295323,295324,295325,295326,295327,295328,295329,295330,295331,295332,295333,295334,295335,295336,295337,295338,295339,295340,295341,295342,295343,295344,295345,295346,295347,295348,295349,295350,295351,295352,295353,295354,295355,295356,295357,295358,295359,295360,295361,295362,295363,295364,295365,295366,295367,295368,295369,295370,295371,295372,295373,295374,295375,295376,295377,295378,295379,295380,295381
33,3304,'H54S100F-80-F1',295382,295383,295384,295385,295386,295387,295388,295389,295390,295391,295392,295393,295394,295395,295396,295397,295398,295399,295400,295401,295402,295403,295404,295405,295406,295407,295408,295409,295410,295411,295412,295413,295414,295415,295416,295417,295418,295419,295420,295421,295422,295423,295424,295425,295426,295427,295428,295429,295430,295431,295432,295433,295434,295435,295436,295437,295438,295439,295440,295441,295442,295443,295444
33,3304,'H54S200F-80-F2',295445,295446,295447,295448,295449,295450,295451,295452,295453,295454,295455,295456,295457,295458,295459,295460,295461,295462,295463,295464,295465,295466,295467,295468,295469,295470,295471,295472,295473,295474,295475,295476,295477,295478,295479,295480,295481,295482,295483,295484,295485,295486,295487,295488,295489,295490,295491,295492,295493,295494,295495,295496,295497,295498,295499,295500,295501,295502,295503,295504,295505,295506,295507
33,3304,'H57S000S-80-S',295508,295509,295510
33,3304,'H59S000S-80-S',295511
34,3401,'H59S000A-80-A',295512,295513,295514,295515,295516,295517,295518,295519,295520,295521,295522,295523,295524,295525,295526,295527,295528,295529,295530,295531,295532,295533,295534,295535,295536,295537,295538,295539,295540,295541,295542,295543,295544,295545,295546,295547,295548,295549,295550,295551,295552,295553,295554,295555
34,3401,'H59S000I-81-I',295556,295557,295558,295559,295560,295561,295562,295563,295564,295565,295566,295567,295568,295569,295570,295571,295572,295573,295574,295575,295576,295577,295578,295579,295580,295581,295582,295583,295584,295585,295586,295587,295588,295589,295590,295591,295592,295593,295594,295595,295596
34,3401,'H59S000S-80-S',295597,295598,295599,295600,295601,295602,295603,295604,295605,295606,295607,295608,295609,295610,295611,295612,295613,295614,295615,295616,295617,295618,295619,295620,295621,295622,295623,295624,295625,295626,295627,295628,295629,295630,295631,295632,295633,295634,295635,295636,295637,295638,295639,295640,295641,295642,295643,295644,295645,295646
34,3401,'H59S100F-80-F1',295647,295648,295649,295650,295651,295652,295653,295654,295655,295656,295657,295658,295659,295660,295661,295662,295663,295664,295665,295666,295667,295668,295669,295670,295671,295672,295673,295674,295675,295676,295677,295678,295679,295680,295681,295682,295683,295684,295685,295686,295687
34,3401,'H59S200F-80-F2',295688,295689,295690,295691,295692,295693,295694,295695,295696,295697,295698,295699,295700,295701,295702,295703,295704,295705,295706,295707,295708,295709,295710,295711,295712,295713,295714,295715,295716,295717,295718,295719,295720,295721,295722,295723,295724,295725,295726,295727,295728
34,3402,'H59S000A-80-A',295729,295730,295731,295732,295733,295734,295735,295736,295737,295738,295739,295740,295741,295742,295743,295744,295745,295746,295747,295748,295749,295750,295751,295752,295753,295754,295755,295756,295757,295758,295759,295760,295761,295762,295763,295764,295765,295766,295767,295768,295769,295770,295771
34,3402,'H59S000I-81-I',295772,295773,295774,295775,295776,295777,295778,295779,295780,295781,295782,295783,295784,295785,295786,295787,295788,295789,295790,295791,295792,295793,295794,295795,295796,295797,295798,295799,295800,295801,295802,295803,295804,295805,295806,295807,295808,295809,295810,295811,295812
34,3402,'H59S000S-80-S',295813,295814,295815,295816,295817,295818,295819,295820,295821,295822,295823,295824,295825,295826,295827,295828,295829,295830,295831,295832,295833,295834,295835,295836,295837,295838,295839,295840,295841,295842,295843,295844,295845,295846,295847,295848,295849,295850,295851,295852,295853,295854,295855
34,3402,'H59S100F-80-F1',295856,295857,295858,295859,295860,295861,295862,295863,295864,295865,295866,295867,295868,295869,295870,295871,295872,295873,295874,295875,295876,295877,295878,295879,295880,295881,295882,295883,295884,295885,295886,295887,295888,295889,295890,295891,295892,295893,295894,295895,295896
34,3402,'H59S200F-80-F2',295897,295898,295899,295900,295901,295902,295903,295904,295905,295906,295907,295908,295909,295910,295911,295912,295913,295914,295915,295916,295917,295918,295919,295920,295921,295922,295923,295924,295925,295926,295927,295928,295929,295930,295931,295932,295933,295934,295935,295936,295937
35,3501,'H56S000A-80-A',295938,295939,295940,295941,295942,295943,295944,295945,295946,295947,295948,295949,295950,295951,295952,295953,295954,295955,295956,295957,295958,295959,295960,295961,295962,295963,295964,295965,295966,295967,295968,295969,295970,295971
35,3501,'H56S000I-80-I',295972,295973,295974,295975,295976,295977,295978,295979,295980,295981,295982,295983,295984,295985,295986,295987,295988,295989,295990,295991,295992,295993,295994,295995,295996,295997,295998,295999,296000,296001,296002,296003,296004,296005
35,3501,'H56S000S-82-S',296006,296007,296008,296009,296010,296011,296012,296013,296014,296015,296016,296017,296018,296019,296020,296021,296022,296023,296024,296025,296026,296027,296028,296029,296030,296031,296032,296033,296034,296035,296036,296037,296038,296039,296040,296041,296042,296043
35,3501,'H56S100F-80-F1',296044,296045,296046,296047,296048,296049,296050,296051,296052,296053,296054,296055,296056,296057,296058,296059,296060,296061,296062,296063,296064,296065,296066,296067,296068,296069,296070,296071,296072,296073,296074,296075,296076,296077
35,3501,'H56S200F-80-F2',296078,296079,296080,296081,296082,296083,296084,296085,296086,296087,296088,296089,296090,296091,296092,296093,296094,296095,296096,296097,296098,296099,296100,296101,296102,296103,296104,296105,296106,296107,296108,296109,296110,296111
35,3502,'H56S000A-80-A',296112,296113,296114,296115,296116,296117,296118,296119,296120,296121,296122,296123,296124,296125,296126,296127,296128,296129,296130,296131,296132,296133,296134,296135,296136,296137,296138,296139,296140,296141,296142,296143,296144,296145
35,3502,'H56S000I-80-I',296146,296147,296148,296149,296150,296151,296152,296153,296154,296155,296156,296157,296158,296159,296160,296161,296162,296163,296164,296165,296166,296167,296168,296169,296170,296171,296172,296173,296174,296175,296176,296177,296178,296179
35,3502,'H56S000S-82-S',296180,296181,296182,296183,296184,296185,296186,296187,296188,296189,296190,296191,296192,296193,296194,296195,296196,296197,296198,296199,296200,296201,296202,296203,296204,296205,296206,296207,296208,296209,296210,296211,296212,296213,296214,296215
35,3502,'H56S100F-80-F1',296216,296217,296218,296219,296220,296221,296222,296223,296224,296225,296226,296227,296228,296229,296230,296231,296232,296233,296234,296235,296236,296237,296238,296239,296240,296241,296242,296243,296244,296245,296246,296247,296248,296249
35,3502,'H56S200F-80-F2',296250,296251,296252,296253,296254,296255,296256,296257,296258,296259,296260,296261,296262,296263,296264,296265,296266,296267,296268,296269,296270,296271,296272,296273,296274,296275,296276,296277,296278,296279,296280,296281,296282,296283
36,3601,'H56S000A-80-A',296284,296285,296286,296287,296288,296289,296290,296291,296292,296293,296294,296295,296296,296297,296298,296299,296300,296301,296302,296303,296304,296305,296306,296307,296308,296309,296310,296311,296312,296313,296314,296315,296316,296317,296318,296319,296320,296321
36,3601,'H56S000I-80-I',296322,296323,296324,296325,296326,296327,296328,296329,296330,296331,296332,296333,296334,296335,296336,296337,296338,296339,296340,296341,296342,296343,296344,296345,296346,296347,296348,296349,296350,296351,296352,296353,296354,296355,296356,296357,296358,296359
36,3601,'H56S000S-82-S',296360,296361,296362,296363,296364,296365,296366,296367,296368,296369,296370,296371,296372,296373,296374,296375,296376,296377,296378,296379,296380,296381,296382,296383,296384,296385,296386,296387,296388,296389,296390,296391,296392,296393,296394,296395,296396,296397,296398,296399,296400,296401,296402,296403,296404,296405,296406,296407,296408,296409,296410,296411,296412
36,3601,'H56S100F-80-F1',296413,296414,296415,296416,296417,296418,296419,296420,296421,296422,296423,296424,296425,296426,296427,296428,296429,296430,296431,296432,296433,296434,296435,296436,296437,296438,296439,296440,296441,296442,296443,296444,296445,296446,296447,296448,296449,296450
36,3601,'H56S200F-80-F2',296451,296452,296453,296454,296455,296456,296457,296458,296459,296460,296461,296462,296463,296464,296465,296466,296467,296468,296469,296470,296471,296472,296473,296474,296475,296476,296477,296478,296479,296480,296481,296482,296483,296484,296485,296486,296487,296488
36,3602,'H56S000A-80-A',296489,296490,296491,296492,296493,296494,296495,296496,296497,296498,296499,296500,296501,296502,296503,296504,296505,296506,296507,296508,296509,296510,296511,296512,296513,296514,296515,296516,296517,296518,296519,296520,296521,296522,296523,296524,296525,296526,296527
36,3602,'H56S000I-80-I',296528,296529,296530,296531,296532,296533,296534,296535,296536,296537,296538,296539,296540,296541,296542,296543,296544,296545,296546,296547,296548,296549,296550,296551,296552,296553,296554,296555,296556,296557,296558,296559,296560,296561,296562,296563,296564,296565,296566
36,3602,'H56S000S-82-S',296567,296568,296569,296570,296571,296572,296573,296574,296575,296576,296577,296578,296579,296580,296581,296582,296583,296584,296585,296586,296587,296588,296589,296590,296591,296592,296593,296594,296595,296596,296597,296598,296599,296600,296601,296602,296603,296604,296605,296606,296607,296608,296609,296610,296611,296612,296613,296614,296615,296616,296617,296618
36,3602,'H56S100F-80-F1',296619,296620,296621,296622,296623,296624,296625,296626,296627,296628,296629,296630,296631,296632,296633,296634,296635,296636,296637,296638,296639,296640,296641,296642,296643,296644,296645,296646,296647,296648,296649,296650,296651,296652,296653,296654,296655,296656,296657
36,3602,'H56S200F-80-F2',296658,296659,296660,296661,296662,296663,296664,296665,296666,296667,296668,296669,296670,296671,296672,296673,296674,296675,296676,296677,296678,296679,296680,296681,296682,296683,296684,296685,296686,296687,296688,296689,296690,296691,296692,296693,296694,296695,296696
37,3701,'H56S000A-80-A',296697,296698,296699,296700,296701,296702,296703,296704,296705,296706,296707,296708,296709,296710,296711,296712,296713,296714,296715,296716,296717,296718,296719,296720,296721,296722,296723,296724,296725,296726,296727,296728,296729,296730,296731,296732,296733,296734,296735,296736,296737
37,3701,'H56S000I-80-I',296738,296739,296740,296741,296742,296743,296744,296745,296746,296747,296748,296749,296750,296751,296752,296753,296754,296755,296756,296757,296758,296759,296760,296761,296762,296763,296764,296765,296766,296767,296768,296769,296770,296771,296772,296773,296774,296775,296776,296777
37,3701,'H56S000S-82-S',296778,296779,296780,296781,296782,296783,296784,296785,296786,296787,296788,296789,296790,296791,296792,296793,296794,296795,296796,296797,296798,296799,296800,296801,296802,296803,296804,296805,296806,296807,296808,296809,296810,296811,296812,296813,296814,296815
37,3701,'H56S100F-80-F1',296816,296817,296818,296819,296820,296821,296822,296823,296824,296825,296826,296827,296828,296829,296830,296831,296832,296833,296834,296835,296836,296837,296838,296839,296840,296841,296842,296843,296844,296845,296846,296847,296848,296849,296850,296851,296852,296853,296854,296855
37,3701,'H56S200F-80-F2',296856,296857,296858,296859,296860,296861,296862,296863,296864,296865,296866,296867,296868,296869,296870,296871,296872,296873,296874,296875,296876,296877,296878,296879,296880,296881,296882,296883,296884,296885,296886,296887,296888,296889,296890,296891,296892,296893,296894,296895
37,3702,'H56S000A-80-A',296896,296897,296898,296899,296900,296901,296902,296903,296904,296905,296906,296907,296908,296909,296910,296911,296912,296913,296914,296915,296916,296917,296918,296919,296920,296921,296922,296923,296924,296925,296926,296927,296928,296929,296930,296931,296932,296933,296934,296935,296936
37,3702,'H56S000I-80-I',296937,296938,296939,296940,296941,296942,296943,296944,296945,296946,296947,296948,296949,296950,296951,296952,296953,296954,296955,296956,296957,296958,296959,296960,296961,296962,296963,296964,296965,296966,296967,296968,296969,296970,296971,296972,296973,296974,296975,296976
37,3702,'H56S000S-82-S',296977,296978,296979,296980,296981,296982,296983,296984,296985,296986,296987,296988,296989,296990,296991,296992,296993,296994,296995,296996,296997,296998,296999,297000,297001,297002,297003,297004,297005,297006,297007,297008,297009,297010,297011,297012,297013,297014
37,3702,'H56S100F-80-F1',297015,297016,297017,297018,297019,297020,297021,297022,297023,297024,297025,297026,297027,297028,297029,297030,297031,297032,297033,297034,297035,297036,297037,297038,297039,297040,297041,297042,297043,297044,297045,297046,297047,297048,297049,297050,297051,297052,297053,297054
37,3702,'H56S200F-80-F2',297055,297056,297057,297058,297059,297060,297061,297062,297063,297064,297065,297066,297067,297068,297069,297070,297071,297072,297073,297074,297075,297076,297077,297078,297079,297080,297081,297082,297083,297084,297085,297086,297087,297088,297089,297090,297091,297092,297093,297094
38,3803,'H56S000A-80-A',297095,297096,297097,297098,297099,297100,297101,297102,297103,297104,297105,297106,297107,297108,297109,297110,297111,297112,297113,297114,297115,297116,297117,297118,297119,297120,297121,297122,297123,297124,297125,297126,297127,297128,297129,297130,297131,297132,297133,297134
38,3803,'H56S000I-80-I',297135,297136,297137,297138,297139,297140,297141,297142,297143,297144,297145,297146,297147,297148,297149,297150,297151,297152,297153,297154,297155,297156,297157,297158,297159,297160,297161,297162,297163,297164,297165,297166,297167,297168,297169,297170,297171,297172,297173,297174,297175
38,3803,'H56S000S-82-S',297176,297177,297178,297179,297180,297181,297182,297183,297184,297185,297186,297187,297188,297189,297190,297191,297192,297193,297194,297195,297196,297197,297198,297199,297200,297201,297202,297203,297204,297205,297206,297207,297208,297209,297210,297211,297212,297213,297214,297215,297216
38,3803,'H56S100F-80-F1',297217,297218,297219,297220,297221,297222,297223,297224,297225,297226,297227,297228,297229,297230,297231,297232,297233,297234,297235,297236,297237,297238,297239,297240,297241,297242,297243,297244,297245,297246,297247,297248,297249,297250,297251,297252,297253,297254,297255,297256,297257
38,3803,'H56S200F-80-F2',297258,297259,297260,297261,297262,297263,297264,297265,297266,297267,297268,297269,297270,297271,297272,297273,297274,297275,297276,297277,297278,297279,297280,297281,297282,297283,297284,297285,297286,297287,297288,297289,297290,297291,297292,297293,297294,297295,297296,297297,297298
38,3804,'H56S000A-80-A',297299,297300,297301,297302,297303,297304,297305,297306,297307,297308,297309,297310,297311,297312,297313,297314,297315,297316,297317,297318,297319,297320,297321,297322,297323,297324,297325,297326,297327,297328,297329,297330,297331,297332,297333,297334,297335,297336,297337
38,3804,'H56S000I-80-I',297338,297339,297340,297341,297342,297343,297344,297345,297346,297347,297348,297349,297350,297351,297352,297353,297354,297355,297356,297357,297358,297359,297360,297361,297362,297363,297364,297365,297366,297367,297368,297369,297370,297371,297372,297373,297374,297375,297376,297377
38,3804,'H56S000S-82-S',297378,297379,297380,297381,297382,297383,297384,297385,297386,297387,297388,297389,297390,297391,297392,297393,297394,297395,297396,297397,297398,297399,297400,297401,297402,297403,297404,297405,297406,297407,297408,297409,297410,297411,297412,297413,297414,297415,297416,297417
38,3804,'H56S100F-80-F1',297418,297419,297420,297421,297422,297423,297424,297425,297426,297427,297428,297429,297430,297431,297432,297433,297434,297435,297436,297437,297438,297439,297440,297441,297442,297443,297444,297445,297446,297447,297448,297449,297450,297451,297452,297453,297454,297455,297456,297457
38,3804,'H56S200F-80-F2',297458,297459,297460,297461,297462,297463,297464,297465,297466,297467,297468,297469,297470,297471,297472,297473,297474,297475,297476,297477,297478,297479,297480,297481,297482,297483,297484,297485,297486,297487,297488,297489,297490,297491,297492,297493,297494,297495,297496,297497
39,3901,'H54S000S-80-S',297498,297499,297500,297501,297502,297503,297504,297505,297506,297507,297508,297509
39,3902,'H54S000S-80-S',297510,297511,297512,297513,297514,297515,297516,297517,297518,297519
40,4001,'H54S000S-80-S',297520,297521,297522,297523,297524,297525,297526,297527,297528,297529,297530,297531,297532,297533,297534,297535,297536,297537,297538,297539,297540,297541
40,4002,'H54S000S-80-S',297542,297543,297544,297545,297546,297547,297548,297549,297550,297551,297552,297553,297554,297555,297556,297557,297558,297559,297560,297561,297562,297563,297564
41,4101,'H58S000S-83-S',297565,297566,297567,297568,297569,297570,297571,297572,297573,297574,297575,297576,297577,297578,297579,297580,297581,297582,297583,297584,297585,297586,297587,297588,297589,297590,297591,297592,297593,297594,297595,297596,297597,297598,297599
41,4101,'H58S100F-80-F1',297600,297601,297602,297603,297604,297605,297606,297607,297608,297609,297610,297611,297612,297613,297614,297615,297616,297617,297618
41,4101,'H58S200F-80-F2',297619,297620,297621,297622,297623,297624,297625,297626,297627,297628,297629,297630,297631,297632,297633,297634,297635,297636,297637
41,4102,'H58S000S-83-S',297638,297639,297640,297641,297642,297643,297644,297645,297646,297647,297648,297649,297650,297651,297652,297653,297654,297655,297656,297657,297658,297659,297660,297661,297662,297663,297664,297665,297666,297667,297668,297669,297670,297671,297672,297673,297674
41,4102,'H58S100F-80-F1',297675,297676,297677,297678,297679,297680,297681,297682,297683,297684,297685,297686,297687,297688,297689,297690,297691
41,4102,'H58S200F-80-F2',297692,297693,297694,297695,297696,297697,297698,297699,297700,297701,297702,297703,297704,297705,297706,297707,297708
43,4301,'H58S000A-80-A',297709,297710,297711,297712,297713,297714,297715,297716,297717,297718,297719,297720,297721,297722,297723,297724,297725,297726,297727,297728,297729,297730,297731,297732,297733,297734,297735,297736,297737,297738,297739,297740,297741,297742,297743,297744
43,4301,'H58S000I-80-I',297745,297746,297747,297748,297749,297750,297751,297752,297753,297754,297755,297756,297757,297758,297759,297760,297761,297762,297763,297764,297765,297766,297767,297768,297769,297770,297771,297772,297773,297774,297775,297776,297777,297778,297779
43,4301,'H58S000S-83-S',297780,297781,297782,297783,297784,297785,297786,297787,297788,297789,297790,297791,297792,297793,297794,297795,297796,297797,297798,297799,297800,297801,297802,297803,297804,297805,297806,297807,297808,297809,297810,297811,297812,297813,297814,297815,297816,297817,297818
43,4301,'H58S100F-80-F1',297819,297820,297821,297822,297823,297824,297825,297826,297827,297828,297829,297830,297831,297832,297833,297834,297835,297836,297837,297838,297839,297840,297841,297842,297843,297844,297845,297846,297847,297848,297849,297850,297851,297852,297853,297854,297855,297856
43,4301,'H58S200F-80-F2',297857,297858,297859,297860,297861,297862,297863,297864,297865,297866,297867,297868,297869,297870,297871,297872,297873,297874,297875,297876,297877,297878,297879,297880,297881,297882,297883,297884,297885,297886,297887,297888,297889,297890,297891,297892,297893,297894
43,4302,'H58S000A-80-A',297895,297896,297897,297898,297899,297900,297901,297902,297903,297904,297905,297906,297907,297908,297909,297910,297911,297912,297913,297914,297915,297916,297917,297918,297919,297920,297921,297922,297923,297924,297925,297926,297927,297928,297929,297930,297931
43,4302,'H58S000I-80-I',297932,297933,297934,297935,297936,297937,297938,297939,297940,297941,297942,297943,297944,297945,297946,297947,297948,297949,297950,297951,297952,297953,297954,297955,297956,297957,297958,297959,297960,297961,297962,297963,297964,297965,297966,297967,297968
43,4302,'H58S000S-83-S',297969,297970,297971,297972,297973,297974,297975,297976,297977,297978,297979,297980,297981,297982,297983,297984,297985,297986,297987,297988,297989,297990,297991,297992,297993,297994,297995,297996,297997,297998,297999,298000,298001,298002,298003,298004,298005,298006,298007,298008
43,4302,'H58S100F-80-F1',298009,298010,298011,298012,298013,298014,298015,298016,298017,298018,298019,298020,298021,298022,298023,298024,298025,298026,298027,298028,298029,298030,298031,298032,298033,298034,298035,298036,298037,298038,298039,298040,298041,298042,298043,298044,298045,298046,298047,298048
43,4302,'H58S200F-80-F2',298049,298050,298051,298052,298053,298054,298055,298056,298057,298058,298059,298060,298061,298062,298063,298064,298065,298066,298067,298068,298069,298070,298071,298072,298073,298074,298075,298076,298077,298078,298079,298080,298081,298082,298083,298084,298085,298086,298087,298088
44,4403,'H54S000A-80-A',298089,298090,298091,298092,298093,298094,298095,298096,298097,298098,298099,298100,298101,298102,298103,298104,298105,298106,298107,298108,298109,298110,298111,298112,298113,298114,298115,298116,298117,298118,298119,298120,298121,298122,298123,298124,298125,298126,298127,298128,298129,298130,298131,298132,298133,298134,298135,298136,298137,298138,298139,298140,298141,298142,298143,298144,298145,298146,298147,298148,298149,298150
44,4403,'H54S000I-80-I',298151,298152,298153,298154,298155,298156,298157,298158,298159,298160,298161,298162,298163,298164,298165,298166,298167,298168,298169,298170,298171,298172,298173,298174,298175,298176,298177,298178,298179,298180,298181,298182,298183,298184,298185,298186,298187,298188,298189,298190,298191,298192,298193,298194,298195,298196,298197,298198,298199,298200,298201,298202,298203,298204,298205
44,4403,'H54S000S-80-S',298206,298207,298208,298209,298210,298211,298212,298213,298214,298215,298216,298217,298218,298219,298220,298221,298222,298223,298224,298225,298226,298227,298228,298229,298230,298231,298232,298233,298234,298235,298236,298237,298238,298239,298240,298241,298242,298243,298244,298245,298246,298247,298248,298249,298250,298251,298252,298253,298254,298255,298256,298257,298258,298259,298260,298261,298262,298263,298264,298265,298266,298267,298268,298269,298270,298271,298272,298273,298274,298275,298276,298277,298278,298279
44,4403,'H54S100F-80-F1',298280,298281,298282,298283,298284,298285,298286,298287,298288,298289,298290,298291,298292,298293,298294,298295,298296,298297,298298,298299,298300,298301,298302,298303,298304,298305,298306,298307,298308,298309,298310,298311,298312,298313,298314,298315,298316,298317,298318,298319,298320,298321,298322,298323,298324,298325,298326,298327,298328,298329,298330,298331,298332,298333,298334
44,4403,'H54S200F-80-F2',298335,298336,298337,298338,298339,298340,298341,298342,298343,298344,298345,298346,298347,298348,298349,298350,298351,298352,298353,298354,298355,298356,298357,298358,298359,298360,298361,298362,298363,298364,298365,298366,298367,298368,298369,298370,298371,298372,298373,298374,298375,298376,298377,298378,298379,298380,298381,298382,298383,298384,298385,298386,298387,298388,298389
44,4403,'H58S000S-83-S',298390
44,4404,'H51S000S-81-S',298391,298392
44,4404,'H54S000A-80-A',298393,298394,298395,298396,298397,298398,298399,298400,298401,298402,298403,298404,298405,298406,298407,298408,298409,298410,298411,298412,298413,298414,298415,298416,298417,298418,298419,298420,298421,298422,298423,298424,298425,298426,298427,298428,298429,298430,298431,298432,298433,298434,298435,298436,298437,298438,298439,298440,298441,298442,298443,298444,298445,298446,298447,298448,298449,298450,298451,298452,298453,298454,298455,298456
44,4404,'H54S000I-80-I',298457,298458,298459,298460,298461,298462,298463,298464,298465,298466,298467,298468,298469,298470,298471,298472,298473,298474,298475,298476,298477,298478,298479,298480,298481,298482,298483,298484,298485,298486,298487,298488,298489,298490,298491,298492,298493,298494,298495,298496,298497,298498,298499,298500,298501,298502,298503,298504,298505,298506,298507,298508,298509,298510,298511
44,4404,'H54S000S-80-S',298512,298513,298514,298515,298516,298517,298518,298519,298520,298521,298522,298523,298524,298525,298526,298527,298528,298529,298530,298531,298532,298533,298534,298535,298536,298537,298538,298539,298540,298541,298542,298543,298544,298545,298546,298547,298548,298549,298550,298551,298552,298553,298554,298555,298556,298557,298558,298559,298560,298561,298562,298563,298564,298565,298566,298567,298568,298569,298570,298571,298572,298573,298574,298575,298576
44,4404,'H54S100F-80-F1',298577,298578,298579,298580,298581,298582,298583,298584,298585,298586,298587,298588,298589,298590,298591,298592,298593,298594,298595,298596,298597,298598,298599,298600,298601,298602,298603,298604,298605,298606,298607,298608,298609,298610,298611,298612,298613,298614,298615,298616,298617,298618,298619,298620,298621,298622,298623,298624,298625,298626,298627,298628,298629,298630,298631
44,4404,'H54S200F-80-F2',298632,298633,298634,298635,298636,298637,298638,298639,298640,298641,298642,298643,298644,298645,298646,298647,298648,298649,298650,298651,298652,298653,298654,298655,298656,298657,298658,298659,298660,298661,298662,298663,298664,298665,298666,298667,298668,298669,298670,298671,298672,298673,298674,298675,298676,298677,298678,298679,298680,298681,298682,298683,298684,298685,298686
44,4404,'H58S000S-83-S',298687,298688
45,4503,'H51S000S-81-S',298689
45,4503,'H57S000S-80-S',298690,298691,298692,298693,298694,298695,298696,298697
45,4503,'H58S000A-80-A',298698,298699,298700,298701,298702,298703,298704,298705,298706,298707,298708,298709,298710,298711,298712,298713,298714,298715,298716,298717,298718,298719,298720,298721,298722,298723,298724,298725,298726,298727,298728,298729,298730,298731,298732,298733,298734,298735,298736,298737,298738,298739,298740,298741,298742
45,4503,'H58S000I-80-I',298743,298744,298745,298746,298747,298748,298749,298750,298751,298752,298753,298754,298755,298756,298757,298758,298759,298760,298761,298762,298763,298764,298765,298766,298767,298768,298769,298770,298771,298772,298773,298774,298775,298776,298777,298778,298779,298780,298781
45,4503,'H58S000S-83-S',298782,298783,298784,298785,298786,298787,298788,298789,298790,298791,298792,298793,298794,298795,298796,298797,298798,298799,298800,298801,298802,298803,298804,298805,298806,298807,298808,298809,298810,298811,298812,298813,298814,298815,298816,298817,298818,298819,298820,298821,298822,298823,298824
45,4503,'H58S100F-80-F1',298825,298826,298827,298828,298829,298830,298831,298832,298833,298834,298835,298836,298837,298838,298839,298840,298841,298842,298843,298844,298845,298846,298847,298848,298849,298850,298851,298852,298853,298854,298855,298856,298857,298858,298859,298860,298861,298862,298863
45,4503,'H58S200F-80-F2',298864,298865,298866,298867,298868,298869,298870,298871,298872,298873,298874,298875,298876,298877,298878,298879,298880,298881,298882,298883,298884,298885,298886,298887,298888,298889,298890,298891,298892,298893,298894,298895,298896,298897,298898,298899,298900,298901,298902
45,4503,'H59S000S-80-S',298903,298904,298905,298906,298907
45,4504,'H57S000S-80-S',298908,298909,298910,298911,298912,298913
45,4504,'H58S000A-80-A',298914,298915,298916,298917,298918,298919,298920,298921,298922,298923,298924,298925,298926,298927,298928,298929,298930,298931,298932,298933,298934,298935,298936,298937,298938,298939,298940,298941,298942,298943,298944,298945,298946,298947,298948,298949,298950,298951,298952,298953,298954,298955,298956
45,4504,'H58S000I-80-I',298957,298958,298959,298960,298961,298962,298963,298964,298965,298966,298967,298968,298969,298970,298971,298972,298973,298974,298975,298976,298977,298978,298979,298980,298981,298982,298983,298984,298985,298986,298987,298988,298989,298990,298991,298992,298993,298994,298995
45,4504,'H58S000S-83-S',298996,298997,298998,298999,299000,299001,299002,299003,299004,299005,299006,299007,299008,299009,299010,299011,299012,299013,299014,299015,299016,299017,299018,299019,299020,299021,299022,299023,299024,299025,299026,299027,299028,299029,299030,299031,299032,299033,299034,299035,299036,299037,299038,299039,299040
45,4504,'H58S100F-80-F1',299041,299042,299043,299044,299045,299046,299047,299048,299049,299050,299051,299052,299053,299054,299055,299056,299057,299058,299059,299060,299061,299062,299063,299064,299065,299066,299067,299068,299069,299070,299071,299072,299073,299074,299075,299076,299077,299078,299079
45,4504,'H58S200F-80-F2',299080,299081,299082,299083,299084,299085,299086,299087,299088,299089,299090,299091,299092,299093,299094,299095,299096,299097,299098,299099,299100,299101,299102,299103,299104,299105,299106,299107,299108,299109,299110,299111,299112,299113,299114,299115,299116,299117,299118
45,4504,'H59S000S-80-S',299119,299120,299121,299122,299123
47,4701,'H57S000A-80-A',299124,299125,299126,299127,299128,299129,299130,299131,299132,299133,299134,299135,299136,299137,299138,299139,299140,299141,299142,299143,299144,299145,299146,299147,299148,299149,299150,299151,299152,299153,299154,299155,299156,299157,299158,299159,299160,299161,299162,299163
47,4701,'H57S000I-80-I',299164,299165,299166,299167,299168,299169,299170,299171,299172,299173,299174,299175,299176,299177,299178,299179,299180,299181,299182,299183,299184,299185,299186,299187,299188,299189,299190,299191,299192,299193,299194,299195,299196,299197,299198,299199,299200,299201,299202,299203,299204
47,4701,'H57S000S-80-S',299205,299206,299207,299208,299209,299210,299211,299212,299213,299214,299215,299216,299217,299218,299219,299220,299221,299222,299223,299224,299225,299226,299227,299228,299229,299230,299231,299232,299233,299234,299235,299236,299237,299238,299239,299240,299241,299242,299243,299244,299245,299246,299247,299248
47,4701,'H57S100F-80-F1',299249,299250,299251,299252,299253,299254,299255,299256,299257,299258,299259,299260,299261,299262,299263,299264,299265,299266,299267,299268,299269,299270,299271,299272,299273,299274,299275,299276,299277,299278,299279,299280,299281,299282,299283,299284,299285,299286,299287,299288,299289
47,4701,'H57S200F-80-F2',299290,299291,299292,299293,299294,299295,299296,299297,299298,299299,299300,299301,299302,299303,299304,299305,299306,299307,299308,299309,299310,299311,299312,299313,299314,299315,299316,299317,299318,299319,299320,299321,299322,299323,299324,299325,299326,299327,299328,299329,299330
47,4702,'H57S000A-80-A',299331,299332,299333,299334,299335,299336,299337,299338,299339,299340,299341,299342,299343,299344,299345,299346,299347,299348,299349,299350,299351,299352,299353,299354,299355,299356,299357,299358,299359,299360,299361,299362,299363,299364,299365,299366,299367,299368,299369
47,4702,'H57S000I-80-I',299370,299371,299372,299373,299374,299375,299376,299377,299378,299379,299380,299381,299382,299383,299384,299385,299386,299387,299388,299389,299390,299391,299392,299393,299394,299395,299396,299397,299398,299399,299400,299401,299402,299403,299404,299405,299406,299407,299408
47,4702,'H57S000S-80-S',299409,299410,299411,299412,299413,299414,299415,299416,299417,299418,299419,299420,299421,299422,299423,299424,299425,299426,299427,299428,299429,299430,299431,299432,299433,299434,299435,299436,299437,299438,299439,299440,299441,299442,299443,299444,299445,299446,299447,299448,299449,299450
47,4702,'H57S100F-80-F1',299451,299452,299453,299454,299455,299456,299457,299458,299459,299460,299461,299462,299463,299464,299465,299466,299467,299468,299469,299470,299471,299472,299473,299474,299475,299476,299477,299478,299479,299480,299481,299482,299483,299484,299485,299486,299487,299488,299489
47,4702,'H57S200F-80-F2',299490,299491,299492,299493,299494,299495,299496,299497,299498,299499,299500,299501,299502,299503,299504,299505,299506,299507,299508,299509,299510,299511,299512,299513,299514,299515,299516,299517,299518,299519,299520,299521,299522,299523,299524,299525,299526,299527,299528
48,4801,'H54S000S-80-S',299529,299530
48,4801,'H58S000A-80-A',299531,299532,299533,299534,299535,299536,299537,299538,299539,299540,299541,299542,299543,299544,299545,299546,299547,299548,299549,299550,299551,299552,299553,299554,299555,299556,299557,299558,299559,299560,299561,299562,299563,299564,299565,299566,299567,299568,299569,299570,299571,299572,299573,299574,299575,299576,299577,299578,299579,299580,299581,299582,299583,299584,299585,299586,299587,299588,299589,299590,299591,299592,299593,299594,299595,299596,299597,299598,299599,299600,299601,299602,299603,299604,299605,299606,299607,299608
48,4801,'H58S000I-80-I',299609,299610,299611,299612,299613,299614,299615,299616,299617,299618,299619,299620,299621,299622,299623,299624,299625,299626,299627,299628,299629,299630,299631,299632,299633,299634,299635,299636,299637,299638,299639,299640,299641,299642,299643,299644,299645,299646,299647,299648,299649,299650,299651,299652,299653,299654,299655,299656,299657,299658,299659,299660,299661,299662,299663,299664,299665,299666,299667,299668,299669,299670,299671,299672,299673,299674,299675
48,4801,'H58S000S-83-S',299676,299677,299678,299679,299680,299681,299682,299683,299684,299685,299686,299687,299688,299689,299690,299691,299692,299693,299694,299695,299696,299697,299698,299699,299700,299701,299702,299703,299704,299705,299706,299707,299708,299709,299710,299711,299712,299713,299714,299715,299716,299717,299718,299719,299720,299721,299722,299723,299724,299725,299726,299727,299728,299729,299730,299731,299732,299733,299734,299735,299736,299737,299738,299739,299740,299741,299742,299743,299744,299745,299746,299747,299748,299749,299750,299751,299752,299753,299754,299755,299756,299757,299758,299759,299760,299761,299762,299763,299764,299765,299766,299767,299768,299769
48,4801,'H58S100F-80-F1',299770,299771,299772,299773,299774,299775,299776,299777,299778,299779,299780,299781,299782,299783,299784,299785,299786,299787,299788,299789,299790,299791,299792,299793,299794,299795,299796,299797,299798,299799,299800,299801,299802,299803,299804,299805,299806,299807,299808,299809,299810,299811,299812,299813,299814,299815,299816,299817,299818,299819,299820,299821,299822,299823,299824,299825,299826,299827,299828,299829,299830,299831,299832,299833,299834,299835,299836
48,4801,'H58S200F-80-F2',299837,299838,299839,299840,299841,299842,299843,299844,299845,299846,299847,299848,299849,299850,299851,299852,299853,299854,299855,299856,299857,299858,299859,299860,299861,299862,299863,299864,299865,299866,299867,299868,299869,299870,299871,299872,299873,299874,299875,299876,299877,299878,299879,299880,299881,299882,299883,299884,299885,299886,299887,299888,299889,299890,299891,299892,299893,299894,299895,299896,299897,299898,299899,299900,299901,299902,299903
48,4802,'H54S000S-80-S',299904
48,4802,'H57S000S-80-S',299905,299906
48,4802,'H58S000A-80-A',299907,299908,299909,299910,299911,299912,299913,299914,299915,299916,299917,299918,299919,299920,299921,299922,299923,299924,299925,299926,299927,299928,299929,299930,299931,299932,299933,299934,299935,299936,299937,299938,299939,299940,299941,299942,299943,299944,299945,299946,299947,299948,299949,299950,299951,299952,299953,299954,299955,299956,299957,299958,299959,299960,299961,299962,299963,299964,299965,299966,299967,299968,299969,299970,299971,299972,299973,299974,299975,299976,299977,299978,299979,299980,299981,299982
48,4802,'H58S000I-80-I',299983,299984,299985,299986,299987,299988,299989,299990,299991,299992,299993,299994,299995,299996,299997,299998,299999,300000,300001,300002,300003,300004,300005,300006,300007,300008,300009,300010,300011,300012,300013,300014,300015,300016,300017,300018,300019,300020,300021,300022,300023,300024,300025,300026,300027,300028,300029,300030,300031,300032,300033,300034,300035,300036,300037,300038,300039,300040,300041,300042,300043,300044,300045,300046,300047,300048
48,4802,'H58S000S-83-S',300049,300050,300051,300052,300053,300054,300055,300056,300057,300058,300059,300060,300061,300062,300063,300064,300065,300066,300067,300068,300069,300070,300071,300072,300073,300074,300075,300076,300077,300078,300079,300080,300081,300082,300083,300084,300085,300086,300087,300088,300089,300090,300091,300092,300093,300094,300095,300096,300097,300098,300099,300100,300101,300102,300103,300104,300105,300106,300107,300108,300109,300110,300111,300112,300113,300114,300115,300116,300117,300118,300119,300120,300121,300122,300123,300124,300125,300126,300127,300128,300129,300130,300131,300132,300133,300134,300135,300136,300137,300138,300139
48,4802,'H58S100F-80-F1',300140,300141,300142,300143,300144,300145,300146,300147,300148,300149,300150,300151,300152,300153,300154,300155,300156,300157,300158,300159,300160,300161,300162,300163,300164,300165,300166,300167,300168,300169,300170,300171,300172,300173,300174,300175,300176,300177,300178,300179,300180,300181,300182,300183,300184,300185,300186,300187,300188,300189,300190,300191,300192,300193,300194,300195,300196,300197,300198,300199,300200,300201,300202,300203,300204,300205
48,4802,'H58S200F-80-F2',300206,300207,300208,300209,300210,300211,300212,300213,300214,300215,300216,300217,300218,300219,300220,300221,300222,300223,300224,300225,300226,300227,300228,300229,300230,300231,300232,300233,300234,300235,300236,300237,300238,300239,300240,300241,300242,300243,300244,300245,300246,300247,300248,300249,300250,300251,300252,300253,300254,300255,300256,300257,300258,300259,300260,300261,300262,300263,300264,300265,300266,300267,300268,300269,300270,300271
48,4802,'H59S000S-80-S',300272
49,4901,'H54S000S-80-S',300273,300274,300275,300276
49,4901,'H57S000S-80-S',300277,300278,300279,300280
49,4901,'H58S000A-80-A',300281,300282,300283,300284,300285,300286,300287,300288,300289,300290,300291,300292,300293,300294,300295,300296,300297,300298,300299,300300,300301,300302,300303,300304,300305,300306,300307,300308,300309,300310,300311,300312,300313,300314,300315,300316,300317,300318,300319,300320,300321,300322,300323,300324,300325,300326,300327,300328,300329,300330,300331,300332,300333,300334,300335,300336,300337,300338,300339,300340,300341,300342,300343,300344
49,4901,'H58S000I-80-I',300345,300346,300347,300348,300349,300350,300351,300352,300353,300354,300355,300356,300357,300358,300359,300360,300361,300362,300363,300364,300365,300366,300367,300368,300369,300370,300371,300372,300373,300374,300375,300376,300377,300378,300379,300380,300381,300382,300383,300384,300385,300386,300387,300388,300389,300390,300391,300392,300393,300394,300395,300396,300397,300398
49,4901,'H58S000S-83-S',300399,300400,300401,300402,300403,300404,300405,300406,300407,300408,300409,300410,300411,300412,300413,300414,300415,300416,300417,300418,300419,300420,300421,300422,300423,300424,300425,300426,300427,300428,300429,300430,300431,300432,300433,300434,300435,300436,300437,300438,300439,300440,300441,300442,300443,300444,300445,300446,300447,300448,300449,300450,300451,300452,300453,300454,300455,300456,300457,300458,300459,300460,300461,300462,300463,300464,300465,300466,300467,300468,300469,300470,300471,300472,300473,300474,300475,300476,300477,300478,300479,300480,300481,300482
49,4901,'H58S100F-80-F1',300483,300484,300485,300486,300487,300488,300489,300490,300491,300492,300493,300494,300495,300496,300497,300498,300499,300500,300501,300502,300503,300504,300505,300506,300507,300508,300509,300510,300511,300512,300513,300514,300515,300516,300517,300518,300519,300520,300521,300522,300523,300524,300525,300526,300527,300528,300529,300530,300531,300532,300533,300534,300535,300536,300537,300538,300539,300540,300541,300542,300543,300544,300545
49,4901,'H58S200F-80-F2',300546,300547,300548,300549,300550,300551,300552,300553,300554,300555,300556,300557,300558,300559,300560,300561,300562,300563,300564,300565,300566,300567,300568,300569,300570,300571,300572,300573,300574,300575,300576,300577,300578,300579,300580,300581,300582,300583,300584,300585,300586,300587,300588,300589,300590,300591,300592,300593,300594,300595,300596,300597,300598,300599,300600,300601,300602,300603,300604,300605,300606,300607,300608
49,4902,'H54S000S-80-S',300609
49,4902,'H57S000S-80-S',300610
49,4902,'H58S000A-80-A',300611,300612,300613,300614,300615,300616,300617,300618,300619,300620,300621,300622,300623,300624,300625,300626,300627,300628,300629,300630,300631,300632,300633,300634,300635,300636,300637,300638,300639,300640,300641,300642,300643,300644,300645,300646,300647,300648,300649,300650,300651,300652,300653,300654,300655,300656,300657,300658,300659,300660,300661,300662,300663,300664,300665,300666,300667,300668,300669,300670,300671,300672,300673
49,4902,'H58S000I-80-I',300674,300675,300676,300677,300678,300679,300680,300681,300682,300683,300684,300685,300686,300687,300688,300689,300690,300691,300692,300693,300694,300695,300696,300697,300698,300699,300700,300701,300702,300703,300704,300705,300706,300707,300708,300709,300710,300711,300712,300713,300714,300715,300716,300717,300718,300719,300720,300721,300722
49,4902,'H58S000S-83-S',300723,300724,300725,300726,300727,300728,300729,300730,300731,300732,300733,300734,300735,300736,300737,300738,300739,300740,300741,300742,300743,300744,300745,300746,300747,300748,300749,300750,300751,300752,300753,300754,300755,300756,300757,300758,300759,300760,300761,300762,300763,300764,300765,300766,300767,300768,300769,300770,300771,300772,300773,300774,300775,300776,300777,300778,300779,300780,300781,300782,300783,300784,300785,300786,300787,300788,300789,300790,300791,300792,300793,300794,300795,300796,300797,300798,300799,300800,300801
49,4902,'H58S100F-80-F1',300802,300803,300804,300805,300806,300807,300808,300809,300810,300811,300812,300813,300814,300815,300816,300817,300818,300819,300820,300821,300822,300823,300824,300825,300826,300827,300828,300829,300830,300831,300832,300833,300834,300835,300836,300837,300838,300839,300840,300841,300842,300843,300844,300845,300846,300847,300848,300849,300850,300851,300852,300853,300854,300855,300856,300857,300858,300859,300860,300861,300862,300863
49,4902,'H58S200F-80-F2',300864,300865,300866,300867,300868,300869,300870,300871,300872,300873,300874,300875,300876,300877,300878,300879,300880,300881,300882,300883,300884,300885,300886,300887,300888,300889,300890,300891,300892,300893,300894,300895,300896,300897,300898,300899,300900,300901,300902,300903,300904,300905,300906,300907,300908,300909,300910,300911,300912,300913,300914,300915,300916,300917,300918,300919,300920,300921,300922,300923,300924,300925
50,5001,'H59S000A-80-A',300926,300927,300928,300929,300930,300931,300932,300933,300934,300935,300936,300937,300938,300939,300940,300941,300942,300943,300944,300945,300946,300947,300948,300949,300950,300951,300952,300953,300954,300955
50,5001,'H59S000I-81-I',300956,300957,300958,300959,300960,300961,300962,300963,300964,300965,300966,300967,300968,300969,300970,300971,300972,300973,300974,300975,300976,300977,300978,300979,300980,300981,300982,300983,300984,300985
50,5001,'H59S000S-80-S',300986,300987,300988,300989,300990,300991,300992,300993,300994,300995,300996,300997,300998,300999,301000,301001,301002,301003,301004,301005,301006,301007,301008,301009,301010,301011,301012,301013,301014
50,5001,'H59S100F-80-F1',301015,301016,301017,301018,301019,301020,301021,301022,301023,301024,301025,301026,301027,301028,301029,301030,301031,301032,301033,301034,301035,301036,301037,301038,301039,301040,301041,301042,301043,301044
50,5001,'H59S200F-80-F2',301045,301046,301047,301048,301049,301050,301051,301052,301053,301054,301055,301056,301057,301058,301059,301060,301061,301062,301063,301064,301065,301066,301067,301068,301069,301070,301071,301072,301073,301074
50,5002,'H59S000A-80-A',301075,301076,301077,301078,301079,301080,301081,301082,301083,301084,301085,301086,301087,301088,301089,301090,301091,301092,301093,301094,301095,301096,301097,301098,301099,301100,301101,301102,301103,301104
50,5002,'H59S000I-81-I',301105,301106,301107,301108,301109,301110,301111,301112,301113,301114,301115,301116,301117,301118,301119,301120,301121,301122,301123,301124,301125,301126,301127,301128,301129,301130,301131,301132,301133,301134
50,5002,'H59S000S-80-S',301135,301136,301137,301138,301139,301140,301141,301142,301143,301144,301145,301146,301147,301148,301149,301150,301151,301152,301153,301154,301155,301156,301157,301158,301159,301160,301161,301162,301163
50,5002,'H59S100F-80-F1',301164,301165,301166,301167,301168,301169,301170,301171,301172,301173,301174,301175,301176,301177,301178,301179,301180,301181,301182,301183,301184,301185,301186,301187,301188,301189,301190,301191,301192,301193
50,5002,'H59S200F-80-F2',301194,301195,301196,301197,301198,301199,301200,301201,301202,301203,301204,301205,301206,301207,301208,301209,301210,301211,301212,301213,301214,301215,301216,301217,301218,301219,301220,301221,301222,301223
51,5101,'H50S000S-82-S',301224,301225,301226,301227,301228,301229,301230
51,5101,'H56S000S-82-S',301231,301232,301233,301234,301235,301236
51,5101,'H57S000A-80-A',301237,301238,301239,301240,301241,301242,301243,301244,301245,301246,301247,301248,301249,301250,301251,301252,301253,301254,301255,301256,301257,301258,301259,301260,301261,301262,301263,301264,301265,301266,301267,301268,301269,301270,301271,301272,301273,301274,301275,301276,301277,301278,301279,301280,301281,301282,301283,301284,301285,301286,301287,301288,301289,301290,301291,301292,301293,301294,301295,301296,301297,301298,301299,301300,301301,301302,301303,301304,301305,301306,301307,301308,301309,301310,301311,301312,301313,301314,301315,301316,301317,301318,301319,301320,301321,301322,301323,301324,301325,301326,301327,301328,301329,301330,301331,301332,301333,301334,301335,301336
51,5101,'H57S000I-80-I',301337,301338,301339,301340,301341,301342,301343,301344,301345,301346,301347,301348,301349,301350,301351,301352,301353,301354,301355,301356,301357,301358,301359,301360,301361,301362,301363,301364,301365,301366,301367,301368,301369,301370,301371,301372,301373,301374,301375,301376,301377,301378,301379,301380,301381,301382,301383,301384,301385,301386,301387,301388,301389,301390,301391,301392,301393,301394,301395,301396,301397,301398,301399,301400,301401,301402,301403,301404,301405,301406,301407,301408,301409,301410,301411
51,5101,'H57S000S-80-S',301412,301413,301414,301415,301416,301417,301418,301419,301420,301421,301422,301423,301424,301425,301426,301427,301428,301429,301430,301431,301432,301433,301434,301435,301436,301437,301438,301439,301440,301441,301442,301443,301444,301445,301446,301447,301448,301449,301450,301451,301452,301453,301454,301455,301456,301457,301458,301459,301460,301461,301462,301463,301464,301465,301466,301467,301468,301469,301470,301471,301472,301473,301474,301475,301476,301477,301478,301479,301480,301481,301482,301483,301484,301485,301486,301487,301488,301489,301490,301491,301492,301493,301494,301495,301496,301497,301498,301499,301500,301501,301502,301503,301504,301505,301506,301507,301508,301509,301510,301511,301512,301513,301514,301515,301516,301517,301518,301519,301520,301521,301522,301523,301524,301525,301526,301527,301528,301529,301530,301531,301532,301533,301534,301535,301536,301537,301538,301539,301540,301541,301542,301543,301544,301545,301546,301547,301548,301549
51,5101,'H57S100F-80-F1',301550,301551,301552,301553,301554,301555,301556,301557,301558,301559,301560,301561,301562,301563,301564,301565,301566,301567,301568,301569,301570,301571,301572,301573,301574,301575,301576,301577,301578,301579,301580,301581,301582,301583,301584,301585,301586,301587,301588,301589,301590,301591,301592,301593,301594,301595,301596,301597,301598,301599,301600,301601,301602,301603,301604,301605,301606,301607,301608,301609,301610,301611,301612,301613,301614,301615,301616,301617,301618,301619,301620,301621,301622,301623,301624
51,5101,'H57S200F-80-F2',301625,301626,301627,301628,301629,301630,301631,301632,301633,301634,301635,301636,301637,301638,301639,301640,301641,301642,301643,301644,301645,301646,301647,301648,301649,301650,301651,301652,301653,301654,301655,301656,301657,301658,301659,301660,301661,301662,301663,301664,301665,301666,301667,301668,301669,301670,301671,301672,301673,301674,301675,301676,301677,301678,301679,301680,301681,301682,301683,301684,301685,301686,301687,301688,301689,301690,301691,301692,301693,301694,301695,301696,301697,301698,301699
51,5102,'H50S000S-82-S',301700,301701,301702,301703,301704,301705,301706,301707,301708
51,5102,'H56S000S-82-S',301709,301710
51,5102,'H57S000A-80-A',301711,301712,301713,301714,301715,301716,301717,301718,301719,301720,301721,301722,301723,301724,301725,301726,301727,301728,301729,301730,301731,301732,301733,301734,301735,301736,301737,301738,301739,301740,301741,301742,301743,301744,301745,301746,301747,301748,301749,301750,301751,301752,301753,301754,301755,301756,301757,301758,301759,301760,301761,301762,301763,301764,301765,301766,301767,301768,301769,301770,301771,301772,301773,301774,301775,301776,301777,301778,301779,301780,301781,301782,301783,301784,301785,301786,301787,301788,301789,301790,301791,301792,301793,301794,301795,301796,301797,301798,301799,301800,301801,301802,301803
51,5102,'H57S000I-80-I',301804,301805,301806,301807,301808,301809,301810,301811,301812,301813,301814,301815,301816,301817,301818,301819,301820,301821,301822,301823,301824,301825,301826,301827,301828,301829,301830,301831,301832,301833,301834,301835,301836,301837,301838,301839,301840,301841,301842,301843,301844,301845,301846,301847,301848,301849,301850,301851,301852,301853,301854,301855,301856,301857,301858,301859,301860,301861,301862,301863,301864,301865,301866,301867,301868,301869,301870,301871,301872,301873,301874,301875,301876,301877,301878,301879,301880,301881,301882
51,5102,'H57S000S-80-S',301883,301884,301885,301886,301887,301888,301889,301890,301891,301892,301893,301894,301895,301896,301897,301898,301899,301900,301901,301902,301903,301904,301905,301906,301907,301908,301909,301910,301911,301912,301913,301914,301915,301916,301917,301918,301919,301920,301921,301922,301923,301924,301925,301926,301927,301928,301929,301930,301931,301932,301933,301934,301935,301936,301937,301938,301939,301940,301941,301942,301943,301944,301945,301946,301947,301948,301949,301950,301951,301952,301953,301954,301955,301956,301957,301958,301959,301960,301961,301962,301963,301964,301965,301966,301967,301968,301969,301970,301971,301972,301973,301974,301975,301976,301977,301978,301979,301980,301981,301982,301983,301984,301985,301986,301987,301988,301989,301990,301991,301992,301993,301994,301995,301996,301997,301998,301999,302000,302001,302002,302003,302004,302005,302006,302007,302008,302009,302010,302011,302012,302013,302014,302015,302016,302017,302018,302019,302020,302021,302022,302023,302024,302025,302026,302027,302028,302029,302030,302031,302032,302033,302034,302035,302036,302037
51,5102,'H57S100F-80-F1',302038,302039,302040,302041,302042,302043,302044,302045,302046,302047,302048,302049,302050,302051,302052,302053,302054,302055,302056,302057,302058,302059,302060,302061,302062,302063,302064,302065,302066,302067,302068,302069,302070,302071,302072,302073,302074,302075,302076,302077,302078,302079,302080,302081,302082,302083,302084,302085,302086,302087,302088,302089,302090,302091,302092,302093,302094,302095,302096,302097,302098,302099,302100,302101,302102,302103,302104,302105,302106,302107,302108,302109,302110,302111,302112,302113,302114,302115,302116
51,5102,'H57S200F-80-F2',302117,302118,302119,302120,302121,302122,302123,302124,302125,302126,302127,302128,302129,302130,302131,302132,302133,302134,302135,302136,302137,302138,302139,302140,302141,302142,302143,302144,302145,302146,302147,302148,302149,302150,302151,302152,302153,302154,302155,302156,302157,302158,302159,302160,302161,302162,302163,302164,302165,302166,302167,302168,302169,302170,302171,302172,302173,302174,302175,302176,302177,302178,302179,302180,302181,302182,302183,302184,302185,302186,302187,302188,302189,302190,302191,302192,302193,302194,302195
51,5102,'H59S000S-80-S',302196
52,5201,'H58S000S-83-S',302197,302198,302199,302200,302201,302202,302203,302204,302205,302206,302207,302208
52,5202,'H58S000S-83-S',302209,302210,302211,302212,302213,302214,302215,302216,302217,302218,302219,302220
54,5401,'H50S000S-82-S',302221,302222
54,5401,'H58S000A-80-A',302223,302224,302225,302226,302227,302228,302229,302230,302231,302232,302233,302234,302235,302236,302237,302238,302239,302240,302241,302242,302243,302244,302245,302246,302247,302248,302249,302250,302251,302252,302253,302254,302255,302256,302257,302258,302259,302260,302261,302262,302263
54,5401,'H58S000I-80-I',302264,302265,302266,302267,302268,302269,302270,302271,302272,302273,302274,302275,302276,302277,302278,302279,302280,302281,302282,302283,302284,302285,302286,302287,302288,302289,302290,302291,302292,302293,302294,302295,302296,302297,302298,302299,302300,302301
54,5401,'H58S000S-83-S',302302,302303,302304,302305,302306,302307,302308,302309,302310,302311,302312,302313,302314,302315,302316,302317,302318,302319,302320,302321,302322,302323,302324,302325,302326,302327,302328,302329,302330,302331,302332,302333,302334,302335,302336,302337,302338,302339,302340,302341,302342,302343,302344,302345,302346,302347,302348,302349,302350,302351,302352,302353,302354,302355,302356
54,5401,'H58S100F-80-F1',302357,302358,302359,302360,302361,302362,302363,302364,302365,302366,302367,302368,302369,302370,302371,302372,302373,302374,302375,302376,302377,302378,302379,302380,302381,302382,302383,302384,302385,302386,302387,302388,302389,302390,302391,302392,302393,302394
54,5401,'H58S200F-80-F2',302395,302396,302397,302398,302399,302400,302401,302402,302403,302404,302405,302406,302407,302408,302409,302410,302411,302412,302413,302414,302415,302416,302417,302418,302419,302420,302421,302422,302423,302424,302425,302426,302427,302428,302429,302430,302431,302432
54,5401,'H60S000S-83-S',302433,302434
54,5402,'H50S000S-82-S',302435,302436
54,5402,'H58S000A-80-A',302437,302438,302439,302440,302441,302442,302443,302444,302445,302446,302447,302448,302449,302450,302451,302452,302453,302454,302455,302456,302457,302458,302459,302460,302461,302462,302463,302464,302465,302466,302467,302468,302469,302470,302471,302472,302473,302474,302475,302476,302477
54,5402,'H58S000I-80-I',302478,302479,302480,302481,302482,302483,302484,302485,302486,302487,302488,302489,302490,302491,302492,302493,302494,302495,302496,302497,302498,302499,302500,302501,302502,302503,302504,302505,302506,302507,302508,302509,302510,302511,302512,302513,302514
54,5402,'H58S000S-83-S',302515,302516,302517,302518,302519,302520,302521,302522,302523,302524,302525,302526,302527,302528,302529,302530,302531,302532,302533,302534,302535,302536,302537,302538,302539,302540,302541,302542,302543,302544,302545,302546,302547,302548,302549,302550,302551,302552,302553,302554,302555,302556,302557,302558,302559,302560,302561,302562,302563,302564,302565,302566,302567,302568,302569
54,5402,'H58S100F-80-F1',302570,302571,302572,302573,302574,302575,302576,302577,302578,302579,302580,302581,302582,302583,302584,302585,302586,302587,302588,302589,302590,302591,302592,302593,302594,302595,302596,302597,302598,302599,302600,302601,302602,302603,302604,302605,302606
54,5402,'H58S200F-80-F2',302607,302608,302609,302610,302611,302612,302613,302614,302615,302616,302617,302618,302619,302620,302621,302622,302623,302624,302625,302626,302627,302628,302629,302630,302631,302632,302633,302634,302635,302636,302637,302638,302639,302640,302641,302642,302643
55,5503,'H50S000S-82-S',302644,302645
55,5503,'H57S000S-80-S',302646
55,5503,'H58S000A-80-A',302647,302648,302649,302650,302651,302652,302653,302654,302655,302656,302657,302658,302659,302660,302661,302662,302663,302664,302665,302666,302667,302668,302669,302670,302671,302672,302673,302674,302675,302676,302677,302678,302679,302680,302681,302682,302683,302684,302685,302686,302687,302688,302689,302690,302691,302692,302693,302694,302695,302696,302697,302698,302699,302700,302701,302702,302703,302704,302705,302706,302707,302708,302709,302710,302711,302712,302713,302714,302715,302716,302717,302718,302719,302720,302721,302722,302723,302724,302725,302726,302727,302728,302729,302730,302731,302732,302733,302734,302735,302736,302737,302738,302739
55,5503,'H58S000I-80-I',302740,302741,302742,302743,302744,302745,302746,302747,302748,302749,302750,302751,302752,302753,302754,302755,302756,302757,302758,302759,302760,302761,302762,302763,302764,302765,302766,302767,302768,302769,302770,302771,302772,302773,302774,302775,302776,302777,302778,302779,302780,302781,302782,302783,302784,302785,302786,302787,302788,302789,302790,302791,302792,302793,302794,302795,302796,302797,302798,302799,302800,302801,302802,302803,302804,302805,302806,302807,302808,302809
55,5503,'H58S000S-83-S',302810,302811,302812,302813,302814,302815,302816,302817,302818,302819,302820,302821,302822,302823,302824,302825,302826,302827,302828,302829,302830,302831,302832,302833,302834,302835,302836,302837,302838,302839,302840,302841,302842,302843,302844,302845,302846,302847,302848,302849,302850,302851,302852,302853,302854,302855,302856,302857,302858,302859,302860,302861,302862,302863,302864,302865,302866,302867,302868,302869,302870,302871,302872,302873,302874,302875,302876,302877,302878,302879,302880,302881,302882,302883,302884,302885,302886
55,5503,'H58S100F-80-F1',302887,302888,302889,302890,302891,302892,302893,302894,302895,302896,302897,302898,302899,302900,302901,302902,302903,302904,302905,302906,302907,302908,302909,302910,302911,302912,302913,302914,302915,302916,302917,302918,302919,302920,302921,302922,302923,302924,302925,302926,302927,302928,302929,302930,302931,302932,302933,302934,302935,302936,302937,302938,302939,302940,302941,302942,302943,302944,302945,302946,302947,302948,302949,302950,302951,302952,302953,302954,302955,302956
55,5503,'H58S200F-80-F2',302957,302958,302959,302960,302961,302962,302963,302964,302965,302966,302967,302968,302969,302970,302971,302972,302973,302974,302975,302976,302977,302978,302979,302980,302981,302982,302983,302984,302985,302986,302987,302988,302989,302990,302991,302992,302993,302994,302995,302996,302997,302998,302999,303000,303001,303002,303003,303004,303005,303006,303007,303008,303009,303010,303011,303012,303013,303014,303015,303016,303017,303018,303019,303020,303021,303022,303023,303024,303025,303026
55,5503,'H60S000S-83-S',303027
55,5504,'H58S000A-80-A',303028,303029,303030,303031,303032,303033,303034,303035,303036,303037,303038,303039,303040,303041,303042,303043,303044,303045,303046,303047,303048,303049,303050,303051,303052,303053,303054,303055,303056,303057,303058,303059,303060,303061,303062,303063,303064,303065,303066,303067,303068,303069,303070,303071,303072,303073,303074,303075,303076,303077,303078,303079,303080,303081,303082,303083,303084,303085,303086,303087,303088,303089,303090,303091,303092,303093,303094
55,5504,'H58S000I-80-I',303095,303096,303097,303098,303099,303100,303101,303102,303103,303104,303105,303106,303107,303108,303109,303110,303111,303112,303113,303114,303115,303116,303117,303118,303119,303120,303121,303122,303123,303124,303125,303126,303127,303128,303129,303130,303131,303132,303133,303134,303135,303136,303137,303138,303139,303140,303141,303142,303143,303144,303145,303146
55,5504,'H58S000S-83-S',303147,303148,303149,303150,303151,303152,303153,303154,303155,303156,303157,303158,303159,303160,303161,303162,303163,303164,303165,303166,303167,303168,303169,303170,303171,303172,303173,303174,303175,303176,303177,303178,303179,303180,303181,303182,303183,303184,303185,303186,303187,303188,303189,303190,303191,303192,303193,303194,303195,303196,303197,303198,303199,303200,303201,303202
55,5504,'H58S100F-80-F1',303203,303204,303205,303206,303207,303208,303209,303210,303211,303212,303213,303214,303215,303216,303217,303218,303219,303220,303221,303222,303223,303224,303225,303226,303227,303228,303229,303230,303231,303232,303233,303234,303235,303236,303237,303238,303239,303240,303241,303242,303243,303244,303245,303246,303247,303248,303249,303250,303251,303252,303253,303254
55,5504,'H58S200F-80-F2',303255,303256,303257,303258,303259,303260,303261,303262,303263,303264,303265,303266,303267,303268,303269,303270,303271,303272,303273,303274,303275,303276,303277,303278,303279,303280,303281,303282,303283,303284,303285,303286,303287,303288,303289,303290,303291,303292,303293,303294,303295,303296,303297,303298,303299,303300,303301,303302,303303,303304,303305,303306
55,5504,'H60S000S-83-S',303307
56,5603,'H51S000S-81-S',303308,303309
56,5603,'H54S000S-80-S',303310
56,5603,'H58S000A-80-A',303311,303312,303313,303314,303315,303316,303317,303318,303319,303320,303321,303322,303323,303324,303325,303326,303327,303328,303329,303330,303331,303332,303333,303334,303335,303336,303337,303338,303339,303340,303341,303342,303343,303344,303345,303346,303347,303348,303349
56,5603,'H58S000I-80-I',303350,303351,303352,303353,303354,303355,303356,303357,303358,303359,303360,303361,303362,303363,303364,303365,303366,303367,303368,303369,303370,303371,303372,303373,303374,303375,303376,303377,303378,303379,303380,303381,303382,303383,303384,303385,303386,303387,303388
56,5603,'H58S000S-83-S',303389,303390,303391,303392,303393,303394,303395,303396,303397,303398,303399,303400,303401,303402,303403,303404,303405,303406,303407,303408,303409,303410,303411,303412,303413,303414,303415,303416,303417,303418,303419,303420,303421,303422,303423,303424,303425,303426,303427,303428,303429,303430,303431,303432,303433,303434,303435,303436,303437,303438,303439,303440,303441,303442
56,5603,'H58S100F-80-F1',303443,303444,303445,303446,303447,303448,303449,303450,303451,303452,303453,303454,303455,303456,303457,303458,303459,303460,303461,303462,303463,303464,303465,303466,303467,303468,303469,303470,303471,303472,303473,303474,303475,303476,303477,303478,303479,303480,303481
56,5603,'H58S200F-80-F2',303482,303483,303484,303485,303486,303487,303488,303489,303490,303491,303492,303493,303494,303495,303496,303497,303498,303499,303500,303501,303502,303503,303504,303505,303506,303507,303508,303509,303510,303511,303512,303513,303514,303515,303516,303517,303518,303519,303520
56,5604,'H51S000S-81-S',303521,303522
56,5604,'H58S000A-80-A',303523,303524,303525,303526,303527,303528,303529,303530,303531,303532,303533,303534,303535,303536,303537,303538,303539,303540,303541,303542,303543,303544,303545,303546,303547,303548,303549,303550,303551,303552,303553,303554,303555,303556,303557,303558,303559,303560,303561
56,5604,'H58S000I-80-I',303562,303563,303564,303565,303566,303567,303568,303569,303570,303571,303572,303573,303574,303575,303576,303577,303578,303579,303580,303581,303582,303583,303584,303585,303586,303587,303588,303589,303590,303591,303592,303593,303594,303595,303596,303597,303598,303599,303600
56,5604,'H58S000S-83-S',303601,303602,303603,303604,303605,303606,303607,303608,303609,303610,303611,303612,303613,303614,303615,303616,303617,303618,303619,303620,303621,303622,303623,303624,303625,303626,303627,303628,303629,303630,303631,303632,303633,303634,303635,303636,303637,303638,303639,303640,303641,303642
56,5604,'H58S100F-80-F1',303643,303644,303645,303646,303647,303648,303649,303650,303651,303652,303653,303654,303655,303656,303657,303658,303659,303660,303661,303662,303663,303664,303665,303666,303667,303668,303669,303670,303671,303672,303673,303674,303675,303676,303677,303678,303679,303680,303681
56,5604,'H58S200F-80-F2',303682,303683,303684,303685,303686,303687,303688,303689,303690,303691,303692,303693,303694,303695,303696,303697,303698,303699,303700,303701,303702,303703,303704,303705,303706,303707,303708,303709,303710,303711,303712,303713,303714,303715,303716,303717,303718,303719,303720
57,5703,'H56S000A-80-A',303721,303722,303723,303724,303725,303726,303727,303728,303729,303730,303731,303732,303733,303734,303735,303736,303737,303738,303739,303740,303741,303742,303743,303744,303745,303746,303747,303748,303749,303750,303751,303752,303753,303754,303755,303756,303757,303758,303759,303760,303761,303762,303763,303764
57,5703,'H56S000I-80-I',303765,303766,303767,303768,303769,303770,303771,303772,303773,303774,303775,303776,303777,303778,303779,303780,303781,303782,303783,303784,303785,303786,303787,303788,303789,303790,303791,303792,303793,303794,303795,303796,303797,303798,303799,303800,303801,303802
57,5703,'H56S000S-82-S',303803,303804,303805,303806,303807,303808,303809,303810,303811,303812,303813,303814,303815,303816,303817,303818,303819,303820,303821,303822,303823,303824,303825,303826,303827,303828,303829,303830,303831,303832,303833,303834,303835,303836,303837,303838,303839,303840,303841,303842,303843,303844,303845,303846,303847,303848,303849
57,5703,'H56S100F-80-F1',303850,303851,303852,303853,303854,303855,303856,303857,303858,303859,303860,303861,303862,303863,303864,303865,303866,303867,303868,303869,303870,303871,303872,303873,303874,303875,303876,303877,303878,303879,303880,303881,303882,303883,303884,303885,303886,303887
57,5703,'H56S200F-80-F2',303888,303889,303890,303891,303892,303893,303894,303895,303896,303897,303898,303899,303900,303901,303902,303903,303904,303905,303906,303907,303908,303909,303910,303911,303912,303913,303914,303915,303916,303917,303918,303919,303920,303921,303922,303923,303924,303925
57,5704,'H56S000A-80-A',303926,303927,303928,303929,303930,303931,303932,303933,303934,303935,303936,303937,303938,303939,303940,303941,303942,303943,303944,303945,303946,303947,303948,303949,303950,303951,303952,303953,303954,303955,303956,303957,303958,303959,303960,303961,303962,303963,303964,303965,303966,303967,303968,303969,303970,303971
57,5704,'H56S000I-80-I',303972,303973,303974,303975,303976,303977,303978,303979,303980,303981,303982,303983,303984,303985,303986,303987,303988,303989,303990,303991,303992,303993,303994,303995,303996,303997,303998,303999,304000,304001,304002,304003,304004,304005,304006,304007,304008,304009,304010
57,5704,'H56S000S-82-S',304011,304012,304013,304014,304015,304016,304017,304018,304019,304020,304021,304022,304023,304024,304025,304026,304027,304028,304029,304030,304031,304032,304033,304034,304035,304036,304037,304038,304039,304040,304041,304042,304043,304044,304045,304046,304047,304048,304049,304050,304051,304052,304053,304054,304055,304056
57,5704,'H56S100F-80-F1',304057,304058,304059,304060,304061,304062,304063,304064,304065,304066,304067,304068,304069,304070,304071,304072,304073,304074,304075,304076,304077,304078,304079,304080,304081,304082,304083,304084,304085,304086,304087,304088,304089,304090,304091,304092,304093,304094,304095
57,5704,'H56S200F-80-F2',304096,304097,304098,304099,304100,304101,304102,304103,304104,304105,304106,304107,304108,304109,304110,304111,304112,304113,304114,304115,304116,304117,304118,304119,304120,304121,304122,304123,304124,304125,304126,304127,304128,304129,304130,304131,304132,304133,304134
61,6101,'H56S000A-80-A',304135,304136,304137,304138,304139,304140,304141,304142,304143,304144,304145,304146,304147,304148,304149,304150,304151,304152,304153,304154,304155,304156,304157,304158,304159,304160,304161,304162,304163,304164,304165,304166,304167,304168,304169,304170,304171,304172,304173,304174
61,6101,'H56S000I-80-I',304175,304176,304177,304178,304179,304180,304181,304182,304183,304184,304185,304186,304187,304188,304189,304190,304191,304192,304193,304194,304195,304196,304197,304198,304199,304200,304201,304202,304203,304204,304205,304206,304207,304208,304209,304210,304211,304212,304213
61,6101,'H56S000S-82-S',304214,304215,304216,304217,304218,304219,304220,304221,304222,304223,304224,304225,304226,304227,304228,304229,304230,304231,304232,304233,304234,304235,304236,304237,304238,304239,304240,304241,304242,304243,304244,304245,304246,304247,304248,304249,304250,304251,304252,304253,304254,304255,304256,304257,304258,304259,304260,304261,304262,304263,304264,304265,304266,304267,304268,304269,304270,304271,304272,304273,304274,304275,304276
61,6101,'H56S100F-80-F1',304277,304278,304279,304280,304281,304282,304283,304284,304285,304286,304287,304288,304289,304290,304291,304292,304293,304294,304295,304296,304297,304298,304299,304300,304301,304302,304303,304304,304305,304306,304307,304308,304309,304310,304311,304312,304313,304314,304315
61,6101,'H56S200F-80-F2',304316,304317,304318,304319,304320,304321,304322,304323,304324,304325,304326,304327,304328,304329,304330,304331,304332,304333,304334,304335,304336,304337,304338,304339,304340,304341,304342,304343,304344,304345,304346,304347,304348,304349,304350,304351,304352,304353,304354
61,6102,'H56S000A-80-A',304355,304356,304357,304358,304359,304360,304361,304362,304363,304364,304365,304366,304367,304368,304369,304370,304371,304372,304373,304374,304375,304376,304377,304378,304379,304380,304381,304382,304383,304384,304385,304386,304387,304388,304389,304390,304391,304392,304393,304394
61,6102,'H56S000I-80-I',304395,304396,304397,304398,304399,304400,304401,304402,304403,304404,304405,304406,304407,304408,304409,304410,304411,304412,304413,304414,304415,304416,304417,304418,304419,304420,304421,304422,304423,304424,304425,304426,304427,304428,304429,304430,304431,304432,304433
61,6102,'H56S000S-82-S',304434,304435,304436,304437,304438,304439,304440,304441,304442,304443,304444,304445,304446,304447,304448,304449,304450,304451,304452,304453,304454,304455,304456,304457,304458,304459,304460,304461,304462,304463,304464,304465,304466,304467,304468,304469,304470,304471,304472,304473,304474,304475,304476,304477,304478,304479,304480,304481,304482,304483,304484,304485,304486,304487,304488,304489,304490,304491,304492,304493,304494,304495,304496,304497
61,6102,'H56S100F-80-F1',304498,304499,304500,304501,304502,304503,304504,304505,304506,304507,304508,304509,304510,304511,304512,304513,304514,304515,304516,304517,304518,304519,304520,304521,304522,304523,304524,304525,304526,304527,304528,304529,304530,304531,304532,304533,304534,304535,304536
61,6102,'H56S200F-80-F2',304537,304538,304539,304540,304541,304542,304543,304544,304545,304546,304547,304548,304549,304550,304551,304552,304553,304554,304555,304556,304557,304558,304559,304560,304561,304562,304563,304564,304565,304566,304567,304568,304569,304570,304571,304572,304573,304574,304575
63,6303,'H56S000A-80-A',304576,304577,304578,304579,304580,304581,304582,304583,304584,304585,304586,304587,304588,304589,304590,304591,304592,304593,304594,304595
63,6303,'H56S000S-82-S',304596,304597,304598,304599,304600,304601,304602,304603,304604,304605,304606,304607,304608,304609,304610,304611,304612,304613,304614,304615,304616,304617,304618,304619,304620,304621
63,6303,'H56S100F-80-F1',304622,304623,304624,304625,304626,304627,304628,304629,304630,304631,304632,304633,304634,304635,304636,304637,304638,304639,304640,304641
63,6303,'H56S200F-80-F2',304642,304643,304644,304645,304646,304647,304648,304649,304650,304651,304652,304653,304654,304655,304656,304657,304658,304659,304660,304661
63,6304,'H56S000A-80-A',304662,304663,304664,304665,304666,304667,304668,304669,304670,304671,304672,304673,304674,304675,304676,304677,304678,304679,304680,304681
63,6304,'H56S000S-82-S',304682,304683,304684,304685,304686,304687,304688,304689,304690,304691,304692,304693,304694,304695,304696,304697,304698,304699,304700,304701,304702,304703,304704,304705,304706,304707
63,6304,'H56S100F-80-F1',304708,304709,304710,304711,304712,304713,304714,304715,304716,304717,304718,304719,304720,304721,304722,304723,304724,304725,304726,304727
63,6304,'H56S200F-80-F2',304728,304729,304730,304731,304732,304733,304734,304735,304736,304737,304738,304739,304740,304741,304742,304743,304744,304745,304746,304747
64,6403,'H50S000S-82-S',304748
64,6403,'H60S000A-80-A',304749,304750,304751,304752,304753,304754,304755,304756,304757,304758,304759,304760,304761,304762,304763,304764,304765,304766,304767,304768,304769,304770,304771,304772,304773,304774,304775,304776,304777,304778,304779,304780,304781,304782,304783,304784,304785,304786,304787,304788,304789,304790,304791,304792,304793,304794,304795,304796,304797,304798,304799,304800,304801,304802,304803,304804,304805,304806,304807,304808,304809,304810,304811,304812,304813,304814,304815,304816,304817,304818,304819,304820,304821,304822,304823,304824,304825,304826,304827,304828,304829,304830,304831,304832,304833,304834,304835
64,6403,'H60S000I-81-I',304836,304837,304838,304839,304840,304841,304842,304843,304844,304845,304846,304847,304848,304849,304850,304851,304852,304853,304854,304855,304856,304857,304858,304859,304860,304861,304862,304863,304864,304865,304866,304867,304868,304869,304870,304871,304872,304873,304874,304875,304876,304877,304878,304879,304880,304881,304882,304883,304884,304885,304886,304887,304888,304889,304890,304891,304892,304893,304894,304895,304896,304897,304898,304899,304900,304901,304902,304903,304904,304905,304906,304907,304908,304909
64,6403,'H60S000S-83-S',304910,304911,304912,304913,304914,304915,304916,304917,304918,304919,304920,304921,304922,304923,304924,304925,304926,304927,304928,304929,304930,304931,304932,304933,304934,304935,304936,304937,304938,304939,304940,304941,304942,304943,304944,304945,304946,304947,304948,304949,304950,304951,304952,304953,304954,304955,304956,304957,304958,304959,304960,304961,304962,304963,304964,304965,304966,304967,304968,304969,304970,304971,304972,304973,304974,304975,304976,304977,304978,304979,304980,304981,304982,304983,304984,304985,304986,304987,304988,304989,304990,304991,304992,304993,304994,304995,304996,304997,304998,304999,305000,305001,305002,305003,305004,305005,305006,305007
64,6403,'H60S100F-80-F1',305008,305009,305010,305011,305012,305013,305014,305015,305016,305017,305018,305019,305020,305021,305022,305023,305024,305025,305026,305027,305028,305029,305030,305031,305032,305033,305034,305035,305036,305037,305038,305039,305040,305041,305042,305043,305044,305045,305046,305047,305048,305049,305050,305051,305052,305053,305054,305055,305056,305057,305058,305059,305060,305061,305062,305063,305064,305065,305066,305067,305068,305069,305070,305071,305072,305073,305074,305075,305076,305077,305078,305079,305080,305081
64,6403,'H60S200F-80-F2',305082,305083,305084,305085,305086,305087,305088,305089,305090,305091,305092,305093,305094,305095,305096,305097,305098,305099,305100,305101,305102,305103,305104,305105,305106,305107,305108,305109,305110,305111,305112,305113,305114,305115,305116,305117,305118,305119,305120,305121,305122,305123,305124,305125,305126,305127,305128,305129,305130,305131,305132,305133,305134,305135,305136,305137,305138,305139,305140,305141,305142,305143,305144,305145,305146,305147,305148,305149,305150,305151,305152,305153,305154,305155
64,6404,'H60S000A-80-A',305156,305157,305158,305159,305160,305161,305162,305163,305164,305165,305166,305167,305168,305169,305170,305171,305172,305173,305174,305175,305176,305177,305178,305179,305180,305181,305182,305183,305184,305185,305186,305187,305188,305189,305190,305191,305192,305193,305194,305195,305196,305197,305198,305199,305200,305201,305202,305203,305204,305205,305206,305207,305208,305209,305210,305211,305212,305213,305214,305215,305216,305217,305218,305219,305220,305221,305222,305223,305224,305225,305226,305227,305228,305229,305230,305231,305232,305233,305234,305235,305236,305237,305238,305239,305240,305241
64,6404,'H60S000I-81-I',305242,305243,305244,305245,305246,305247,305248,305249,305250,305251,305252,305253,305254,305255,305256,305257,305258,305259,305260,305261,305262,305263,305264,305265,305266,305267,305268,305269,305270,305271,305272,305273,305274,305275,305276,305277,305278,305279,305280,305281,305282,305283,305284,305285,305286,305287,305288,305289,305290,305291,305292,305293,305294,305295,305296,305297,305298,305299,305300,305301,305302,305303,305304,305305,305306,305307,305308,305309,305310
64,6404,'H60S000S-83-S',305311,305312,305313,305314,305315,305316,305317,305318,305319,305320,305321,305322,305323,305324,305325,305326,305327,305328,305329,305330,305331,305332,305333,305334,305335,305336,305337,305338,305339,305340,305341,305342,305343,305344,305345,305346,305347,305348,305349,305350,305351,305352,305353,305354,305355,305356,305357,305358,305359,305360,305361,305362,305363,305364,305365,305366,305367,305368,305369,305370,305371,305372,305373,305374,305375,305376,305377,305378,305379,305380,305381,305382,305383,305384,305385,305386,305387,305388,305389,305390,305391,305392,305393,305394,305395,305396
64,6404,'H60S100F-80-F1',305397,305398,305399,305400,305401,305402,305403,305404,305405,305406,305407,305408,305409,305410,305411,305412,305413,305414,305415,305416,305417,305418,305419,305420,305421,305422,305423,305424,305425,305426,305427,305428,305429,305430,305431,305432,305433,305434,305435,305436,305437,305438,305439,305440,305441,305442,305443,305444,305445,305446,305447,305448,305449,305450,305451,305452,305453,305454,305455,305456,305457,305458,305459,305460,305461,305462,305463,305464,305465
64,6404,'H60S200F-80-F2',305466,305467,305468,305469,305470,305471,305472,305473,305474,305475,305476,305477,305478,305479,305480,305481,305482,305483,305484,305485,305486,305487,305488,305489,305490,305491,305492,305493,305494,305495,305496,305497,305498,305499,305500,305501,305502,305503,305504,305505,305506,305507,305508,305509,305510,305511,305512,305513,305514,305515,305516,305517,305518,305519,305520,305521,305522,305523,305524,305525,305526,305527,305528,305529,305530,305531,305532,305533,305534
66,6603,'H51S000A-80-A',305535,305536,305537,305538,305539,305540,305541,305542,305543,305544,305545,305546,305547,305548,305549,305550,305551,305552,305553,305554,305555,305556,305557,305558,305559,305560,305561,305562,305563,305564,305565,305566,305567,305568,305569,305570,305571,305572,305573
66,6603,'H51S000I-80-I',305574,305575,305576,305577,305578,305579,305580,305581,305582,305583,305584,305585,305586,305587,305588,305589,305590,305591,305592,305593,305594,305595,305596,305597,305598,305599,305600,305601,305602,305603,305604,305605,305606,305607,305608,305609,305610
66,6603,'H51S000S-81-S',305611,305612,305613,305614,305615,305616,305617,305618,305619,305620,305621,305622,305623,305624,305625,305626,305627,305628,305629,305630,305631,305632,305633,305634,305635,305636,305637,305638,305639,305640,305641,305642,305643,305644,305645,305646,305647,305648,305649,305650
66,6603,'H51S100F-80-F1',305651,305652,305653,305654,305655,305656,305657,305658,305659,305660,305661,305662,305663,305664,305665,305666,305667,305668,305669,305670,305671,305672,305673,305674,305675,305676,305677,305678,305679,305680,305681,305682,305683,305684,305685,305686,305687
66,6603,'H51S200F-80-F2',305688,305689,305690,305691,305692,305693,305694,305695,305696,305697,305698,305699,305700,305701,305702,305703,305704,305705,305706,305707,305708,305709,305710,305711,305712,305713,305714,305715,305716,305717,305718,305719,305720,305721,305722,305723,305724
66,6604,'H51S000A-80-A',305725,305726,305727,305728,305729,305730,305731,305732,305733,305734,305735,305736,305737,305738,305739,305740,305741,305742,305743,305744,305745,305746,305747,305748,305749,305750,305751,305752,305753,305754,305755,305756,305757,305758,305759,305760,305761,305762,305763
66,6604,'H51S000I-80-I',305764,305765,305766,305767,305768,305769,305770,305771,305772,305773,305774,305775,305776,305777,305778,305779,305780,305781,305782,305783,305784,305785,305786,305787,305788,305789,305790,305791,305792,305793,305794,305795,305796,305797,305798,305799,305800
66,6604,'H51S000S-81-S',305801,305802,305803,305804,305805,305806,305807,305808,305809,305810,305811,305812,305813,305814,305815,305816,305817,305818,305819,305820,305821,305822,305823,305824,305825,305826,305827,305828,305829,305830,305831,305832,305833,305834,305835,305836,305837,305838,305839,305840
66,6604,'H51S100F-80-F1',305841,305842,305843,305844,305845,305846,305847,305848,305849,305850,305851,305852,305853,305854,305855,305856,305857,305858,305859,305860,305861,305862,305863,305864,305865,305866,305867,305868,305869,305870,305871,305872,305873,305874,305875,305876,305877
66,6604,'H51S200F-80-F2',305878,305879,305880,305881,305882,305883,305884,305885,305886,305887,305888,305889,305890,305891,305892,305893,305894,305895,305896,305897,305898,305899,305900,305901,305902,305903,305904,305905,305906,305907,305908,305909,305910,305911,305912,305913,305914
67,6703,'H58S000A-80-A',305915,305916,305917,305918,305919,305920,305921,305922,305923,305924,305925,305926,305927,305928,305929,305930,305931,305932,305933,305934,305935,305936,305937,305938,305939,305940,305941,305942,305943,305944,305945,305946,305947,305948,305949,305950,305951,305952,305953,305954,305955,305956,305957,305958,305959,305960,305961,305962,305963,305964,305965,305966,305967,305968,305969,305970,305971,305972,305973,305974,305975,305976,305977,305978,305979,305980,305981,305982,305983,305984,305985,305986,305987,305988,305989,305990,305991,305992,305993,305994,305995,305996,305997,305998,305999,306000,306001,306002,306003,306004,306005,306006,306007,306008
67,6703,'H58S000I-80-I',306009,306010,306011,306012,306013,306014,306015,306016,306017,306018,306019,306020,306021,306022,306023,306024,306025,306026,306027,306028,306029,306030,306031,306032,306033,306034,306035,306036,306037,306038,306039,306040,306041,306042,306043,306044,306045,306046,306047,306048,306049,306050,306051,306052,306053,306054,306055,306056,306057,306058,306059,306060,306061,306062,306063,306064,306065,306066,306067,306068,306069,306070,306071,306072,306073,306074,306075,306076,306077,306078,306079,306080,306081,306082,306083,306084,306085,306086
67,6703,'H58S000S-83-S',306087,306088,306089,306090,306091,306092,306093,306094,306095,306096,306097,306098,306099,306100,306101,306102,306103,306104,306105,306106,306107,306108,306109,306110,306111,306112,306113,306114,306115,306116,306117,306118,306119,306120,306121,306122,306123,306124,306125,306126,306127,306128,306129,306130,306131,306132,306133,306134,306135,306136,306137,306138,306139,306140,306141,306142,306143,306144,306145,306146,306147,306148,306149,306150,306151,306152,306153,306154,306155,306156,306157,306158,306159,306160,306161,306162,306163,306164,306165,306166,306167,306168,306169,306170,306171,306172,306173,306174,306175,306176,306177,306178,306179,306180,306181,306182,306183,306184,306185,306186,306187,306188,306189,306190,306191,306192,306193,306194,306195,306196,306197
67,6703,'H58S100F-80-F1',306198,306199,306200,306201,306202,306203,306204,306205,306206,306207,306208,306209,306210,306211,306212,306213,306214,306215,306216,306217,306218,306219,306220,306221,306222,306223,306224,306225,306226,306227,306228,306229,306230,306231,306232,306233,306234,306235,306236,306237,306238,306239,306240,306241,306242,306243,306244,306245,306246,306247,306248,306249,306250,306251,306252,306253,306254,306255,306256,306257,306258,306259,306260,306261,306262,306263,306264,306265,306266,306267,306268,306269,306270,306271,306272,306273,306274,306275
67,6703,'H58S200F-80-F2',306276,306277,306278,306279,306280,306281,306282,306283,306284,306285,306286,306287,306288,306289,306290,306291,306292,306293,306294,306295,306296,306297,306298,306299,306300,306301,306302,306303,306304,306305,306306,306307,306308,306309,306310,306311,306312,306313,306314,306315,306316,306317,306318,306319,306320,306321,306322,306323,306324,306325,306326,306327,306328,306329,306330,306331,306332,306333,306334,306335,306336,306337,306338,306339,306340,306341,306342,306343,306344,306345,306346,306347,306348,306349,306350,306351,306352,306353
67,6704,'H58S000A-80-A',306354,306355,306356,306357,306358,306359,306360,306361,306362,306363,306364,306365,306366,306367,306368,306369,306370,306371,306372,306373,306374,306375,306376,306377,306378,306379,306380,306381,306382,306383,306384,306385,306386,306387,306388,306389,306390,306391,306392,306393,306394,306395,306396,306397,306398,306399,306400,306401,306402,306403,306404,306405,306406,306407,306408,306409,306410,306411,306412,306413,306414,306415,306416,306417,306418,306419,306420,306421,306422,306423,306424,306425,306426,306427,306428,306429,306430,306431,306432,306433,306434,306435,306436,306437,306438,306439,306440
67,6704,'H58S000I-80-I',306441,306442,306443,306444,306445,306446,306447,306448,306449,306450,306451,306452,306453,306454,306455,306456,306457,306458,306459,306460,306461,306462,306463,306464,306465,306466,306467,306468,306469,306470,306471,306472,306473,306474,306475,306476,306477,306478,306479,306480,306481,306482,306483,306484,306485,306486,306487,306488,306489,306490,306491,306492,306493,306494,306495,306496,306497,306498,306499,306500,306501,306502,306503,306504,306505,306506,306507,306508,306509,306510,306511,306512,306513,306514,306515,306516,306517,306518
67,6704,'H58S000S-83-S',306519,306520,306521,306522,306523,306524,306525,306526,306527,306528,306529,306530,306531,306532,306533,306534,306535,306536,306537,306538,306539,306540,306541,306542,306543,306544,306545,306546,306547,306548,306549,306550,306551,306552,306553,306554,306555,306556,306557,306558,306559,306560,306561,306562,306563,306564,306565,306566,306567,306568,306569,306570,306571,306572,306573,306574,306575,306576,306577,306578,306579,306580,306581,306582,306583,306584,306585,306586,306587,306588,306589,306590,306591,306592,306593,306594,306595,306596,306597,306598,306599,306600,306601,306602,306603,306604,306605,306606,306607,306608,306609,306610,306611,306612,306613,306614,306615,306616,306617,306618,306619,306620,306621,306622,306623
67,6704,'H58S100F-80-F1',306624,306625,306626,306627,306628,306629,306630,306631,306632,306633,306634,306635,306636,306637,306638,306639,306640,306641,306642,306643,306644,306645,306646,306647,306648,306649,306650,306651,306652,306653,306654,306655,306656,306657,306658,306659,306660,306661,306662,306663,306664,306665,306666,306667,306668,306669,306670,306671,306672,306673,306674,306675,306676,306677,306678,306679,306680,306681,306682,306683,306684,306685,306686,306687,306688,306689,306690,306691,306692,306693,306694,306695,306696,306697,306698,306699,306700,306701
67,6704,'H58S200F-80-F2',306702,306703,306704,306705,306706,306707,306708,306709,306710,306711,306712,306713,306714,306715,306716,306717,306718,306719,306720,306721,306722,306723,306724,306725,306726,306727,306728,306729,306730,306731,306732,306733,306734,306735,306736,306737,306738,306739,306740,306741,306742,306743,306744,306745,306746,306747,306748,306749,306750,306751,306752,306753,306754,306755,306756,306757,306758,306759,306760,306761,306762,306763,306764,306765,306766,306767,306768,306769,306770,306771,306772,306773,306774,306775,306776,306777,306778,306779
68,6801,'H60S000A-80-A',306780,306781,306782,306783,306784,306785,306786,306787,306788,306789,306790,306791,306792,306793,306794,306795,306796,306797,306798,306799,306800,306801,306802,306803,306804,306805,306806,306807,306808,306809,306810,306811,306812,306813,306814,306815,306816,306817,306818,306819,306820
68,6801,'H60S000I-81-I',306821,306822,306823,306824,306825,306826,306827,306828,306829,306830,306831,306832,306833,306834,306835,306836,306837,306838,306839,306840,306841,306842,306843,306844,306845,306846,306847,306848,306849,306850,306851,306852,306853,306854,306855,306856,306857,306858,306859
68,6801,'H60S000S-83-S',306860,306861,306862,306863,306864,306865,306866,306867,306868,306869,306870,306871,306872,306873,306874,306875,306876,306877,306878,306879,306880,306881,306882,306883,306884,306885,306886,306887,306888,306889,306890,306891,306892,306893,306894,306895,306896,306897,306898,306899,306900,306901,306902,306903,306904,306905
68,6801,'H60S100F-80-F1',306906,306907,306908,306909,306910,306911,306912,306913,306914,306915,306916,306917,306918,306919,306920,306921,306922,306923,306924,306925,306926,306927,306928,306929,306930,306931,306932,306933,306934,306935,306936,306937,306938,306939,306940,306941,306942,306943,306944
68,6801,'H60S200F-80-F2',306945,306946,306947,306948,306949,306950,306951,306952,306953,306954,306955,306956,306957,306958,306959,306960,306961,306962,306963,306964,306965,306966,306967,306968,306969,306970,306971,306972,306973,306974,306975,306976,306977,306978,306979,306980,306981,306982,306983
68,6802,'H60S000A-80-A',306984,306985,306986,306987,306988,306989,306990,306991,306992,306993,306994,306995,306996,306997,306998,306999,307000,307001,307002,307003,307004,307005,307006,307007,307008,307009,307010,307011,307012,307013,307014,307015,307016,307017,307018,307019,307020,307021,307022,307023,307024,307025
68,6802,'H60S000I-81-I',307026,307027,307028,307029,307030,307031,307032,307033,307034,307035,307036,307037,307038,307039,307040,307041,307042,307043,307044,307045,307046,307047,307048,307049,307050,307051,307052,307053,307054,307055,307056,307057,307058,307059,307060,307061,307062,307063,307064,307065,307066
68,6802,'H60S000S-83-S',307067,307068,307069,307070,307071,307072,307073,307074,307075,307076,307077,307078,307079,307080,307081,307082,307083,307084,307085,307086,307087,307088,307089,307090,307091,307092,307093,307094,307095,307096,307097,307098,307099,307100,307101,307102,307103,307104,307105,307106,307107,307108,307109,307110,307111,307112,307113,307114,307115,307116,307117,307118,307119,307120
68,6802,'H60S100F-80-F1',307121,307122,307123,307124,307125,307126,307127,307128,307129,307130,307131,307132,307133,307134,307135,307136,307137,307138,307139,307140,307141,307142,307143,307144,307145,307146,307147,307148,307149,307150,307151,307152,307153,307154,307155,307156,307157,307158,307159,307160,307161
68,6802,'H60S200F-80-F2',307162,307163,307164,307165,307166,307167,307168,307169,307170,307171,307172,307173,307174,307175,307176,307177,307178,307179,307180,307181,307182,307183,307184,307185,307186,307187,307188,307189,307190,307191,307192,307193,307194,307195,307196,307197,307198,307199,307200,307201,307202
69,6901,'H50S000A-82-A',307203,307204,307205,307206,307207,307208,307209,307210,307211,307212,307213,307214,307215,307216,307217,307218,307219,307220,307221,307222,307223,307224,307225,307226,307227,307228,307229,307230,307231,307232,307233,307234,307235,307236,307237,307238,307239,307240,307241,307242,307243,307244,307245,307246,307247,307248,307249,307250,307251,307252,307253,307254,307255,307256,307257,307258,307259,307260,307261,307262,307263,307264,307265,307266,307267
69,6901,'H50S000I-82-I',307268,307269,307270,307271,307272,307273,307274,307275,307276,307277,307278,307279,307280,307281,307282,307283,307284,307285,307286,307287,307288,307289,307290,307291,307292,307293,307294,307295,307296,307297,307298,307299,307300,307301,307302,307303,307304,307305,307306,307307,307308,307309,307310,307311,307312,307313,307314,307315,307316,307317,307318,307319,307320,307321,307322,307323
69,6901,'H50S000S-82-S',307324,307325,307326,307327,307328,307329,307330,307331,307332,307333,307334,307335,307336,307337,307338,307339,307340,307341,307342,307343,307344,307345,307346,307347,307348,307349,307350,307351,307352,307353,307354,307355,307356,307357,307358,307359,307360,307361,307362,307363,307364,307365,307366,307367,307368,307369,307370,307371,307372,307373,307374,307375,307376,307377,307378,307379,307380,307381,307382,307383,307384,307385,307386,307387,307388,307389,307390,307391,307392,307393,307394,307395,307396,307397,307398,307399,307400,307401,307402,307403,307404,307405,307406,307407,307408,307409,307410,307411,307412,307413,307414,307415,307416,307417,307418,307419
69,6901,'H50S100F-80-F1',307420,307421,307422,307423,307424,307425,307426,307427,307428,307429,307430,307431,307432,307433,307434,307435,307436,307437,307438,307439,307440,307441,307442,307443,307444,307445,307446,307447,307448,307449,307450,307451,307452,307453,307454,307455,307456,307457,307458,307459,307460,307461,307462,307463,307464,307465,307466,307467,307468,307469,307470,307471,307472,307473,307474,307475
69,6901,'H50S200F-80-F2',307476,307477,307478,307479,307480,307481,307482,307483,307484,307485,307486,307487,307488,307489,307490,307491,307492,307493,307494,307495,307496,307497,307498,307499,307500,307501,307502,307503,307504,307505,307506,307507,307508,307509,307510,307511,307512,307513,307514,307515,307516,307517,307518,307519,307520,307521,307522,307523,307524,307525,307526,307527,307528,307529,307530,307531
69,6901,'H54S000S-80-S',307532,307533
69,6901,'H58S000S-83-S',307534,307535,307536
69,6902,'H50S000A-82-A',307537,307538,307539,307540,307541,307542,307543,307544,307545,307546,307547,307548,307549,307550,307551,307552,307553,307554,307555,307556,307557,307558,307559,307560,307561,307562,307563,307564,307565,307566,307567,307568,307569,307570,307571,307572,307573,307574,307575,307576,307577,307578,307579,307580,307581,307582,307583,307584,307585,307586,307587,307588,307589,307590,307591,307592,307593,307594,307595,307596,307597,307598,307599,307600,307601,307602,307603,307604,307605,307606,307607,307608,307609
69,6902,'H50S000I-82-I',307610,307611,307612,307613,307614,307615,307616,307617,307618,307619,307620,307621,307622,307623,307624,307625,307626,307627,307628,307629,307630,307631,307632,307633,307634,307635,307636,307637,307638,307639,307640,307641,307642,307643,307644,307645,307646,307647,307648,307649,307650,307651,307652,307653,307654,307655,307656,307657,307658,307659,307660,307661,307662,307663,307664,307665,307666,307667,307668
69,6902,'H50S000S-82-S',307669,307670,307671,307672,307673,307674,307675,307676,307677,307678,307679,307680,307681,307682,307683,307684,307685,307686,307687,307688,307689,307690,307691,307692,307693,307694,307695,307696,307697,307698,307699,307700,307701,307702,307703,307704,307705,307706,307707,307708,307709,307710,307711,307712,307713,307714,307715,307716,307717,307718,307719,307720,307721,307722,307723,307724,307725,307726,307727,307728,307729,307730,307731,307732,307733,307734,307735,307736,307737,307738,307739,307740,307741,307742,307743,307744,307745,307746,307747,307748,307749,307750,307751,307752,307753,307754,307755,307756,307757
69,6902,'H50S100F-80-F1',307758,307759,307760,307761,307762,307763,307764,307765,307766,307767,307768,307769,307770,307771,307772,307773,307774,307775,307776,307777,307778,307779,307780,307781,307782,307783,307784,307785,307786,307787,307788,307789,307790,307791,307792,307793,307794,307795,307796,307797,307798,307799,307800,307801,307802,307803,307804,307805,307806,307807,307808,307809,307810,307811,307812,307813,307814,307815,307816
69,6902,'H50S200F-80-F2',307817,307818,307819,307820,307821,307822,307823,307824,307825,307826,307827,307828,307829,307830,307831,307832,307833,307834,307835,307836,307837,307838,307839,307840,307841,307842,307843,307844,307845,307846,307847,307848,307849,307850,307851,307852,307853,307854,307855,307856,307857,307858,307859,307860,307861,307862,307863,307864,307865,307866,307867,307868,307869,307870,307871,307872,307873,307874,307875
69,6902,'H54S000S-80-S',307876
69,6902,'H58S000S-83-S',307877
70,7001,'H60S000A-80-A',307878,307879,307880,307881,307882,307883,307884,307885,307886,307887,307888,307889,307890,307891,307892,307893,307894,307895,307896,307897,307898,307899,307900,307901,307902,307903,307904,307905,307906,307907,307908,307909,307910,307911,307912
70,7001,'H60S000I-81-I',307913,307914,307915,307916,307917,307918,307919,307920,307921,307922,307923,307924,307925,307926,307927,307928,307929,307930,307931,307932,307933,307934,307935,307936,307937,307938,307939,307940,307941,307942,307943,307944,307945,307946,307947
70,7001,'H60S000S-83-S',307948,307949,307950,307951,307952,307953,307954,307955,307956,307957,307958,307959,307960,307961,307962,307963,307964,307965,307966,307967,307968,307969,307970,307971,307972,307973,307974,307975,307976,307977,307978,307979,307980,307981,307982,307983,307984
70,7001,'H60S100F-80-F1',307985,307986,307987,307988,307989,307990,307991,307992,307993,307994,307995,307996,307997,307998,307999,308000,308001,308002,308003,308004,308005,308006,308007,308008,308009,308010,308011,308012,308013,308014,308015,308016,308017,308018,308019
70,7001,'H60S200F-80-F2',308020,308021,308022,308023,308024,308025,308026,308027,308028,308029,308030,308031,308032,308033,308034,308035,308036,308037,308038,308039,308040,308041,308042,308043,308044,308045,308046,308047,308048,308049,308050,308051,308052,308053,308054
70,7002,'H60S000A-80-A',308055,308056,308057,308058,308059,308060,308061,308062,308063,308064,308065,308066,308067,308068,308069,308070,308071,308072,308073,308074,308075,308076,308077,308078,308079,308080,308081,308082,308083,308084,308085,308086,308087,308088,308089,308090
70,7002,'H60S000I-81-I',308091,308092,308093,308094,308095,308096,308097,308098,308099,308100,308101,308102,308103,308104,308105,308106,308107,308108,308109,308110,308111,308112,308113,308114,308115,308116,308117,308118,308119,308120,308121,308122,308123,308124,308125,308126
70,7002,'H60S000S-83-S',308127,308128,308129,308130,308131,308132,308133,308134,308135,308136,308137,308138,308139,308140,308141,308142,308143,308144,308145,308146,308147,308148,308149,308150,308151,308152,308153,308154,308155,308156,308157,308158,308159,308160,308161,308162,308163,308164,308165,308166,308167
70,7002,'H60S100F-80-F1',308168,308169,308170,308171,308172,308173,308174,308175,308176,308177,308178,308179,308180,308181,308182,308183,308184,308185,308186,308187,308188,308189,308190,308191,308192,308193,308194,308195,308196,308197,308198,308199,308200,308201,308202,308203
70,7002,'H60S200F-80-F2',308204,308205,308206,308207,308208,308209,308210,308211,308212,308213,308214,308215,308216,308217,308218,308219,308220,308221,308222,308223,308224,308225,308226,308227,308228,308229,308230,308231,308232,308233,308234,308235,308236,308237,308238,308239
71,7103,'H56S000A-80-A',308240,308241,308242,308243,308244,308245,308246,308247,308248,308249,308250,308251,308252,308253,308254,308255,308256,308257,308258,308259,308260,308261,308262,308263,308264,308265,308266,308267,308268,308269,308270,308271,308272,308273,308274,308275,308276,308277,308278
71,7103,'H56S000I-80-I',308279,308280,308281,308282,308283,308284,308285,308286,308287,308288,308289,308290,308291,308292,308293,308294,308295,308296,308297,308298,308299,308300,308301,308302,308303,308304,308305,308306,308307,308308,308309,308310,308311,308312,308313,308314,308315,308316,308317
71,7103,'H56S000S-82-S',308318,308319,308320,308321,308322,308323,308324,308325,308326,308327,308328,308329,308330,308331,308332,308333,308334,308335,308336,308337,308338,308339,308340,308341,308342,308343,308344,308345,308346,308347,308348,308349,308350,308351,308352,308353,308354,308355,308356,308357
71,7103,'H56S100F-80-F1',308358,308359,308360,308361,308362,308363,308364,308365,308366,308367,308368,308369,308370,308371,308372,308373,308374,308375,308376,308377,308378,308379,308380,308381,308382,308383,308384,308385,308386,308387,308388,308389,308390,308391,308392,308393,308394,308395,308396
71,7103,'H56S200F-80-F2',308397,308398,308399,308400,308401,308402,308403,308404,308405,308406,308407,308408,308409,308410,308411,308412,308413,308414,308415,308416,308417,308418,308419,308420,308421,308422,308423,308424,308425,308426,308427,308428,308429,308430,308431,308432,308433,308434,308435
71,7104,'H56S000A-80-A',308436,308437,308438,308439,308440,308441,308442,308443,308444,308445,308446,308447,308448,308449,308450,308451,308452,308453,308454,308455,308456,308457,308458,308459,308460,308461,308462,308463,308464,308465,308466,308467,308468,308469,308470,308471,308472,308473
71,7104,'H56S000I-80-I',308474,308475,308476,308477,308478,308479,308480,308481,308482,308483,308484,308485,308486,308487,308488,308489,308490,308491,308492,308493,308494,308495,308496,308497,308498,308499,308500,308501,308502,308503,308504,308505,308506,308507,308508,308509,308510,308511
71,7104,'H56S000S-82-S',308512,308513,308514,308515,308516,308517,308518,308519,308520,308521,308522,308523,308524,308525,308526,308527,308528,308529,308530,308531,308532,308533,308534,308535,308536,308537,308538,308539,308540,308541,308542,308543,308544,308545,308546,308547,308548,308549,308550,308551
71,7104,'H56S100F-80-F1',308552,308553,308554,308555,308556,308557,308558,308559,308560,308561,308562,308563,308564,308565,308566,308567,308568,308569,308570,308571,308572,308573,308574,308575,308576,308577,308578,308579,308580,308581,308582,308583,308584,308585,308586,308587,308588,308589
71,7104,'H56S200F-80-F2',308590,308591,308592,308593,308594,308595,308596,308597,308598,308599,308600,308601,308602,308603,308604,308605,308606,308607,308608,308609,308610,308611,308612,308613,308614,308615,308616,308617,308618,308619,308620,308621,308622,308623,308624,308625,308626,308627
72,7201,'H50S000S-82-S',308628,308629,308630,308631
72,7201,'H60S000S-83-S',308632,308633,308634,308635,308636,308637,308638,308639,308640,308641,308642,308643,308644,308645,308646,308647,308648,308649,308650,308651,308652,308653,308654,308655,308656,308657,308658,308659,308660,308661,308662,308663,308664,308665,308666,308667,308668,308669,308670,308671,308672,308673,308674
72,7201,'H60S100F-80-F1',308675,308676,308677,308678,308679,308680,308681,308682,308683,308684,308685,308686,308687,308688,308689,308690,308691,308692,308693,308694,308695,308696,308697,308698,308699,308700,308701,308702,308703,308704,308705,308706,308707
72,7201,'H60S200F-80-F2',308708,308709,308710,308711,308712,308713,308714,308715,308716,308717,308718,308719,308720,308721,308722,308723,308724,308725,308726,308727,308728,308729,308730,308731,308732,308733,308734,308735,308736,308737,308738,308739,308740
72,7202,'H56S000S-82-S',308741
72,7202,'H60S000S-83-S',308742,308743,308744,308745,308746,308747,308748,308749,308750,308751,308752,308753,308754,308755,308756,308757,308758,308759,308760,308761,308762,308763,308764,308765,308766,308767,308768,308769,308770,308771,308772,308773,308774,308775,308776,308777,308778,308779,308780,308781,308782,308783,308784,308785,308786,308787,308788,308789,308790,308791,308792,308793
72,7202,'H60S100F-80-F1',308794,308795,308796,308797,308798,308799,308800,308801,308802,308803,308804,308805,308806,308807,308808,308809,308810,308811,308812,308813,308814,308815,308816,308817,308818,308819,308820,308821,308822,308823
72,7202,'H60S200F-80-F2',308824,308825,308826,308827,308828,308829,308830,308831,308832,308833,308834,308835,308836,308837,308838,308839,308840,308841,308842,308843,308844,308845,308846,308847,308848,308849,308850,308851,308852,308853
73,7302,'H60S000S-83-S',308854,308855,308856,308857,308858,308859,308860,308861,308862,308863,308864,308865,308866
74,7403,'H59S000A-80-A',308867,308868,308869,308870,308871,308872,308873,308874,308875,308876,308877,308878,308879,308880,308881,308882,308883,308884,308885,308886,308887,308888,308889,308890,308891,308892,308893,308894,308895,308896,308897,308898,308899,308900,308901
74,7403,'H59S000I-81-I',308902,308903,308904,308905,308906,308907,308908,308909,308910,308911,308912,308913,308914,308915,308916,308917,308918,308919,308920,308921,308922,308923,308924,308925,308926,308927,308928,308929,308930,308931,308932,308933,308934,308935,308936
74,7403,'H59S000S-80-S',308937,308938,308939,308940,308941,308942,308943,308944,308945,308946,308947,308948,308949,308950,308951,308952,308953,308954,308955,308956,308957,308958,308959,308960,308961,308962,308963,308964,308965,308966,308967,308968,308969,308970,308971,308972,308973,308974,308975,308976,308977,308978
74,7403,'H59S100F-80-F1',308979,308980,308981,308982,308983,308984,308985,308986,308987,308988,308989,308990,308991,308992,308993,308994,308995,308996,308997,308998,308999,309000,309001,309002,309003,309004,309005,309006,309007,309008,309009,309010,309011,309012,309013
74,7403,'H59S200F-80-F2',309014,309015,309016,309017,309018,309019,309020,309021,309022,309023,309024,309025,309026,309027,309028,309029,309030,309031,309032,309033,309034,309035,309036,309037,309038,309039,309040,309041,309042,309043,309044,309045,309046,309047,309048
74,7404,'H59S000A-80-A',309049,309050,309051,309052,309053,309054,309055,309056,309057,309058,309059,309060,309061,309062,309063,309064,309065,309066,309067,309068,309069,309070,309071,309072,309073,309074,309075,309076,309077,309078,309079,309080,309081,309082,309083
74,7404,'H59S000I-81-I',309084,309085,309086,309087,309088,309089,309090,309091,309092,309093,309094,309095,309096,309097,309098,309099,309100,309101,309102,309103,309104,309105,309106,309107,309108,309109,309110,309111,309112,309113,309114,309115,309116,309117,309118
74,7404,'H59S000S-80-S',309119,309120,309121,309122,309123,309124,309125,309126,309127,309128,309129,309130,309131,309132,309133,309134,309135,309136,309137,309138,309139,309140,309141,309142,309143,309144,309145,309146,309147,309148,309149,309150,309151,309152,309153,309154,309155,309156,309157,309158,309159,309160
74,7404,'H59S100F-80-F1',309161,309162,309163,309164,309165,309166,309167,309168,309169,309170,309171,309172,309173,309174,309175,309176,309177,309178,309179,309180,309181,309182,309183,309184,309185,309186,309187,309188,309189,309190,309191,309192,309193,309194,309195
74,7404,'H59S200F-80-F2',309196,309197,309198,309199,309200,309201,309202,309203,309204,309205,309206,309207,309208,309209,309210,309211,309212,309213,309214,309215,309216,309217,309218,309219,309220,309221,309222,309223,309224,309225,309226,309227,309228,309229,309230
79,7901,'H58S000A-80-A',309231,309232,309233,309234,309235,309236,309237,309238,309239,309240,309241,309242,309243,309244,309245,309246,309247,309248,309249,309250,309251,309252,309253,309254,309255,309256,309257,309258,309259,309260,309261,309262,309263,309264,309265,309266,309267,309268,309269,309270,309271,309272
79,7901,'H58S000I-80-I',309273,309274,309275,309276,309277,309278,309279,309280,309281,309282,309283,309284,309285,309286,309287,309288,309289,309290,309291,309292,309293,309294,309295,309296,309297,309298,309299,309300,309301,309302,309303,309304,309305,309306,309307,309308,309309,309310,309311,309312,309313
79,7901,'H58S000S-83-S',309314,309315,309316,309317,309318,309319,309320,309321,309322,309323,309324,309325,309326,309327,309328,309329,309330,309331,309332,309333,309334,309335,309336,309337,309338,309339,309340,309341,309342,309343,309344,309345,309346,309347,309348,309349,309350,309351,309352,309353,309354,309355,309356,309357,309358,309359,309360,309361,309362,309363
79,7901,'H58S100F-80-F1',309364,309365,309366,309367,309368,309369,309370,309371,309372,309373,309374,309375,309376,309377,309378,309379,309380,309381,309382,309383,309384,309385,309386,309387,309388,309389,309390,309391,309392,309393,309394,309395,309396,309397,309398,309399,309400,309401,309402,309403,309404
79,7901,'H58S200F-80-F2',309405,309406,309407,309408,309409,309410,309411,309412,309413,309414,309415,309416,309417,309418,309419,309420,309421,309422,309423,309424,309425,309426,309427,309428,309429,309430,309431,309432,309433,309434,309435,309436,309437,309438,309439,309440,309441,309442,309443,309444,309445
79,7901,'H60S000S-83-S',309446,309447,309448
79,7902,'H58S000A-80-A',309449,309450,309451,309452,309453,309454,309455,309456,309457,309458,309459,309460,309461,309462,309463,309464,309465,309466,309467,309468,309469,309470,309471,309472,309473,309474,309475,309476,309477,309478,309479,309480,309481,309482,309483,309484,309485,309486,309487,309488,309489,309490
79,7902,'H58S000I-80-I',309491,309492,309493,309494,309495,309496,309497,309498,309499,309500,309501,309502,309503,309504,309505,309506,309507,309508,309509,309510,309511,309512,309513,309514,309515,309516,309517,309518,309519,309520,309521,309522,309523,309524,309525,309526,309527,309528,309529,309530,309531
79,7902,'H58S000S-83-S',309532,309533,309534,309535,309536,309537,309538,309539,309540,309541,309542,309543,309544,309545,309546,309547,309548,309549,309550,309551,309552,309553,309554,309555,309556,309557,309558,309559,309560,309561,309562,309563,309564,309565,309566,309567,309568,309569,309570,309571,309572,309573,309574,309575,309576,309577,309578,309579,309580,309581,309582,309583,309584
79,7902,'H58S100F-80-F1',309585,309586,309587,309588,309589,309590,309591,309592,309593,309594,309595,309596,309597,309598,309599,309600,309601,309602,309603,309604,309605,309606,309607,309608,309609,309610,309611,309612,309613,309614,309615,309616,309617,309618,309619,309620,309621,309622,309623,309624,309625
79,7902,'H58S200F-80-F2',309626,309627,309628,309629,309630,309631,309632,309633,309634,309635,309636,309637,309638,309639,309640,309641,309642,309643,309644,309645,309646,309647,309648,309649,309650,309651,309652,309653,309654,309655,309656,309657,309658,309659,309660,309661,309662,309663,309664,309665,309666
80,8003,'H50S000A-82-A',309667,309668,309669,309670,309671,309672,309673,309674,309675,309676,309677,309678,309679,309680,309681,309682,309683,309684,309685,309686,309687,309688,309689,309690,309691,309692,309693,309694,309695,309696,309697,309698,309699,309700,309701,309702,309703,309704,309705,309706,309707,309708,309709,309710,309711,309712,309713,309714,309715,309716,309717,309718,309719,309720,309721,309722,309723,309724,309725,309726,309727,309728,309729,309730,309731
80,8003,'H50S000I-82-I',309732,309733,309734,309735,309736,309737,309738,309739,309740,309741,309742,309743,309744,309745,309746,309747,309748,309749,309750,309751,309752,309753,309754,309755,309756,309757,309758,309759,309760,309761,309762,309763,309764,309765,309766,309767,309768,309769,309770,309771,309772,309773,309774,309775,309776,309777,309778,309779,309780,309781,309782,309783,309784,309785,309786,309787,309788,309789,309790,309791,309792,309793
80,8003,'H50S000S-82-S',309794,309795,309796,309797,309798,309799,309800,309801,309802,309803,309804,309805,309806,309807,309808,309809,309810,309811,309812,309813,309814,309815,309816,309817,309818,309819,309820,309821,309822,309823,309824,309825,309826,309827,309828,309829,309830,309831,309832,309833,309834,309835,309836,309837,309838,309839,309840,309841,309842,309843,309844,309845,309846,309847,309848,309849,309850,309851,309852,309853,309854,309855,309856,309857,309858,309859,309860,309861
80,8003,'H50S100F-80-F1',309862,309863,309864,309865,309866,309867,309868,309869,309870,309871,309872,309873,309874,309875,309876,309877,309878,309879,309880,309881,309882,309883,309884,309885,309886,309887,309888,309889,309890,309891,309892,309893,309894,309895,309896,309897,309898,309899,309900,309901,309902,309903,309904,309905,309906,309907,309908,309909,309910,309911,309912,309913,309914,309915,309916,309917,309918,309919,309920,309921,309922,309923
80,8003,'H50S200F-80-F2',309924,309925,309926,309927,309928,309929,309930,309931,309932,309933,309934,309935,309936,309937,309938,309939,309940,309941,309942,309943,309944,309945,309946,309947,309948,309949,309950,309951,309952,309953,309954,309955,309956,309957,309958,309959,309960,309961,309962,309963,309964,309965,309966,309967,309968,309969,309970,309971,309972,309973,309974,309975,309976,309977,309978,309979,309980,309981,309982,309983,309984,309985
80,8003,'H51S000S-81-S',309986,309987
80,8003,'H58S000S-83-S',309988
80,8004,'H50S000A-82-A',309989,309990,309991,309992,309993,309994,309995,309996,309997,309998,309999,310000,310001,310002,310003,310004,310005,310006,310007,310008,310009,310010,310011,310012,310013,310014,310015,310016,310017,310018,310019,310020,310021,310022,310023,310024,310025,310026,310027,310028,310029,310030,310031,310032,310033,310034,310035,310036,310037,310038,310039,310040,310041,310042,310043,310044,310045,310046,310047,310048,310049,310050,310051,310052
80,8004,'H50S000I-82-I',310053,310054,310055,310056,310057,310058,310059,310060,310061,310062,310063,310064,310065,310066,310067,310068,310069,310070,310071,310072,310073,310074,310075,310076,310077,310078,310079,310080,310081,310082,310083,310084,310085,310086,310087,310088,310089,310090,310091,310092,310093,310094,310095,310096,310097,310098,310099,310100,310101,310102,310103,310104,310105,310106,310107,310108,310109,310110,310111
80,8004,'H50S000S-82-S',310112,310113,310114,310115,310116,310117,310118,310119,310120,310121,310122,310123,310124,310125,310126,310127,310128,310129,310130,310131,310132,310133,310134,310135,310136,310137,310138,310139,310140,310141,310142,310143,310144,310145,310146,310147,310148,310149,310150,310151,310152,310153,310154,310155,310156,310157,310158,310159,310160,310161,310162,310163,310164,310165,310166,310167,310168,310169,310170,310171,310172,310173,310174,310175,310176,310177
80,8004,'H50S100F-80-F1',310178,310179,310180,310181,310182,310183,310184,310185,310186,310187,310188,310189,310190,310191,310192,310193,310194,310195,310196,310197,310198,310199,310200,310201,310202,310203,310204,310205,310206,310207,310208,310209,310210,310211,310212,310213,310214,310215,310216,310217,310218,310219,310220,310221,310222,310223,310224,310225,310226,310227,310228,310229,310230,310231,310232,310233,310234,310235,310236
80,8004,'H50S200F-80-F2',310237,310238,310239,310240,310241,310242,310243,310244,310245,310246,310247,310248,310249,310250,310251,310252,310253,310254,310255,310256,310257,310258,310259,310260,310261,310262,310263,310264,310265,310266,310267,310268,310269,310270,310271,310272,310273,310274,310275,310276,310277,310278,310279,310280,310281,310282,310283,310284,310285,310286,310287,310288,310289,310290,310291,310292,310293,310294,310295
80,8004,'H51S000S-81-S',310296,310297,310298
80,8004,'H58S000S-83-S',310299
81,8103,'H54S000A-80-A',310300,310301,310302,310303,310304,310305,310306,310307,310308,310309,310310,310311,310312,310313,310314,310315,310316,310317,310318,310319,310320,310321,310322,310323,310324,310325,310326,310327,310328,310329,310330,310331
81,8103,'H54S000I-80-I',310332,310333,310334,310335,310336,310337,310338,310339,310340,310341,310342,310343,310344,310345,310346,310347,310348,310349,310350,310351,310352,310353,310354,310355,310356,310357,310358,310359,310360,310361,310362,310363
81,8103,'H54S000S-80-S',310364,310365,310366,310367,310368,310369,310370,310371,310372,310373,310374,310375,310376,310377,310378,310379,310380,310381,310382,310383,310384,310385,310386,310387,310388,310389,310390,310391,310392,310393,310394,310395,310396,310397,310398,310399
81,8103,'H54S100F-80-F1',310400,310401,310402,310403,310404,310405,310406,310407,310408,310409,310410,310411,310412,310413,310414,310415,310416,310417,310418,310419,310420,310421,310422,310423,310424,310425,310426,310427,310428,310429,310430,310431
81,8103,'H54S200F-80-F2',310432,310433,310434,310435,310436,310437,310438,310439,310440,310441,310442,310443,310444,310445,310446,310447,310448,310449,310450,310451,310452,310453,310454,310455,310456,310457,310458,310459,310460,310461,310462,310463
81,8104,'H54S000A-80-A',310464,310465,310466,310467,310468,310469,310470,310471,310472,310473,310474,310475,310476,310477,310478,310479,310480,310481,310482,310483,310484,310485,310486,310487,310488,310489,310490,310491,310492,310493,310494,310495
81,8104,'H54S000I-80-I',310496,310497,310498,310499,310500,310501,310502,310503,310504,310505,310506,310507,310508,310509,310510,310511,310512,310513,310514,310515,310516,310517,310518,310519,310520,310521,310522,310523,310524,310525,310526,310527
81,8104,'H54S000S-80-S',310528,310529,310530,310531,310532,310533,310534,310535,310536,310537,310538,310539,310540,310541,310542,310543,310544,310545,310546,310547,310548,310549,310550,310551,310552,310553,310554,310555,310556,310557,310558,310559,310560,310561
81,8104,'H54S100F-80-F1',310562,310563,310564,310565,310566,310567,310568,310569,310570,310571,310572,310573,310574,310575,310576,310577,310578,310579,310580,310581,310582,310583,310584,310585,310586,310587,310588,310589,310590,310591,310592,310593
81,8104,'H54S200F-80-F2',310594,310595,310596,310597,310598,310599,310600,310601,310602,310603,310604,310605,310606,310607,310608,310609,310610,310611,310612,310613,310614,310615,310616,310617,310618,310619,310620,310621,310622,310623,310624,310625
85,8501,'H54S000S-80-S',310626
85,8501,'H59S000A-80-A',310627,310628,310629,310630,310631,310632,310633,310634,310635,310636,310637,310638,310639,310640,310641,310642,310643,310644,310645,310646,310647,310648,310649,310650,310651,310652,310653,310654,310655,310656,310657
85,8501,'H59S000I-81-I',310658,310659,310660,310661,310662,310663,310664,310665,310666,310667,310668,310669,310670,310671,310672,310673,310674,310675,310676,310677,310678,310679,310680,310681,310682,310683,310684,310685,310686,310687,310688
85,8501,'H59S000S-80-S',310689,310690,310691,310692,310693,310694,310695,310696,310697,310698,310699,310700,310701,310702,310703,310704,310705,310706,310707,310708,310709,310710,310711,310712,310713,310714,310715,310716,310717,310718,310719,310720,310721,310722,310723,310724,310725
85,8501,'H59S100F-80-F1',310726,310727,310728,310729,310730,310731,310732,310733,310734,310735,310736,310737,310738,310739,310740,310741,310742,310743,310744,310745,310746,310747,310748,310749,310750,310751,310752,310753,310754,310755,310756
85,8501,'H59S200F-80-F2',310757,310758,310759,310760,310761,310762,310763,310764,310765,310766,310767,310768,310769,310770,310771,310772,310773,310774,310775,310776,310777,310778,310779,310780,310781,310782,310783,310784,310785,310786,310787
85,8502,'H59S000A-80-A',310788,310789,310790,310791,310792,310793,310794,310795,310796,310797,310798,310799,310800,310801,310802,310803,310804,310805,310806,310807,310808,310809,310810,310811,310812,310813,310814,310815,310816,310817,310818
85,8502,'H59S000I-81-I',310819,310820,310821,310822,310823,310824,310825,310826,310827,310828,310829,310830,310831,310832,310833,310834,310835,310836,310837,310838,310839,310840,310841,310842,310843,310844,310845,310846,310847,310848,310849,310850
85,8502,'H59S000S-80-S',310851,310852,310853,310854,310855,310856,310857,310858,310859,310860,310861,310862,310863,310864,310865,310866,310867,310868,310869,310870,310871,310872,310873,310874,310875,310876,310877,310878,310879,310880,310881,310882,310883,310884,310885,310886,310887,310888,310889
85,8502,'H59S100F-80-F1',310890,310891,310892,310893,310894,310895,310896,310897,310898,310899,310900,310901,310902,310903,310904,310905,310906,310907,310908,310909,310910,310911,310912,310913,310914,310915,310916,310917,310918,310919,310920,310921
85,8502,'H59S200F-80-F2',310922,310923,310924,310925,310926,310927,310928,310929,310930,310931,310932,310933,310934,310935,310936,310937,310938,310939,310940,310941,310942,310943,310944,310945,310946,310947,310948,310949,310950,310951,310952,310953
86,8601,'H54S000A-80-A',310954,310955,310956,310957,310958,310959,310960,310961,310962,310963,310964,310965,310966,310967,310968,310969,310970,310971,310972,310973,310974,310975,310976,310977,310978,310979,310980,310981,310982,310983,310984,310985,310986,310987,310988,310989,310990,310991
86,8601,'H54S000I-80-I',310992,310993,310994,310995,310996,310997,310998,310999,311000,311001,311002,311003,311004,311005,311006,311007,311008,311009,311010,311011,311012,311013,311014,311015,311016,311017,311018,311019,311020,311021,311022,311023,311024,311025,311026,311027,311028,311029,311030
86,8601,'H54S000S-80-S',311031,311032,311033,311034,311035,311036,311037,311038,311039,311040,311041,311042,311043,311044,311045,311046,311047,311048,311049,311050,311051,311052,311053,311054,311055,311056,311057,311058,311059,311060,311061,311062,311063,311064,311065,311066,311067,311068,311069,311070,311071
86,8601,'H54S100F-80-F1',311072,311073,311074,311075,311076,311077,311078,311079,311080,311081,311082,311083,311084,311085,311086,311087,311088,311089,311090,311091,311092,311093,311094,311095,311096,311097,311098,311099,311100,311101,311102,311103,311104,311105,311106,311107,311108,311109,311110
86,8601,'H54S200F-80-F2',311111,311112,311113,311114,311115,311116,311117,311118,311119,311120,311121,311122,311123,311124,311125,311126,311127,311128,311129,311130,311131,311132,311133,311134,311135,311136,311137,311138,311139,311140,311141,311142,311143,311144,311145,311146,311147,311148,311149
86,8602,'H54S000A-80-A',311150,311151,311152,311153,311154,311155,311156,311157,311158,311159,311160,311161,311162,311163,311164,311165,311166,311167,311168,311169,311170,311171,311172,311173,311174,311175,311176,311177,311178,311179,311180,311181,311182,311183,311184,311185,311186,311187,311188
86,8602,'H54S000I-80-I',311189,311190,311191,311192,311193,311194,311195,311196,311197,311198,311199,311200,311201,311202,311203,311204,311205,311206,311207,311208,311209,311210,311211,311212,311213,311214,311215,311216,311217,311218,311219,311220,311221,311222,311223,311224,311225,311226,311227
86,8602,'H54S000S-80-S',311228,311229,311230,311231,311232,311233,311234,311235,311236,311237,311238,311239,311240,311241,311242,311243,311244,311245,311246,311247,311248,311249,311250,311251,311252,311253,311254,311255,311256,311257,311258,311259,311260,311261,311262,311263,311264,311265,311266,311267,311268
86,8602,'H54S100F-80-F1',311269,311270,311271,311272,311273,311274,311275,311276,311277,311278,311279,311280,311281,311282,311283,311284,311285,311286,311287,311288,311289,311290,311291,311292,311293,311294,311295,311296,311297,311298,311299,311300,311301,311302,311303,311304,311305,311306,311307
86,8602,'H54S200F-80-F2',311308,311309,311310,311311,311312,311313,311314,311315,311316,311317,311318,311319,311320,311321,311322,311323,311324,311325,311326,311327,311328,311329,311330,311331,311332,311333,311334,311335,311336,311337,311338,311339,311340,311341,311342,311343,311344,311345,311346
90,9001,'H56S000A-80-A',311347,311348,311349,311350,311351,311352,311353,311354,311355,311356,311357,311358,311359,311360,311361,311362,311363,311364,311365,311366,311367,311368,311369,311370,311371,311372,311373,311374,311375,311376,311377,311378,311379,311380,311381,311382,311383,311384,311385,311386,311387,311388,311389,311390,311391,311392,311393,311394,311395,311396,311397,311398,311399,311400,311401,311402,311403,311404,311405,311406
90,9001,'H56S000I-80-I',311407,311408,311409,311410,311411,311412,311413,311414,311415,311416,311417,311418,311419,311420,311421,311422,311423,311424,311425,311426,311427,311428,311429,311430,311431,311432,311433,311434,311435,311436,311437,311438,311439,311440,311441,311442,311443,311444,311445,311446,311447,311448,311449,311450,311451,311452,311453,311454,311455,311456,311457
90,9001,'H56S000S-82-S',311458,311459,311460,311461,311462,311463,311464,311465,311466,311467,311468,311469,311470,311471,311472,311473,311474,311475,311476,311477,311478,311479,311480,311481,311482,311483,311484,311485,311486,311487,311488,311489,311490,311491,311492,311493,311494,311495,311496,311497,311498,311499,311500,311501,311502,311503,311504,311505,311506,311507,311508,311509,311510,311511,311512,311513,311514,311515,311516,311517,311518,311519,311520,311521,311522,311523,311524,311525,311526,311527,311528,311529,311530,311531,311532,311533
90,9001,'H56S100F-80-F1',311534,311535,311536,311537,311538,311539,311540,311541,311542,311543,311544,311545,311546,311547,311548,311549,311550,311551,311552,311553,311554,311555,311556,311557,311558,311559,311560,311561,311562,311563,311564,311565,311566,311567,311568,311569,311570,311571,311572,311573,311574,311575,311576,311577,311578,311579,311580,311581,311582,311583,311584
90,9001,'H56S200F-80-F2',311585,311586,311587,311588,311589,311590,311591,311592,311593,311594,311595,311596,311597,311598,311599,311600,311601,311602,311603,311604,311605,311606,311607,311608,311609,311610,311611,311612,311613,311614,311615,311616,311617,311618,311619,311620,311621,311622,311623,311624,311625,311626,311627,311628,311629,311630,311631,311632,311633,311634,311635
90,9002,'H56S000A-80-A',311636,311637,311638,311639,311640,311641,311642,311643,311644,311645,311646,311647,311648,311649,311650,311651,311652,311653,311654,311655,311656,311657,311658,311659,311660,311661,311662,311663,311664,311665,311666,311667,311668,311669,311670,311671,311672,311673,311674,311675,311676,311677,311678,311679,311680,311681,311682,311683,311684,311685,311686,311687,311688,311689,311690,311691,311692,311693,311694,311695,311696
90,9002,'H56S000I-80-I',311697,311698,311699,311700,311701,311702,311703,311704,311705,311706,311707,311708,311709,311710,311711,311712,311713,311714,311715,311716,311717,311718,311719,311720,311721,311722,311723,311724,311725,311726,311727,311728,311729,311730,311731,311732,311733,311734,311735,311736,311737,311738,311739,311740
90,9002,'H56S000S-82-S',311741,311742,311743,311744,311745,311746,311747,311748,311749,311750,311751,311752,311753,311754,311755,311756,311757,311758,311759,311760,311761,311762,311763,311764,311765,311766,311767,311768,311769,311770,311771,311772,311773,311774,311775,311776,311777,311778,311779,311780,311781,311782,311783,311784,311785,311786,311787,311788,311789,311790,311791,311792,311793,311794,311795,311796,311797,311798,311799,311800,311801,311802,311803,311804,311805,311806,311807,311808,311809,311810,311811,311812,311813,311814,311815
90,9002,'H56S100F-80-F1',311816,311817,311818,311819,311820,311821,311822,311823,311824,311825,311826,311827,311828,311829,311830,311831,311832,311833,311834,311835,311836,311837,311838,311839,311840,311841,311842,311843,311844,311845,311846,311847,311848,311849,311850,311851,311852,311853,311854,311855,311856,311857,311858,311859
90,9002,'H56S200F-80-F2',311860,311861,311862,311863,311864,311865,311866,311867,311868,311869,311870,311871,311872,311873,311874,311875,311876,311877,311878,311879,311880,311881,311882,311883,311884,311885,311886,311887,311888,311889,311890,311891,311892,311893,311894,311895,311896,311897,311898,311899,311900,311901,311902,311903
92,9201,'H50S000S-82-S',311904,311905
92,9201,'H51S000A-80-A',311906,311907,311908,311909,311910,311911,311912,311913,311914,311915,311916,311917,311918,311919,311920,311921,311922,311923,311924,311925,311926,311927,311928,311929,311930,311931,311932,311933,311934,311935,311936,311937,311938,311939,311940,311941,311942,311943
92,9201,'H51S000I-80-I',311944,311945,311946,311947,311948,311949,311950,311951,311952,311953,311954,311955,311956,311957,311958,311959,311960,311961,311962,311963,311964,311965,311966,311967,311968,311969,311970,311971,311972,311973,311974,311975,311976,311977,311978,311979,311980
92,9201,'H51S000S-81-S',311981,311982,311983,311984,311985,311986,311987,311988,311989,311990,311991,311992,311993,311994,311995,311996,311997,311998,311999,312000,312001,312002,312003,312004,312005,312006,312007,312008,312009,312010,312011,312012,312013,312014,312015,312016,312017,312018,312019,312020,312021,312022,312023,312024,312025,312026,312027
92,9201,'H51S100F-80-F1',312028,312029,312030,312031,312032,312033,312034,312035,312036,312037,312038,312039,312040,312041,312042,312043,312044,312045,312046,312047,312048,312049,312050,312051,312052,312053,312054,312055,312056,312057,312058,312059,312060,312061,312062,312063,312064
92,9201,'H51S200F-80-F2',312065,312066,312067,312068,312069,312070,312071,312072,312073,312074,312075,312076,312077,312078,312079,312080,312081,312082,312083,312084,312085,312086,312087,312088,312089,312090,312091,312092,312093,312094,312095,312096,312097,312098,312099,312100,312101
92,9202,'H50S000S-82-S',312102,312103
92,9202,'H51S000A-80-A',312104,312105,312106,312107,312108,312109,312110,312111,312112,312113,312114,312115,312116,312117,312118,312119,312120,312121,312122,312123,312124,312125,312126,312127,312128,312129,312130,312131,312132,312133,312134,312135,312136,312137,312138,312139,312140,312141,312142
92,9202,'H51S000I-80-I',312143,312144,312145,312146,312147,312148,312149,312150,312151,312152,312153,312154,312155,312156,312157,312158,312159,312160,312161,312162,312163,312164,312165,312166,312167,312168,312169,312170,312171,312172,312173,312174,312175,312176,312177,312178,312179,312180,312181,312182
92,9202,'H51S000S-81-S',312183,312184,312185,312186,312187,312188,312189,312190,312191,312192,312193,312194,312195,312196,312197,312198,312199,312200,312201,312202,312203,312204,312205,312206,312207,312208,312209,312210,312211,312212,312213,312214,312215,312216,312217,312218,312219,312220,312221,312222,312223,312224,312225,312226,312227,312228,312229,312230,312231,312232,312233
92,9202,'H51S100F-80-F1',312234,312235,312236,312237,312238,312239,312240,312241,312242,312243,312244,312245,312246,312247,312248,312249,312250,312251,312252,312253,312254,312255,312256,312257,312258,312259,312260,312261,312262,312263,312264,312265,312266,312267,312268,312269,312270,312271,312272,312273
92,9202,'H51S200F-80-F2',312274,312275,312276,312277,312278,312279,312280,312281,312282,312283,312284,312285,312286,312287,312288,312289,312290,312291,312292,312293,312294,312295,312296,312297,312298,312299,312300,312301,312302,312303,312304,312305,312306,312307,312308,312309,312310,312311,312312,312313
93,9301,'H50S000A-82-A',312314,312315,312316,312317,312318,312319,312320,312321,312322,312323,312324,312325,312326,312327,312328,312329,312330,312331,312332,312333,312334,312335,312336,312337,312338,312339,312340,312341,312342,312343,312344,312345,312346,312347,312348,312349,312350,312351,312352,312353
93,9301,'H50S000I-82-I',312354,312355,312356,312357,312358,312359,312360,312361,312362,312363,312364,312365,312366,312367,312368,312369,312370,312371,312372,312373,312374,312375,312376,312377,312378,312379,312380,312381,312382,312383,312384,312385,312386,312387,312388,312389,312390,312391,312392,312393
93,9301,'H50S000S-82-S',312394,312395,312396,312397,312398,312399,312400,312401,312402,312403,312404,312405,312406,312407,312408,312409,312410,312411,312412,312413,312414,312415,312416,312417,312418,312419,312420,312421,312422,312423,312424,312425,312426,312427,312428,312429,312430,312431,312432,312433
93,9301,'H50S100F-80-F1',312434,312435,312436,312437,312438,312439,312440,312441,312442,312443,312444,312445,312446,312447,312448,312449,312450,312451,312452,312453,312454,312455,312456,312457,312458,312459,312460,312461,312462,312463,312464,312465,312466,312467,312468,312469,312470,312471,312472,312473
93,9301,'H50S200F-80-F2',312474,312475,312476,312477,312478,312479,312480,312481,312482,312483,312484,312485,312486,312487,312488,312489,312490,312491,312492,312493,312494,312495,312496,312497,312498,312499,312500,312501,312502,312503,312504,312505,312506,312507,312508,312509,312510,312511,312512,312513
93,9302,'H50S000A-82-A',312514,312515,312516,312517,312518,312519,312520,312521,312522,312523,312524,312525,312526,312527,312528,312529,312530,312531,312532,312533,312534,312535,312536,312537,312538,312539,312540,312541,312542,312543,312544,312545,312546,312547,312548,312549,312550,312551,312552,312553,312554
93,9302,'H50S000I-82-I',312555,312556,312557,312558,312559,312560,312561,312562,312563,312564,312565,312566,312567,312568,312569,312570,312571,312572,312573,312574,312575,312576,312577,312578,312579,312580,312581,312582,312583,312584,312585,312586,312587,312588,312589,312590,312591,312592,312593,312594,312595,312596
93,9302,'H50S000S-82-S',312597,312598,312599,312600,312601,312602,312603,312604,312605,312606,312607,312608,312609,312610,312611,312612,312613,312614,312615,312616,312617,312618,312619,312620,312621,312622,312623,312624,312625,312626,312627,312628,312629,312630,312631,312632,312633,312634,312635,312636,312637
93,9302,'H50S100F-80-F1',312638,312639,312640,312641,312642,312643,312644,312645,312646,312647,312648,312649,312650,312651,312652,312653,312654,312655,312656,312657,312658,312659,312660,312661,312662,312663,312664,312665,312666,312667,312668,312669,312670,312671,312672,312673,312674,312675,312676,312677,312678,312679
93,9302,'H50S200F-80-F2',312680,312681,312682,312683,312684,312685,312686,312687,312688,312689,312690,312691,312692,312693,312694,312695,312696,312697,312698,312699,312700,312701,312702,312703,312704,312705,312706,312707,312708,312709,312710,312711,312712,312713,312714,312715,312716,312717,312718,312719,312720,312721
94,9403,'H59S000A-80-A',312722,312723,312724,312725,312726,312727,312728,312729,312730,312731,312732,312733,312734,312735,312736,312737,312738,312739,312740,312741,312742,312743,312744,312745,312746,312747,312748,312749,312750,312751,312752,312753,312754,312755,312756,312757,312758,312759,312760,312761,312762,312763,312764
94,9403,'H59S000I-81-I',312765,312766,312767,312768,312769,312770,312771,312772,312773,312774,312775,312776,312777,312778,312779,312780,312781,312782,312783,312784,312785,312786,312787,312788,312789,312790,312791,312792,312793,312794,312795,312796,312797,312798,312799,312800,312801,312802,312803,312804
94,9403,'H59S000S-80-S',312805,312806,312807,312808,312809,312810,312811,312812,312813,312814,312815,312816,312817,312818,312819,312820,312821,312822,312823,312824,312825,312826,312827,312828,312829,312830,312831,312832,312833,312834,312835,312836,312837,312838,312839,312840,312841,312842,312843,312844,312845,312846,312847,312848,312849
94,9403,'H59S100F-80-F1',312850,312851,312852,312853,312854,312855,312856,312857,312858,312859,312860,312861,312862,312863,312864,312865,312866,312867,312868,312869,312870,312871,312872,312873,312874,312875,312876,312877,312878,312879,312880,312881,312882,312883,312884,312885,312886,312887,312888,312889
94,9403,'H59S200F-80-F2',312890,312891,312892,312893,312894,312895,312896,312897,312898,312899,312900,312901,312902,312903,312904,312905,312906,312907,312908,312909,312910,312911,312912,312913,312914,312915,312916,312917,312918,312919,312920,312921,312922,312923,312924,312925,312926,312927,312928,312929
94,9404,'H59S000A-80-A',312930,312931,312932,312933,312934,312935,312936,312937,312938,312939,312940,312941,312942,312943,312944,312945,312946,312947,312948,312949,312950,312951,312952,312953,312954,312955,312956,312957,312958,312959,312960,312961,312962,312963,312964,312965,312966,312967,312968,312969,312970,312971,312972,312973
94,9404,'H59S000I-81-I',312974,312975,312976,312977,312978,312979,312980,312981,312982,312983,312984,312985,312986,312987,312988,312989,312990,312991,312992,312993,312994,312995,312996,312997,312998,312999,313000,313001,313002,313003,313004,313005,313006,313007,313008,313009,313010,313011,313012,313013,313014
94,9404,'H59S000S-80-S',313015,313016,313017,313018,313019,313020,313021,313022,313023,313024,313025,313026,313027,313028,313029,313030,313031,313032,313033,313034,313035,313036,313037,313038,313039,313040,313041,313042,313043,313044,313045,313046,313047,313048,313049,313050,313051,313052,313053,313054,313055,313056,313057,313058,313059,313060,313061,313062,313063
94,9404,'H59S100F-80-F1',313064,313065,313066,313067,313068,313069,313070,313071,313072,313073,313074,313075,313076,313077,313078,313079,313080,313081,313082,313083,313084,313085,313086,313087,313088,313089,313090,313091,313092,313093,313094,313095,313096,313097,313098,313099,313100,313101,313102,313103,313104
94,9404,'H59S200F-80-F2',313105,313106,313107,313108,313109,313110,313111,313112,313113,313114,313115,313116,313117,313118,313119,313120,313121,313122,313123,313124,313125,313126,313127,313128,313129,313130,313131,313132,313133,313134,313135,313136,313137,313138,313139,313140,313141,313142,313143,313144,313145
95,9501,'H51S000A-80-A',313146,313147,313148,313149,313150,313151,313152,313153,313154,313155,313156,313157,313158,313159,313160,313161,313162,313163,313164,313165,313166,313167,313168,313169,313170,313171,313172,313173,313174,313175,313176,313177,313178,313179,313180,313181,313182,313183,313184,313185,313186,313187,313188,313189,313190,313191
95,9501,'H51S000I-80-I',313192,313193,313194,313195,313196,313197,313198,313199,313200,313201,313202,313203,313204,313205,313206,313207,313208,313209,313210,313211,313212,313213,313214,313215,313216,313217,313218,313219,313220,313221,313222,313223,313224,313225,313226,313227,313228,313229,313230,313231,313232,313233
95,9501,'H51S000S-81-S',313234,313235,313236,313237,313238,313239,313240,313241,313242,313243,313244,313245,313246,313247,313248,313249,313250,313251,313252,313253,313254,313255,313256,313257,313258,313259,313260,313261,313262,313263,313264,313265,313266,313267,313268,313269,313270,313271,313272
95,9501,'H51S100F-80-F1',313273,313274,313275,313276,313277,313278,313279,313280,313281,313282,313283,313284,313285,313286,313287,313288,313289,313290,313291,313292,313293,313294,313295,313296,313297,313298,313299,313300,313301,313302,313303,313304,313305,313306,313307,313308,313309,313310,313311,313312,313313,313314
95,9501,'H51S200F-80-F2',313315,313316,313317,313318,313319,313320,313321,313322,313323,313324,313325,313326,313327,313328,313329,313330,313331,313332,313333,313334,313335,313336,313337,313338,313339,313340,313341,313342,313343,313344,313345,313346,313347,313348,313349,313350,313351,313352,313353,313354,313355,313356
95,9501,'H58S000S-83-S',313357
95,9502,'H51S000A-80-A',313358,313359,313360,313361,313362,313363,313364,313365,313366,313367,313368,313369,313370,313371,313372,313373,313374,313375,313376,313377,313378,313379,313380,313381,313382,313383,313384,313385,313386,313387,313388,313389,313390,313391,313392,313393,313394,313395,313396,313397,313398,313399,313400,313401
95,9502,'H51S000I-80-I',313402,313403,313404,313405,313406,313407,313408,313409,313410,313411,313412,313413,313414,313415,313416,313417,313418,313419,313420,313421,313422,313423,313424,313425,313426,313427,313428,313429,313430,313431,313432,313433,313434,313435,313436,313437,313438,313439,313440,313441,313442,313443,313444
95,9502,'H51S000S-81-S',313445,313446,313447,313448,313449,313450,313451,313452,313453,313454,313455,313456,313457,313458,313459,313460,313461,313462,313463,313464,313465,313466,313467,313468,313469,313470,313471,313472,313473,313474,313475,313476,313477,313478,313479,313480,313481,313482,313483,313484,313485,313486
95,9502,'H51S100F-80-F1',313487,313488,313489,313490,313491,313492,313493,313494,313495,313496,313497,313498,313499,313500,313501,313502,313503,313504,313505,313506,313507,313508,313509,313510,313511,313512,313513,313514,313515,313516,313517,313518,313519,313520,313521,313522,313523,313524,313525,313526,313527,313528,313529
95,9502,'H51S200F-80-F2',313530,313531,313532,313533,313534,313535,313536,313537,313538,313539,313540,313541,313542,313543,313544,313545,313546,313547,313548,313549,313550,313551,313552,313553,313554,313555,313556,313557,313558,313559,313560,313561,313562,313563,313564,313565,313566,313567,313568,313569,313570,313571,313572
95,9502,'H54S000S-80-S',313573
95,9502,'H58S000S-83-S',313574
97,9701,'H51S000S-81-S',313575
97,9701,'H57S000A-80-A',313576,313577,313578,313579,313580,313581,313582,313583,313584,313585,313586,313587,313588,313589,313590,313591,313592,313593,313594,313595,313596,313597,313598,313599,313600,313601,313602,313603,313604,313605,313606,313607,313608,313609,313610,313611,313612,313613,313614,313615,313616,313617,313618,313619,313620,313621,313622,313623,313624,313625,313626,313627,313628,313629,313630
97,9701,'H57S000I-80-I',313631,313632,313633,313634,313635,313636,313637,313638,313639,313640,313641,313642,313643,313644,313645,313646,313647,313648,313649,313650,313651,313652,313653,313654,313655,313656,313657,313658,313659,313660,313661,313662,313663,313664,313665,313666,313667,313668,313669,313670,313671,313672,313673,313674,313675,313676,313677,313678,313679,313680,313681,313682
97,9701,'H57S000S-80-S',313683,313684,313685,313686,313687,313688,313689,313690,313691,313692,313693,313694,313695,313696,313697,313698,313699,313700,313701,313702,313703,313704,313705,313706,313707,313708,313709,313710,313711,313712,313713,313714,313715,313716,313717,313718,313719,313720,313721,313722,313723,313724,313725,313726,313727,313728,313729,313730,313731,313732,313733,313734,313735,313736,313737,313738,313739,313740,313741,313742,313743,313744
97,9701,'H57S100F-80-F1',313745,313746,313747,313748,313749,313750,313751,313752,313753,313754,313755,313756,313757,313758,313759,313760,313761,313762,313763,313764,313765,313766,313767,313768,313769,313770,313771,313772,313773,313774,313775,313776,313777,313778,313779,313780,313781,313782,313783,313784,313785,313786,313787,313788,313789,313790,313791,313792,313793,313794,313795,313796
97,9701,'H57S200F-80-F2',313797,313798,313799,313800,313801,313802,313803,313804,313805,313806,313807,313808,313809,313810,313811,313812,313813,313814,313815,313816,313817,313818,313819,313820,313821,313822,313823,313824,313825,313826,313827,313828,313829,313830,313831,313832,313833,313834,313835,313836,313837,313838,313839,313840,313841,313842,313843,313844,313845,313846,313847,313848
97,9701,'H59S000S-80-S',313849,313850
97,9702,'H57S000A-80-A',313851,313852,313853,313854,313855,313856,313857,313858,313859,313860,313861,313862,313863,313864,313865,313866,313867,313868,313869,313870,313871,313872,313873,313874,313875,313876,313877,313878,313879,313880,313881,313882,313883,313884,313885,313886,313887,313888,313889,313890,313891,313892,313893,313894,313895,313896,313897,313898,313899,313900,313901,313902,313903,313904
97,9702,'H57S000I-80-I',313905,313906,313907,313908,313909,313910,313911,313912,313913,313914,313915,313916,313917,313918,313919,313920,313921,313922,313923,313924,313925,313926,313927,313928,313929,313930,313931,313932,313933,313934,313935,313936,313937,313938,313939,313940,313941,313942,313943,313944,313945,313946,313947,313948,313949,313950,313951
97,9702,'H57S000S-80-S',313952,313953,313954,313955,313956,313957,313958,313959,313960,313961,313962,313963,313964,313965,313966,313967,313968,313969,313970,313971,313972,313973,313974,313975,313976,313977,313978,313979,313980,313981,313982,313983,313984,313985,313986,313987,313988,313989,313990,313991,313992,313993,313994,313995,313996,313997,313998,313999,314000,314001,314002,314003,314004,314005,314006,314007,314008,314009,314010,314011,314012
97,9702,'H57S100F-80-F1',314013,314014,314015,314016,314017,314018,314019,314020,314021,314022,314023,314024,314025,314026,314027,314028,314029,314030,314031,314032,314033,314034,314035,314036,314037,314038,314039,314040,314041,314042,314043,314044,314045,314046,314047,314048,314049,314050,314051,314052,314053,314054,314055,314056,314057,314058,314059
97,9702,'H57S200F-80-F2',314060,314061,314062,314063,314064,314065,314066,314067,314068,314069,314070,314071,314072,314073,314074,314075,314076,314077,314078,314079,314080,314081,314082,314083,314084,314085,314086,314087,314088,314089,314090,314091,314092,314093,314094,314095,314096,314097,314098,314099,314100,314101,314102,314103,314104,314105,314106
99,9901,'H51S000A-80-A',314107,314108,314109,314110,314111,314112,314113,314114,314115,314116,314117,314118,314119,314120,314121,314122,314123,314124,314125,314126,314127,314128,314129,314130,314131,314132,314133,314134,314135,314136,314137,314138,314139,314140,314141
99,9901,'H51S000I-80-I',314142,314143,314144,314145,314146,314147,314148,314149,314150,314151,314152,314153,314154,314155,314156,314157,314158,314159,314160,314161,314162,314163,314164,314165,314166,314167,314168,314169,314170,314171,314172,314173,314174,314175
99,9901,'H51S000S-81-S',314176,314177,314178,314179,314180,314181,314182,314183,314184,314185,314186,314187,314188,314189,314190,314191,314192,314193,314194,314195,314196,314197,314198,314199,314200,314201,314202,314203,314204,314205,314206,314207,314208,314209,314210,314211,314212
99,9901,'H51S100F-80-F1',314213,314214,314215,314216,314217,314218,314219,314220,314221,314222,314223,314224,314225,314226,314227,314228,314229,314230,314231,314232,314233,314234,314235,314236,314237,314238,314239,314240,314241,314242,314243,314244,314245,314246
99,9901,'H51S200F-80-F2',314247,314248,314249,314250,314251,314252,314253,314254,314255,314256,314257,314258,314259,314260,314261,314262,314263,314264,314265,314266,314267,314268,314269,314270,314271,314272,314273,314274,314275,314276,314277,314278,314279,314280
99,9902,'H51S000A-80-A',314281,314282,314283,314284,314285,314286,314287,314288,314289,314290,314291,314292,314293,314294,314295,314296,314297,314298,314299,314300,314301,314302,314303,314304,314305,314306,314307,314308,314309,314310,314311,314312,314313,314314,314315
99,9902,'H51S000I-80-I',314316,314317,314318,314319,314320,314321,314322,314323,314324,314325,314326,314327,314328,314329,314330,314331,314332,314333,314334,314335,314336,314337,314338,314339,314340,314341,314342,314343,314344,314345,314346,314347,314348,314349
99,9902,'H51S000S-81-S',314350,314351,314352,314353,314354,314355,314356,314357,314358,314359,314360,314361,314362,314363,314364,314365,314366,314367,314368,314369,314370,314371,314372,314373,314374,314375,314376,314377,314378,314379,314380,314381,314382,314383,314384,314385,314386
99,9902,'H51S100F-80-F1',314387,314388,314389,314390,314391,314392,314393,314394,314395,314396,314397,314398,314399,314400,314401,314402,314403,314404,314405,314406,314407,314408,314409,314410,314411,314412,314413,314414,314415,314416,314417,314418,314419,314420
99,9902,'H51S200F-80-F2',314421,314422,314423,314424,314425,314426,314427,314428,314429,314430,314431,314432,314433,314434,314435,314436,314437,314438,314439,314440,314441,314442,314443,314444,314445,314446,314447,314448,314449,314450,314451,314452,314453,314454
100,10001,'H50S000A-82-A',314455,314456,314457,314458,314459,314460,314461,314462,314463,314464,314465,314466,314467,314468,314469,314470,314471,314472,314473,314474,314475,314476,314477,314478,314479,314480,314481,314482,314483,314484,314485,314486,314487,314488,314489,314490,314491,314492,314493,314494,314495,314496,314497,314498,314499,314500,314501
100,10001,'H50S000I-82-I',314502,314503,314504,314505,314506,314507,314508,314509,314510,314511,314512,314513,314514,314515,314516,314517,314518,314519,314520,314521,314522,314523,314524,314525,314526,314527,314528,314529,314530,314531,314532,314533,314534,314535,314536,314537,314538,314539,314540,314541,314542,314543,314544,314545
100,10001,'H50S000S-82-S',314546,314547,314548,314549,314550,314551,314552,314553,314554,314555,314556,314557,314558,314559,314560,314561,314562,314563,314564,314565,314566,314567,314568,314569,314570,314571,314572,314573,314574,314575,314576,314577,314578,314579,314580,314581,314582,314583,314584,314585,314586,314587,314588,314589,314590,314591,314592,314593,314594,314595,314596,314597
100,10001,'H50S100F-80-F1',314598,314599,314600,314601,314602,314603,314604,314605,314606,314607,314608,314609,314610,314611,314612,314613,314614,314615,314616,314617,314618,314619,314620,314621,314622,314623,314624,314625,314626,314627,314628,314629,314630,314631,314632,314633,314634,314635,314636,314637,314638,314639,314640,314641
100,10001,'H50S200F-80-F2',314642,314643,314644,314645,314646,314647,314648,314649,314650,314651,314652,314653,314654,314655,314656,314657,314658,314659,314660,314661,314662,314663,314664,314665,314666,314667,314668,314669,314670,314671,314672,314673,314674,314675,314676,314677,314678,314679,314680,314681,314682,314683,314684,314685
100,10001,'H58S000S-83-S',314686
100,10002,'H50S000A-82-A',314687,314688,314689,314690,314691,314692,314693,314694,314695,314696,314697,314698,314699,314700,314701,314702,314703,314704,314705,314706,314707,314708,314709,314710,314711,314712,314713,314714,314715,314716,314717,314718,314719,314720,314721,314722,314723,314724,314725,314726,314727,314728,314729,314730,314731,314732,314733,314734,314735,314736,314737,314738
100,10002,'H50S000I-82-I',314739,314740,314741,314742,314743,314744,314745,314746,314747,314748,314749,314750,314751,314752,314753,314754,314755,314756,314757,314758,314759,314760,314761,314762,314763,314764,314765,314766,314767,314768,314769,314770,314771,314772,314773,314774,314775,314776,314777,314778,314779,314780,314781,314782,314783,314784,314785,314786
100,10002,'H50S000S-82-S',314787,314788,314789,314790,314791,314792,314793,314794,314795,314796,314797,314798,314799,314800,314801,314802,314803,314804,314805,314806,314807,314808,314809,314810,314811,314812,314813,314814,314815,314816,314817,314818,314819,314820,314821,314822,314823,314824,314825,314826,314827,314828,314829,314830,314831,314832,314833,314834,314835,314836,314837,314838,314839,314840,314841,314842,314843,314844,314845
100,10002,'H50S100F-80-F1',314846,314847,314848,314849,314850,314851,314852,314853,314854,314855,314856,314857,314858,314859,314860,314861,314862,314863,314864,314865,314866,314867,314868,314869,314870,314871,314872,314873,314874,314875,314876,314877,314878,314879,314880,314881,314882,314883,314884,314885,314886,314887,314888,314889,314890,314891,314892,314893
100,10002,'H50S200F-80-F2',314894,314895,314896,314897,314898,314899,314900,314901,314902,314903,314904,314905,314906,314907,314908,314909,314910,314911,314912,314913,314914,314915,314916,314917,314918,314919,314920,314921,314922,314923,314924,314925,314926,314927,314928,314929,314930,314931,314932,314933,314934,314935,314936,314937,314938,314939,314940,314941
100,10002,'H58S000S-83-S',314942,314943,314944
101,10101,'H56S000S-82-S',314945,314946,314947,314948,314949,314950,314951,314952,314953,314954,314955,314956,314957,314958,314959,314960,314961,314962,314963,314964,314965,314966,314967,314968,314969,314970
101,10102,'H56S000S-82-S',314971,314972,314973,314974,314975,314976,314977,314978,314979,314980,314981,314982,314983,314984,314985,314986,314987,314988,314989,314990,314991,314992,314993,314994,314995,314996
102,10201,'H56S000A-80-A',314997,314998,314999,315000,315001,315002,315003,315004,315005,315006,315007,315008,315009,315010,315011,315012,315013,315014,315015,315016,315017,315018,315019,315020,315021,315022,315023,315024,315025,315026,315027,315028,315029,315030,315031,315032,315033,315034
102,10201,'H56S000I-80-I',315035,315036,315037,315038,315039,315040,315041,315042,315043,315044,315045,315046,315047,315048,315049,315050,315051,315052,315053,315054,315055,315056,315057,315058,315059,315060,315061,315062,315063,315064,315065,315066,315067,315068,315069,315070
102,10201,'H56S000S-82-S',315071,315072,315073,315074,315075,315076,315077,315078,315079,315080,315081,315082,315083,315084,315085,315086,315087,315088,315089,315090,315091,315092,315093,315094,315095,315096,315097,315098,315099,315100,315101,315102,315103,315104,315105,315106,315107,315108
102,10201,'H56S100F-80-F1',315109,315110,315111,315112,315113,315114,315115,315116,315117,315118,315119,315120,315121,315122,315123,315124,315125,315126,315127,315128,315129,315130,315131,315132,315133,315134,315135,315136,315137,315138,315139,315140,315141,315142,315143,315144
102,10201,'H56S200F-80-F2',315145,315146,315147,315148,315149,315150,315151,315152,315153,315154,315155,315156,315157,315158,315159,315160,315161,315162,315163,315164,315165,315166,315167,315168,315169,315170,315171,315172,315173,315174,315175,315176,315177,315178,315179,315180
102,10202,'H56S000A-80-A',315181,315182,315183,315184,315185,315186,315187,315188,315189,315190,315191,315192,315193,315194,315195,315196,315197,315198,315199,315200,315201,315202,315203,315204,315205,315206,315207,315208,315209,315210,315211,315212,315213,315214,315215,315216,315217,315218
102,10202,'H56S000I-80-I',315219,315220,315221,315222,315223,315224,315225,315226,315227,315228,315229,315230,315231,315232,315233,315234,315235,315236,315237,315238,315239,315240,315241,315242,315243,315244,315245,315246,315247,315248,315249,315250,315251,315252,315253,315254
102,10202,'H56S000S-82-S',315255,315256,315257,315258,315259,315260,315261,315262,315263,315264,315265,315266,315267,315268,315269,315270,315271,315272,315273,315274,315275,315276,315277,315278,315279,315280,315281,315282,315283,315284,315285,315286,315287,315288,315289,315290,315291,315292
102,10202,'H56S100F-80-F1',315293,315294,315295,315296,315297,315298,315299,315300,315301,315302,315303,315304,315305,315306,315307,315308,315309,315310,315311,315312,315313,315314,315315,315316,315317,315318,315319,315320,315321,315322,315323,315324,315325,315326,315327,315328
102,10202,'H56S200F-80-F2',315329,315330,315331,315332,315333,315334,315335,315336,315337,315338,315339,315340,315341,315342,315343,315344,315345,315346,315347,315348,315349,315350,315351,315352,315353,315354,315355,315356,315357,315358,315359,315360,315361,315362,315363,315364
103,10301,'H50S000A-82-A',315365,315366,315367,315368,315369,315370,315371,315372,315373,315374,315375,315376,315377,315378,315379,315380,315381,315382,315383,315384,315385,315386,315387,315388,315389,315390,315391,315392,315393,315394,315395,315396,315397,315398,315399,315400,315401,315402,315403,315404,315405,315406,315407,315408,315409,315410,315411,315412,315413,315414,315415,315416,315417,315418,315419,315420
103,10301,'H50S000I-82-I',315421,315422,315423,315424,315425,315426,315427,315428,315429,315430,315431,315432,315433,315434,315435,315436,315437,315438,315439,315440,315441,315442,315443,315444,315445,315446,315447,315448,315449,315450,315451,315452,315453,315454,315455,315456,315457,315458,315459,315460,315461,315462,315463,315464,315465,315466,315467
103,10301,'H50S000S-82-S',315468,315469,315470,315471,315472,315473,315474,315475,315476,315477,315478,315479,315480,315481,315482,315483,315484,315485,315486,315487,315488,315489,315490,315491,315492,315493,315494,315495,315496,315497,315498,315499,315500,315501,315502,315503,315504,315505,315506,315507,315508,315509,315510,315511,315512,315513,315514,315515,315516,315517,315518,315519,315520,315521,315522,315523,315524,315525,315526,315527,315528,315529,315530,315531,315532,315533,315534,315535,315536,315537,315538,315539,315540,315541,315542,315543,315544
103,10301,'H50S100F-80-F1',315545,315546,315547,315548,315549,315550,315551,315552,315553,315554,315555,315556,315557,315558,315559,315560,315561,315562,315563,315564,315565,315566,315567,315568,315569,315570,315571,315572,315573,315574,315575,315576,315577,315578,315579,315580,315581,315582,315583,315584,315585,315586,315587,315588,315589,315590,315591
103,10301,'H50S200F-80-F2',315592,315593,315594,315595,315596,315597,315598,315599,315600,315601,315602,315603,315604,315605,315606,315607,315608,315609,315610,315611,315612,315613,315614,315615,315616,315617,315618,315619,315620,315621,315622,315623,315624,315625,315626,315627,315628,315629,315630,315631,315632,315633,315634,315635,315636,315637,315638
103,10301,'H59S000S-80-S',315639,315640
103,10302,'H50S000A-82-A',315641,315642,315643,315644,315645,315646,315647,315648,315649,315650,315651,315652,315653,315654,315655,315656,315657,315658,315659,315660,315661,315662,315663,315664,315665,315666,315667,315668,315669,315670,315671,315672,315673,315674,315675,315676,315677,315678,315679,315680,315681,315682,315683,315684,315685,315686,315687,315688,315689,315690,315691,315692,315693,315694,315695,315696
103,10302,'H50S000I-82-I',315697,315698,315699,315700,315701,315702,315703,315704,315705,315706,315707,315708,315709,315710,315711,315712,315713,315714,315715,315716,315717,315718,315719,315720,315721,315722,315723,315724,315725,315726,315727,315728,315729,315730,315731,315732,315733,315734,315735,315736,315737,315738,315739,315740,315741,315742,315743,315744
103,10302,'H50S000S-82-S',315745,315746,315747,315748,315749,315750,315751,315752,315753,315754,315755,315756,315757,315758,315759,315760,315761,315762,315763,315764,315765,315766,315767,315768,315769,315770,315771,315772,315773,315774,315775,315776,315777,315778,315779,315780,315781,315782,315783,315784,315785,315786,315787,315788,315789,315790,315791,315792,315793,315794,315795,315796,315797,315798,315799,315800,315801,315802,315803,315804,315805,315806,315807,315808,315809,315810,315811,315812,315813,315814,315815,315816,315817,315818,315819,315820
103,10302,'H50S100F-80-F1',315821,315822,315823,315824,315825,315826,315827,315828,315829,315830,315831,315832,315833,315834,315835,315836,315837,315838,315839,315840,315841,315842,315843,315844,315845,315846,315847,315848,315849,315850,315851,315852,315853,315854,315855,315856,315857,315858,315859,315860,315861,315862,315863,315864,315865,315866,315867,315868
103,10302,'H50S200F-80-F2',315869,315870,315871,315872,315873,315874,315875,315876,315877,315878,315879,315880,315881,315882,315883,315884,315885,315886,315887,315888,315889,315890,315891,315892,315893,315894,315895,315896,315897,315898,315899,315900,315901,315902,315903,315904,315905,315906,315907,315908,315909,315910,315911,315912,315913,315914,315915,315916
103,10302,'H56S000S-82-S',315917,315918
103,10302,'H57S000S-80-S',315919
103,10302,'H59S000S-80-S',315920,315921
104,10401,'H50S000S-82-S',315922,315923
104,10401,'H56S000A-80-A',315924,315925,315926,315927,315928,315929,315930,315931,315932,315933,315934,315935,315936,315937,315938,315939,315940,315941,315942,315943,315944,315945,315946,315947,315948,315949,315950,315951,315952,315953,315954,315955,315956,315957,315958,315959
104,10401,'H56S000I-80-I',315960,315961,315962,315963,315964,315965,315966,315967,315968,315969,315970,315971,315972,315973,315974,315975,315976,315977,315978,315979,315980,315981,315982,315983,315984,315985,315986,315987,315988,315989,315990,315991,315992
104,10401,'H56S000S-82-S',315993,315994,315995,315996,315997,315998,315999,316000,316001,316002,316003,316004,316005,316006,316007,316008,316009,316010,316011,316012,316013,316014,316015,316016,316017,316018,316019,316020,316021,316022,316023,316024,316025,316026,316027,316028,316029,316030,316031,316032
104,10401,'H56S100F-80-F1',316033,316034,316035,316036,316037,316038,316039,316040,316041,316042,316043,316044,316045,316046,316047,316048,316049,316050,316051,316052,316053,316054,316055,316056,316057,316058,316059,316060,316061,316062,316063,316064,316065
104,10401,'H56S200F-80-F2',316066,316067,316068,316069,316070,316071,316072,316073,316074,316075,316076,316077,316078,316079,316080,316081,316082,316083,316084,316085,316086,316087,316088,316089,316090,316091,316092,316093,316094,316095,316096,316097,316098
104,10402,'H56S000A-80-A',316099,316100,316101,316102,316103,316104,316105,316106,316107,316108,316109,316110,316111,316112,316113,316114,316115,316116,316117,316118,316119,316120,316121,316122,316123,316124,316125,316126,316127,316128,316129,316130,316131,316132,316133,316134,316135,316136,316137
104,10402,'H56S000I-80-I',316138,316139,316140,316141,316142,316143,316144,316145,316146,316147,316148,316149,316150,316151,316152,316153,316154,316155,316156,316157,316158,316159,316160,316161,316162,316163,316164,316165,316166,316167,316168,316169,316170,316171,316172,316173
104,10402,'H56S000S-82-S',316174,316175,316176,316177,316178,316179,316180,316181,316182,316183,316184,316185,316186,316187,316188,316189,316190,316191,316192,316193,316194,316195,316196,316197,316198,316199,316200,316201,316202,316203,316204,316205,316206,316207,316208,316209
104,10402,'H56S100F-80-F1',316210,316211,316212,316213,316214,316215,316216,316217,316218,316219,316220,316221,316222,316223,316224,316225,316226,316227,316228,316229,316230,316231,316232,316233,316234,316235,316236,316237,316238,316239,316240,316241,316242,316243,316244,316245
104,10402,'H56S200F-80-F2',316246,316247,316248,316249,316250,316251,316252,316253,316254,316255,316256,316257,316258,316259,316260,316261,316262,316263,316264,316265,316266,316267,316268,316269,316270,316271,316272,316273,316274,316275,316276,316277,316278,316279,316280,316281
105,10501,'H50S000A-82-A',316282,316283,316284,316285,316286,316287,316288,316289,316290,316291,316292,316293,316294,316295,316296,316297,316298,316299,316300,316301,316302,316303,316304,316305,316306,316307,316308,316309,316310,316311,316312,316313,316314,316315,316316,316317,316318,316319,316320,316321,316322,316323,316324,316325,316326,316327,316328,316329,316330,316331,316332,316333,316334,316335,316336,316337,316338,316339,316340,316341,316342,316343,316344,316345,316346,316347,316348,316349,316350,316351,316352,316353,316354,316355,316356,316357,316358,316359,316360,316361,316362,316363,316364,316365,316366,316367,316368,316369,316370,316371,316372,316373
105,10501,'H50S000I-82-I',316374,316375,316376,316377,316378,316379,316380,316381,316382,316383,316384,316385,316386,316387,316388,316389,316390,316391,316392,316393,316394,316395,316396,316397,316398,316399,316400,316401,316402,316403,316404,316405,316406,316407,316408,316409,316410,316411,316412,316413,316414,316415,316416,316417,316418,316419,316420,316421,316422,316423,316424,316425,316426,316427,316428,316429,316430,316431,316432,316433,316434,316435,316436,316437,316438,316439,316440,316441,316442,316443,316444
105,10501,'H50S000S-82-S',316445,316446,316447,316448,316449,316450,316451,316452,316453,316454,316455,316456,316457,316458,316459,316460,316461,316462,316463,316464,316465,316466,316467,316468,316469,316470,316471,316472,316473,316474,316475,316476,316477,316478,316479,316480,316481,316482,316483,316484,316485,316486,316487,316488,316489,316490,316491,316492,316493,316494,316495,316496,316497,316498,316499,316500,316501,316502,316503,316504,316505,316506,316507,316508,316509,316510,316511,316512,316513,316514,316515,316516,316517,316518,316519,316520,316521,316522,316523,316524,316525,316526,316527,316528,316529,316530,316531,316532,316533,316534,316535,316536,316537,316538,316539,316540,316541,316542,316543,316544,316545,316546,316547,316548,316549,316550,316551,316552,316553,316554,316555,316556,316557,316558,316559,316560,316561,316562,316563,316564,316565,316566,316567,316568,316569,316570,316571,316572,316573
105,10501,'H50S100F-80-F1',316574,316575,316576,316577,316578,316579,316580,316581,316582,316583,316584,316585,316586,316587,316588,316589,316590,316591,316592,316593,316594,316595,316596,316597,316598,316599,316600,316601,316602,316603,316604,316605,316606,316607,316608,316609,316610,316611,316612,316613,316614,316615,316616,316617,316618,316619,316620,316621,316622,316623,316624,316625,316626,316627,316628,316629,316630,316631,316632,316633,316634,316635,316636,316637,316638,316639,316640,316641,316642,316643,316644
105,10501,'H50S200F-80-F2',316645,316646,316647,316648,316649,316650,316651,316652,316653,316654,316655,316656,316657,316658,316659,316660,316661,316662,316663,316664,316665,316666,316667,316668,316669,316670,316671,316672,316673,316674,316675,316676,316677,316678,316679,316680,316681,316682,316683,316684,316685,316686,316687,316688,316689,316690,316691,316692,316693,316694,316695,316696,316697,316698,316699,316700,316701,316702,316703,316704,316705,316706,316707,316708,316709,316710,316711,316712,316713,316714,316715
105,10502,'H50S000A-82-A',316716,316717,316718,316719,316720,316721,316722,316723,316724,316725,316726,316727,316728,316729,316730,316731,316732,316733,316734,316735,316736,316737,316738,316739,316740,316741,316742,316743,316744,316745,316746,316747,316748,316749,316750,316751,316752,316753,316754,316755,316756,316757,316758,316759,316760,316761,316762,316763,316764,316765,316766,316767,316768,316769,316770,316771,316772,316773,316774,316775,316776,316777,316778,316779,316780,316781,316782,316783,316784,316785,316786,316787,316788,316789,316790,316791,316792,316793,316794,316795,316796,316797,316798,316799,316800,316801,316802,316803,316804,316805,316806,316807,316808
105,10502,'H50S000I-82-I',316809,316810,316811,316812,316813,316814,316815,316816,316817,316818,316819,316820,316821,316822,316823,316824,316825,316826,316827,316828,316829,316830,316831,316832,316833,316834,316835,316836,316837,316838,316839,316840,316841,316842,316843,316844,316845,316846,316847,316848,316849,316850,316851,316852,316853,316854,316855,316856,316857,316858,316859,316860,316861,316862,316863,316864,316865,316866,316867,316868,316869,316870,316871,316872,316873,316874,316875,316876,316877,316878,316879,316880,316881,316882,316883,316884,316885
105,10502,'H50S000S-82-S',316886,316887,316888,316889,316890,316891,316892,316893,316894,316895,316896,316897,316898,316899,316900,316901,316902,316903,316904,316905,316906,316907,316908,316909,316910,316911,316912,316913,316914,316915,316916,316917,316918,316919,316920,316921,316922,316923,316924,316925,316926,316927,316928,316929,316930,316931,316932,316933,316934,316935,316936,316937,316938,316939,316940,316941,316942,316943,316944,316945,316946,316947,316948,316949,316950,316951,316952,316953,316954,316955,316956,316957,316958,316959,316960,316961,316962,316963,316964,316965,316966,316967,316968,316969,316970,316971,316972,316973,316974,316975,316976,316977,316978,316979,316980,316981,316982,316983,316984,316985,316986,316987,316988,316989,316990,316991,316992,316993,316994,316995,316996,316997,316998,316999,317000,317001,317002,317003,317004,317005,317006
105,10502,'H50S100F-80-F1',317007,317008,317009,317010,317011,317012,317013,317014,317015,317016,317017,317018,317019,317020,317021,317022,317023,317024,317025,317026,317027,317028,317029,317030,317031,317032,317033,317034,317035,317036,317037,317038,317039,317040,317041,317042,317043,317044,317045,317046,317047,317048,317049,317050,317051,317052,317053,317054,317055,317056,317057,317058,317059,317060,317061,317062,317063,317064,317065,317066,317067,317068,317069,317070,317071,317072,317073,317074,317075,317076,317077,317078,317079,317080,317081,317082,317083
105,10502,'H50S200F-80-F2',317084,317085,317086,317087,317088,317089,317090,317091,317092,317093,317094,317095,317096,317097,317098,317099,317100,317101,317102,317103,317104,317105,317106,317107,317108,317109,317110,317111,317112,317113,317114,317115,317116,317117,317118,317119,317120,317121,317122,317123,317124,317125,317126,317127,317128,317129,317130,317131,317132,317133,317134,317135,317136,317137,317138,317139,317140,317141,317142,317143,317144,317145,317146,317147,317148,317149,317150,317151,317152,317153,317154,317155,317156,317157,317158,317159,317160
105,10502,'H56S000S-82-S',317161
105,10502,'H57S000S-80-S',317162
106,10601,'H56S000A-80-A',317163,317164,317165,317166,317167,317168,317169,317170,317171,317172,317173,317174,317175,317176,317177,317178,317179,317180,317181,317182,317183,317184,317185,317186,317187,317188,317189,317190,317191,317192,317193,317194,317195,317196,317197,317198,317199,317200,317201,317202,317203,317204,317205,317206,317207,317208,317209,317210,317211,317212,317213,317214,317215,317216,317217,317218,317219,317220,317221,317222,317223,317224,317225,317226,317227,317228,317229,317230,317231,317232,317233,317234,317235,317236,317237,317238,317239,317240,317241,317242,317243
106,10601,'H56S000I-80-I',317244,317245,317246,317247,317248,317249,317250,317251,317252,317253,317254,317255,317256,317257,317258,317259,317260,317261,317262,317263,317264,317265,317266,317267,317268,317269,317270,317271,317272,317273,317274,317275,317276,317277,317278,317279,317280,317281,317282,317283,317284,317285,317286,317287,317288,317289,317290,317291,317292,317293,317294,317295,317296,317297,317298,317299,317300,317301,317302,317303,317304,317305,317306,317307,317308,317309,317310,317311,317312,317313
106,10601,'H56S000S-82-S',317314,317315,317316,317317,317318,317319,317320,317321,317322,317323,317324,317325,317326,317327,317328,317329,317330,317331,317332,317333,317334,317335,317336,317337,317338,317339,317340,317341,317342,317343,317344,317345,317346,317347,317348,317349,317350,317351,317352,317353,317354,317355,317356,317357,317358,317359,317360,317361,317362,317363,317364,317365,317366,317367,317368,317369,317370,317371,317372,317373,317374,317375,317376,317377,317378,317379,317380,317381,317382,317383,317384,317385,317386,317387,317388,317389,317390,317391,317392,317393,317394,317395,317396,317397,317398,317399,317400,317401,317402,317403
106,10601,'H56S100F-80-F1',317404,317405,317406,317407,317408,317409,317410,317411,317412,317413,317414,317415,317416,317417,317418,317419,317420,317421,317422,317423,317424,317425,317426,317427,317428,317429,317430,317431,317432,317433,317434,317435,317436,317437,317438,317439,317440,317441,317442,317443,317444,317445,317446,317447,317448,317449,317450,317451,317452,317453,317454,317455,317456,317457,317458,317459,317460,317461,317462,317463,317464,317465,317466,317467,317468,317469,317470,317471,317472,317473
106,10601,'H56S200F-80-F2',317474,317475,317476,317477,317478,317479,317480,317481,317482,317483,317484,317485,317486,317487,317488,317489,317490,317491,317492,317493,317494,317495,317496,317497,317498,317499,317500,317501,317502,317503,317504,317505,317506,317507,317508,317509,317510,317511,317512,317513,317514,317515,317516,317517,317518,317519,317520,317521,317522,317523,317524,317525,317526,317527,317528,317529,317530,317531,317532,317533,317534,317535,317536,317537,317538,317539,317540,317541,317542,317543
106,10602,'H56S000A-80-A',317544,317545,317546,317547,317548,317549,317550,317551,317552,317553,317554,317555,317556,317557,317558,317559,317560,317561,317562,317563,317564,317565,317566,317567,317568,317569,317570,317571,317572,317573,317574,317575,317576,317577,317578,317579,317580,317581,317582,317583,317584,317585,317586,317587,317588,317589,317590,317591,317592,317593,317594,317595,317596,317597,317598,317599,317600,317601,317602,317603,317604,317605,317606,317607,317608,317609,317610,317611,317612,317613,317614,317615,317616,317617,317618,317619,317620,317621,317622,317623,317624,317625,317626,317627,317628,317629,317630,317631
106,10602,'H56S000I-80-I',317632,317633,317634,317635,317636,317637,317638,317639,317640,317641,317642,317643,317644,317645,317646,317647,317648,317649,317650,317651,317652,317653,317654,317655,317656,317657,317658,317659,317660,317661,317662,317663,317664,317665,317666,317667,317668,317669,317670,317671,317672,317673,317674,317675,317676,317677,317678,317679,317680,317681,317682,317683,317684,317685,317686,317687,317688,317689,317690,317691,317692,317693,317694,317695,317696,317697,317698,317699,317700,317701,317702
106,10602,'H56S000S-82-S',317703,317704,317705,317706,317707,317708,317709,317710,317711,317712,317713,317714,317715,317716,317717,317718,317719,317720,317721,317722,317723,317724,317725,317726,317727,317728,317729,317730,317731,317732,317733,317734,317735,317736,317737,317738,317739,317740,317741,317742,317743,317744,317745,317746,317747,317748,317749,317750,317751,317752,317753,317754,317755,317756,317757,317758,317759,317760,317761,317762,317763,317764,317765,317766,317767,317768,317769,317770,317771,317772,317773,317774,317775,317776,317777,317778,317779,317780,317781,317782,317783,317784,317785,317786,317787,317788,317789,317790,317791,317792,317793,317794,317795,317796,317797,317798,317799,317800,317801,317802,317803,317804,317805,317806,317807,317808
106,10602,'H56S100F-80-F1',317809,317810,317811,317812,317813,317814,317815,317816,317817,317818,317819,317820,317821,317822,317823,317824,317825,317826,317827,317828,317829,317830,317831,317832,317833,317834,317835,317836,317837,317838,317839,317840,317841,317842,317843,317844,317845,317846,317847,317848,317849,317850,317851,317852,317853,317854,317855,317856,317857,317858,317859,317860,317861,317862,317863,317864,317865,317866,317867,317868,317869,317870,317871,317872,317873,317874,317875,317876,317877,317878,317879
106,10602,'H56S200F-80-F2',317880,317881,317882,317883,317884,317885,317886,317887,317888,317889,317890,317891,317892,317893,317894,317895,317896,317897,317898,317899,317900,317901,317902,317903,317904,317905,317906,317907,317908,317909,317910,317911,317912,317913,317914,317915,317916,317917,317918,317919,317920,317921,317922,317923,317924,317925,317926,317927,317928,317929,317930,317931,317932,317933,317934,317935,317936,317937,317938,317939,317940,317941,317942,317943,317944,317945,317946,317947,317948,317949,317950
107,10701,'H56S000A-80-A',317951,317952,317953,317954,317955,317956,317957,317958,317959,317960,317961,317962,317963,317964,317965,317966,317967,317968,317969,317970,317971,317972,317973,317974,317975,317976,317977,317978,317979,317980,317981,317982,317983,317984,317985,317986,317987,317988,317989,317990,317991
107,10701,'H56S000I-80-I',317992,317993,317994,317995,317996,317997,317998,317999,318000,318001,318002,318003,318004,318005,318006,318007,318008,318009,318010,318011,318012,318013,318014,318015,318016,318017,318018,318019,318020,318021,318022,318023,318024,318025,318026,318027,318028,318029,318030,318031
107,10701,'H56S000S-82-S',318032,318033,318034,318035,318036,318037,318038,318039,318040,318041,318042,318043,318044,318045,318046,318047,318048,318049,318050,318051,318052,318053,318054,318055,318056,318057,318058,318059,318060,318061,318062,318063,318064,318065,318066,318067,318068,318069,318070,318071,318072,318073,318074,318075,318076,318077,318078,318079,318080,318081,318082,318083,318084,318085,318086,318087,318088,318089
107,10701,'H56S100F-80-F1',318090,318091,318092,318093,318094,318095,318096,318097,318098,318099,318100,318101,318102,318103,318104,318105,318106,318107,318108,318109,318110,318111,318112,318113,318114,318115,318116,318117,318118,318119,318120,318121,318122,318123,318124,318125,318126,318127,318128,318129
107,10701,'H56S200F-80-F2',318130,318131,318132,318133,318134,318135,318136,318137,318138,318139,318140,318141,318142,318143,318144,318145,318146,318147,318148,318149,318150,318151,318152,318153,318154,318155,318156,318157,318158,318159,318160,318161,318162,318163,318164,318165,318166,318167,318168,318169
107,10702,'H56S000A-80-A',318170,318171,318172,318173,318174,318175,318176,318177,318178,318179,318180,318181,318182,318183,318184,318185,318186,318187,318188,318189,318190,318191,318192,318193,318194,318195,318196,318197,318198,318199,318200,318201,318202,318203,318204,318205,318206,318207,318208,318209,318210,318211
107,10702,'H56S000I-80-I',318212,318213,318214,318215,318216,318217,318218,318219,318220,318221,318222,318223,318224,318225,318226,318227,318228,318229,318230,318231,318232,318233,318234,318235,318236,318237,318238,318239,318240,318241,318242,318243,318244,318245,318246,318247,318248,318249,318250,318251,318252
107,10702,'H56S000S-82-S',318253,318254,318255,318256,318257,318258,318259,318260,318261,318262,318263,318264,318265,318266,318267,318268,318269,318270,318271,318272,318273,318274,318275,318276,318277,318278,318279,318280,318281,318282,318283,318284,318285,318286,318287,318288,318289,318290,318291,318292,318293,318294,318295,318296,318297,318298,318299,318300,318301,318302,318303,318304,318305,318306
107,10702,'H56S100F-80-F1',318307,318308,318309,318310,318311,318312,318313,318314,318315,318316,318317,318318,318319,318320,318321,318322,318323,318324,318325,318326,318327,318328,318329,318330,318331,318332,318333,318334,318335,318336,318337,318338,318339,318340,318341,318342,318343,318344,318345,318346,318347
107,10702,'H56S200F-80-F2',318348,318349,318350,318351,318352,318353,318354,318355,318356,318357,318358,318359,318360,318361,318362,318363,318364,318365,318366,318367,318368,318369,318370,318371,318372,318373,318374,318375,318376,318377,318378,318379,318380,318381,318382,318383,318384,318385,318386,318387,318388
107,10702,'H57S000S-80-S',318389
108,10801,'H56S000A-80-A',318390,318391,318392,318393,318394,318395,318396,318397,318398,318399,318400,318401,318402,318403,318404,318405,318406,318407,318408,318409,318410,318411,318412,318413,318414,318415,318416,318417,318418,318419,318420,318421,318422,318423,318424,318425,318426,318427,318428,318429
108,10801,'H56S000I-80-I',318430,318431,318432,318433,318434,318435,318436,318437,318438,318439,318440,318441,318442,318443,318444,318445,318446,318447,318448,318449,318450,318451,318452,318453,318454,318455,318456,318457,318458,318459,318460,318461,318462,318463,318464,318465,318466,318467,318468
108,10801,'H56S000S-82-S',318469,318470,318471,318472,318473,318474,318475,318476,318477,318478,318479,318480,318481,318482,318483,318484,318485,318486,318487,318488,318489,318490,318491,318492,318493,318494,318495,318496,318497,318498,318499,318500,318501,318502,318503,318504,318505,318506,318507,318508,318509
108,10801,'H56S100F-80-F1',318510,318511,318512,318513,318514,318515,318516,318517,318518,318519,318520,318521,318522,318523,318524,318525,318526,318527,318528,318529,318530,318531,318532,318533,318534,318535,318536,318537,318538,318539,318540,318541,318542,318543,318544,318545,318546,318547,318548
108,10801,'H56S200F-80-F2',318549,318550,318551,318552,318553,318554,318555,318556,318557,318558,318559,318560,318561,318562,318563,318564,318565,318566,318567,318568,318569,318570,318571,318572,318573,318574,318575,318576,318577,318578,318579,318580,318581,318582,318583,318584,318585,318586,318587
108,10802,'H56S000A-80-A',318588,318589,318590,318591,318592,318593,318594,318595,318596,318597,318598,318599,318600,318601,318602,318603,318604,318605,318606,318607,318608,318609,318610,318611,318612,318613,318614,318615,318616,318617,318618,318619,318620,318621,318622,318623,318624,318625,318626,318627
108,10802,'H56S000I-80-I',318628,318629,318630,318631,318632,318633,318634,318635,318636,318637,318638,318639,318640,318641,318642,318643,318644,318645,318646,318647,318648,318649,318650,318651,318652,318653,318654,318655,318656,318657,318658,318659,318660,318661,318662,318663,318664,318665,318666
108,10802,'H56S000S-82-S',318667,318668,318669,318670,318671,318672,318673,318674,318675,318676,318677,318678,318679,318680,318681,318682,318683,318684,318685,318686,318687,318688,318689,318690,318691,318692,318693,318694,318695,318696,318697,318698,318699,318700,318701,318702,318703,318704,318705
108,10802,'H56S100F-80-F1',318706,318707,318708,318709,318710,318711,318712,318713,318714,318715,318716,318717,318718,318719,318720,318721,318722,318723,318724,318725,318726,318727,318728,318729,318730,318731,318732,318733,318734,318735,318736,318737,318738,318739,318740,318741,318742,318743,318744
108,10802,'H56S200F-80-F2',318745,318746,318747,318748,318749,318750,318751,318752,318753,318754,318755,318756,318757,318758,318759,318760,318761,318762,318763,318764,318765,318766,318767,318768,318769,318770,318771,318772,318773,318774,318775,318776,318777,318778,318779,318780,318781,318782,318783
110,11001,'H56S000A-80-A',318784,318785,318786,318787,318788,318789,318790,318791,318792,318793,318794,318795,318796,318797,318798,318799,318800,318801,318802,318803,318804,318805,318806,318807,318808,318809,318810,318811,318812,318813,318814,318815,318816,318817,318818,318819,318820,318821,318822,318823,318824,318825,318826
110,11001,'H56S000I-80-I',318827,318828,318829,318830,318831,318832,318833,318834,318835,318836,318837,318838,318839,318840,318841,318842,318843,318844,318845,318846,318847,318848,318849,318850,318851,318852,318853,318854,318855,318856,318857,318858,318859,318860,318861,318862,318863,318864,318865,318866,318867
110,11001,'H56S000S-82-S',318868,318869,318870,318871,318872,318873,318874,318875,318876,318877,318878,318879,318880,318881,318882,318883,318884,318885,318886,318887,318888,318889,318890,318891,318892,318893,318894,318895,318896,318897,318898,318899,318900,318901,318902,318903,318904,318905,318906,318907,318908,318909,318910,318911
110,11001,'H56S100F-80-F1',318912,318913,318914,318915,318916,318917,318918,318919,318920,318921,318922,318923,318924,318925,318926,318927,318928,318929,318930,318931,318932,318933,318934,318935,318936,318937,318938,318939,318940,318941,318942,318943,318944,318945,318946,318947,318948,318949,318950,318951,318952
110,11001,'H56S200F-80-F2',318953,318954,318955,318956,318957,318958,318959,318960,318961,318962,318963,318964,318965,318966,318967,318968,318969,318970,318971,318972,318973,318974,318975,318976,318977,318978,318979,318980,318981,318982,318983,318984,318985,318986,318987,318988,318989,318990,318991,318992,318993
110,11002,'H56S000A-80-A',318994,318995,318996,318997,318998,318999,319000,319001,319002,319003,319004,319005,319006,319007,319008,319009,319010,319011,319012,319013,319014,319015,319016,319017,319018,319019,319020,319021,319022,319023,319024,319025,319026,319027,319028,319029,319030,319031,319032,319033,319034,319035
110,11002,'H56S000I-80-I',319036,319037,319038,319039,319040,319041,319042,319043,319044,319045,319046,319047,319048,319049,319050,319051,319052,319053,319054,319055,319056,319057,319058,319059,319060,319061,319062,319063,319064,319065,319066,319067,319068,319069,319070,319071,319072,319073,319074,319075
110,11002,'H56S000S-82-S',319076,319077,319078,319079,319080,319081,319082,319083,319084,319085,319086,319087,319088,319089,319090,319091,319092,319093,319094,319095,319096,319097,319098,319099,319100,319101,319102,319103,319104,319105,319106,319107,319108,319109,319110,319111,319112,319113,319114,319115,319116,319117,319118
110,11002,'H56S100F-80-F1',319119,319120,319121,319122,319123,319124,319125,319126,319127,319128,319129,319130,319131,319132,319133,319134,319135,319136,319137,319138,319139,319140,319141,319142,319143,319144,319145,319146,319147,319148,319149,319150,319151,319152,319153,319154,319155,319156,319157,319158
110,11002,'H56S200F-80-F2',319159,319160,319161,319162,319163,319164,319165,319166,319167,319168,319169,319170,319171,319172,319173,319174,319175,319176,319177,319178,319179,319180,319181,319182,319183,319184,319185,319186,319187,319188,319189,319190,319191,319192,319193,319194,319195,319196,319197,319198
112,11201,'H56S000A-80-A',319199,319200,319201,319202,319203,319204,319205,319206,319207,319208,319209,319210,319211,319212,319213,319214,319215,319216,319217,319218,319219,319220,319221,319222,319223,319224,319225,319226,319227,319228,319229,319230,319231,319232,319233,319234,319235,319236,319237,319238,319239,319240,319241,319242
112,11201,'H56S000I-80-I',319243,319244,319245,319246,319247,319248,319249,319250,319251,319252,319253,319254,319255,319256,319257,319258,319259,319260,319261,319262,319263,319264,319265,319266,319267,319268,319269,319270,319271,319272,319273,319274,319275,319276,319277,319278,319279,319280,319281,319282,319283,319284,319285
112,11201,'H56S000S-82-S',319286,319287,319288,319289,319290,319291,319292,319293,319294,319295,319296,319297,319298,319299,319300,319301,319302,319303,319304,319305,319306,319307,319308,319309,319310,319311,319312,319313,319314,319315,319316,319317,319318,319319,319320,319321,319322,319323,319324,319325,319326,319327,319328,319329,319330,319331,319332,319333,319334,319335,319336,319337,319338,319339,319340,319341,319342,319343,319344,319345,319346,319347,319348,319349
112,11201,'H56S100F-80-F1',319350,319351,319352,319353,319354,319355,319356,319357,319358,319359,319360,319361,319362,319363,319364,319365,319366,319367,319368,319369,319370,319371,319372,319373,319374,319375,319376,319377,319378,319379,319380,319381,319382,319383,319384,319385,319386,319387,319388,319389,319390,319391,319392
112,11201,'H56S200F-80-F2',319393,319394,319395,319396,319397,319398,319399,319400,319401,319402,319403,319404,319405,319406,319407,319408,319409,319410,319411,319412,319413,319414,319415,319416,319417,319418,319419,319420,319421,319422,319423,319424,319425,319426,319427,319428,319429,319430,319431,319432,319433,319434,319435
112,11202,'H56S000A-80-A',319436,319437,319438,319439,319440,319441,319442,319443,319444,319445,319446,319447,319448,319449,319450,319451,319452,319453,319454,319455,319456,319457,319458,319459,319460,319461,319462,319463,319464,319465,319466,319467,319468,319469,319470,319471,319472,319473,319474,319475,319476,319477,319478,319479
112,11202,'H56S000I-80-I',319480,319481,319482,319483,319484,319485,319486,319487,319488,319489,319490,319491,319492,319493,319494,319495,319496,319497,319498,319499,319500,319501,319502,319503,319504,319505,319506,319507,319508,319509,319510,319511,319512,319513,319514,319515,319516,319517,319518,319519,319520,319521,319522
112,11202,'H56S000S-82-S',319523,319524,319525,319526,319527,319528,319529,319530,319531,319532,319533,319534,319535,319536,319537,319538,319539,319540,319541,319542,319543,319544,319545,319546,319547,319548,319549,319550,319551,319552,319553,319554,319555,319556,319557,319558,319559,319560,319561,319562,319563,319564,319565,319566,319567,319568,319569,319570,319571,319572,319573,319574,319575,319576,319577,319578,319579,319580,319581,319582,319583,319584,319585
112,11202,'H56S100F-80-F1',319586,319587,319588,319589,319590,319591,319592,319593,319594,319595,319596,319597,319598,319599,319600,319601,319602,319603,319604,319605,319606,319607,319608,319609,319610,319611,319612,319613,319614,319615,319616,319617,319618,319619,319620,319621,319622,319623,319624,319625,319626,319627,319628
112,11202,'H56S200F-80-F2',319629,319630,319631,319632,319633,319634,319635,319636,319637,319638,319639,319640,319641,319642,319643,319644,319645,319646,319647,319648,319649,319650,319651,319652,319653,319654,319655,319656,319657,319658,319659,319660,319661,319662,319663,319664,319665,319666,319667,319668,319669,319670,319671
113,11301,'H56S000A-80-A',319672,319673,319674,319675,319676,319677,319678,319679,319680,319681,319682,319683,319684,319685,319686,319687,319688,319689,319690,319691,319692,319693,319694,319695,319696,319697,319698,319699,319700,319701,319702,319703,319704,319705,319706,319707,319708,319709,319710,319711,319712,319713,319714,319715,319716,319717
113,11301,'H56S000I-80-I',319718,319719,319720,319721,319722,319723,319724,319725,319726,319727,319728,319729,319730,319731,319732,319733,319734,319735,319736,319737,319738,319739,319740,319741,319742,319743,319744,319745,319746,319747,319748,319749,319750,319751,319752,319753,319754,319755,319756,319757,319758
113,11301,'H56S000S-82-S',319759,319760,319761,319762,319763,319764,319765,319766,319767,319768,319769,319770,319771,319772,319773,319774,319775,319776,319777,319778,319779,319780,319781,319782,319783,319784,319785,319786,319787,319788,319789,319790,319791,319792,319793,319794,319795,319796,319797,319798,319799,319800,319801,319802,319803,319804,319805,319806,319807,319808,319809,319810,319811,319812,319813,319814,319815,319816,319817,319818,319819,319820,319821,319822,319823
113,11301,'H56S100F-80-F1',319824,319825,319826,319827,319828,319829,319830,319831,319832,319833,319834,319835,319836,319837,319838,319839,319840,319841,319842,319843,319844,319845,319846,319847,319848,319849,319850,319851,319852,319853,319854,319855,319856,319857,319858,319859,319860,319861,319862,319863,319864
113,11301,'H56S200F-80-F2',319865,319866,319867,319868,319869,319870,319871,319872,319873,319874,319875,319876,319877,319878,319879,319880,319881,319882,319883,319884,319885,319886,319887,319888,319889,319890,319891,319892,319893,319894,319895,319896,319897,319898,319899,319900,319901,319902,319903,319904,319905
113,11302,'H56S000A-80-A',319906,319907,319908,319909,319910,319911,319912,319913,319914,319915,319916,319917,319918,319919,319920,319921,319922,319923,319924,319925,319926,319927,319928,319929,319930,319931,319932,319933,319934,319935,319936,319937,319938,319939,319940,319941,319942,319943,319944,319945,319946,319947,319948,319949,319950,319951
113,11302,'H56S000I-80-I',319952,319953,319954,319955,319956,319957,319958,319959,319960,319961,319962,319963,319964,319965,319966,319967,319968,319969,319970,319971,319972,319973,319974,319975,319976,319977,319978,319979,319980,319981,319982,319983,319984,319985,319986,319987,319988,319989,319990,319991,319992,319993,319994
113,11302,'H56S000S-82-S',319995,319996,319997,319998,319999,320000,320001,320002,320003,320004,320005,320006,320007,320008,320009,320010,320011,320012,320013,320014,320015,320016,320017,320018,320019,320020,320021,320022,320023,320024,320025,320026,320027,320028,320029,320030,320031,320032,320033,320034,320035,320036,320037,320038,320039,320040,320041,320042,320043,320044,320045,320046,320047,320048,320049,320050,320051,320052,320053,320054,320055,320056,320057,320058,320059,320060,320061,320062
113,11302,'H56S100F-80-F1',320063,320064,320065,320066,320067,320068,320069,320070,320071,320072,320073,320074,320075,320076,320077,320078,320079,320080,320081,320082,320083,320084,320085,320086,320087,320088,320089,320090,320091,320092,320093,320094,320095,320096,320097,320098,320099,320100,320101,320102,320103,320104,320105
113,11302,'H56S200F-80-F2',320106,320107,320108,320109,320110,320111,320112,320113,320114,320115,320116,320117,320118,320119,320120,320121,320122,320123,320124,320125,320126,320127,320128,320129,320130,320131,320132,320133,320134,320135,320136,320137,320138,320139,320140,320141,320142,320143,320144,320145,320146,320147,320148
114,11403,'H56S000A-80-A',320149,320150,320151,320152,320153,320154,320155,320156,320157,320158,320159,320160,320161,320162,320163,320164,320165,320166,320167,320168,320169,320170,320171,320172,320173,320174,320175,320176,320177,320178,320179,320180,320181,320182,320183,320184,320185,320186,320187,320188,320189
114,11403,'H56S000I-80-I',320190,320191,320192,320193,320194,320195,320196,320197,320198,320199,320200,320201,320202,320203,320204,320205,320206,320207,320208,320209,320210,320211,320212,320213,320214,320215,320216,320217,320218,320219,320220,320221,320222,320223,320224,320225,320226,320227,320228,320229
114,11403,'H56S000S-82-S',320230,320231,320232,320233,320234,320235,320236,320237,320238,320239,320240,320241,320242,320243,320244,320245,320246,320247,320248,320249,320250,320251,320252,320253,320254,320255,320256,320257,320258,320259,320260,320261,320262,320263,320264,320265,320266,320267,320268,320269,320270
114,11403,'H56S100F-80-F1',320271,320272,320273,320274,320275,320276,320277,320278,320279,320280,320281,320282,320283,320284,320285,320286,320287,320288,320289,320290,320291,320292,320293,320294,320295,320296,320297,320298,320299,320300,320301,320302,320303,320304,320305,320306,320307,320308,320309,320310
114,11403,'H56S200F-80-F2',320311,320312,320313,320314,320315,320316,320317,320318,320319,320320,320321,320322,320323,320324,320325,320326,320327,320328,320329,320330,320331,320332,320333,320334,320335,320336,320337,320338,320339,320340,320341,320342,320343,320344,320345,320346,320347,320348,320349,320350
114,11404,'H56S000A-80-A',320351,320352,320353,320354,320355,320356,320357,320358,320359,320360,320361,320362,320363,320364,320365,320366,320367,320368,320369,320370,320371,320372,320373,320374,320375,320376,320377,320378,320379,320380,320381,320382,320383,320384,320385,320386,320387,320388,320389,320390,320391
114,11404,'H56S000I-80-I',320392,320393,320394,320395,320396,320397,320398,320399,320400,320401,320402,320403,320404,320405,320406,320407,320408,320409,320410,320411,320412,320413,320414,320415,320416,320417,320418,320419,320420,320421,320422,320423,320424,320425,320426,320427,320428,320429,320430,320431
114,11404,'H56S000S-82-S',320432,320433,320434,320435,320436,320437,320438,320439,320440,320441,320442,320443,320444,320445,320446,320447,320448,320449,320450,320451,320452,320453,320454,320455,320456,320457,320458,320459,320460,320461,320462,320463,320464,320465,320466,320467,320468,320469,320470,320471
114,11404,'H56S100F-80-F1',320472,320473,320474,320475,320476,320477,320478,320479,320480,320481,320482,320483,320484,320485,320486,320487,320488,320489,320490,320491,320492,320493,320494,320495,320496,320497,320498,320499,320500,320501,320502,320503,320504,320505,320506,320507,320508,320509,320510,320511
114,11404,'H56S200F-80-F2',320512,320513,320514,320515,320516,320517,320518,320519,320520,320521,320522,320523,320524,320525,320526,320527,320528,320529,320530,320531,320532,320533,320534,320535,320536,320537,320538,320539,320540,320541,320542,320543,320544,320545,320546,320547,320548,320549,320550,320551
117,11703,'H60S000A-80-A',320552,320553,320554,320555,320556,320557,320558,320559,320560,320561,320562,320563,320564,320565,320566,320567,320568
117,11703,'H60S000I-81-I',320569,320570,320571,320572,320573,320574,320575,320576,320577,320578,320579,320580,320581,320582,320583
117,11703,'H60S000S-83-S',320584,320585,320586,320587,320588,320589,320590,320591,320592,320593,320594,320595,320596,320597,320598,320599,320600,320601,320602,320603,320604,320605,320606
117,11703,'H60S100F-80-F1',320607,320608,320609,320610,320611,320612,320613,320614,320615,320616,320617,320618,320619,320620,320621
117,11703,'H60S200F-80-F2',320622,320623,320624,320625,320626,320627,320628,320629,320630,320631,320632,320633,320634,320635,320636
117,11704,'H60S000A-80-A',320637,320638,320639,320640,320641,320642,320643,320644,320645,320646,320647,320648,320649,320650,320651,320652,320653
117,11704,'H60S000I-81-I',320654,320655,320656,320657,320658,320659,320660,320661,320662,320663,320664,320665,320666,320667,320668
117,11704,'H60S000S-83-S',320669,320670,320671,320672,320673,320674,320675,320676,320677,320678,320679,320680,320681,320682,320683,320684,320685,320686,320687,320688,320689,320690,320691
117,11704,'H60S100F-80-F1',320692,320693,320694,320695,320696,320697,320698,320699,320700,320701,320702,320703,320704,320705,320706
117,11704,'H60S200F-80-F2',320707,320708,320709,320710,320711,320712,320713,320714,320715,320716,320717,320718,320719,320720,320721
119,11901,'H50S000A-82-A',320722,320723,320724,320725,320726,320727,320728,320729,320730,320731,320732,320733,320734,320735,320736,320737,320738,320739,320740,320741,320742,320743,320744,320745
119,11901,'H50S000I-82-I',320746,320747,320748,320749,320750,320751,320752,320753,320754,320755,320756,320757,320758,320759,320760,320761,320762,320763,320764,320765,320766,320767,320768,320769
119,11901,'H50S000S-82-S',320770,320771,320772,320773,320774,320775,320776,320777,320778,320779,320780,320781,320782,320783,320784,320785,320786,320787,320788,320789,320790,320791,320792,320793,320794,320795,320796,320797,320798,320799,320800
119,11901,'H50S100F-80-F1',320801,320802,320803,320804,320805,320806,320807,320808,320809,320810,320811,320812,320813,320814,320815,320816,320817,320818,320819,320820,320821,320822,320823,320824
119,11901,'H50S200F-80-F2',320825,320826,320827,320828,320829,320830,320831,320832,320833,320834,320835,320836,320837,320838,320839,320840,320841,320842,320843,320844,320845,320846,320847,320848
119,11902,'H50S000A-82-A',320849,320850,320851,320852,320853,320854,320855,320856,320857,320858,320859,320860,320861,320862,320863,320864,320865,320866,320867,320868,320869,320870,320871,320872,320873
119,11902,'H50S000I-82-I',320874,320875,320876,320877,320878,320879,320880,320881,320882,320883,320884,320885,320886,320887,320888,320889,320890,320891,320892,320893,320894,320895,320896,320897,320898
119,11902,'H50S000S-82-S',320899,320900,320901,320902,320903,320904,320905,320906,320907,320908,320909,320910,320911,320912,320913,320914,320915,320916,320917,320918,320919,320920,320921,320922,320923,320924,320925,320926,320927,320928,320929,320930
119,11902,'H50S100F-80-F1',320931,320932,320933,320934,320935,320936,320937,320938,320939,320940,320941,320942,320943,320944,320945,320946,320947,320948,320949,320950,320951,320952,320953,320954,320955
119,11902,'H50S200F-80-F2',320956,320957,320958,320959,320960,320961,320962,320963,320964,320965,320966,320967,320968,320969,320970,320971,320972,320973,320974,320975,320976,320977,320978,320979,320980
120,12003,'H50S000S-82-S',320981,320982,320983,320984,320985,320986,320987,320988,320989,320990,320991,320992,320993,320994,320995
120,12004,'H50S000S-82-S',320996,320997,320998,320999,321000,321001,321002,321003,321004
120,12004,'H51S000S-81-S',321005
121,12101,'H58S000A-80-A',321006,321007,321008,321009,321010,321011,321012,321013,321014,321015,321016,321017,321018,321019,321020,321021,321022,321023,321024,321025,321026,321027,321028,321029,321030,321031,321032,321033,321034,321035,321036,321037,321038,321039,321040,321041,321042,321043,321044,321045,321046,321047,321048,321049,321050,321051,321052,321053,321054,321055,321056,321057,321058,321059,321060,321061,321062,321063,321064,321065,321066,321067,321068,321069
121,12101,'H58S000I-80-I',321070,321071,321072,321073,321074,321075,321076,321077,321078,321079,321080,321081,321082,321083,321084,321085,321086,321087,321088,321089,321090,321091,321092,321093,321094,321095,321096,321097,321098,321099,321100,321101,321102,321103,321104,321105,321106,321107,321108,321109,321110,321111,321112,321113,321114,321115,321116,321117,321118,321119,321120,321121,321122,321123,321124
121,12101,'H58S000S-83-S',321125,321126,321127,321128,321129,321130,321131,321132,321133,321134,321135,321136,321137,321138,321139,321140,321141,321142,321143,321144,321145,321146,321147,321148,321149,321150,321151,321152,321153,321154,321155,321156,321157,321158,321159,321160,321161,321162,321163,321164,321165,321166,321167,321168,321169,321170,321171,321172,321173,321174,321175,321176,321177,321178,321179,321180,321181,321182,321183,321184,321185,321186,321187,321188,321189,321190,321191,321192,321193,321194,321195,321196,321197,321198,321199,321200,321201,321202,321203,321204,321205,321206,321207,321208,321209,321210,321211,321212,321213,321214,321215,321216,321217,321218,321219,321220,321221,321222,321223,321224,321225
121,12101,'H58S100F-80-F1',321226,321227,321228,321229,321230,321231,321232,321233,321234,321235,321236,321237,321238,321239,321240,321241,321242,321243,321244,321245,321246,321247,321248,321249,321250,321251,321252,321253,321254,321255,321256,321257,321258,321259,321260,321261,321262,321263,321264,321265,321266,321267,321268,321269,321270,321271,321272,321273,321274,321275,321276,321277,321278,321279,321280
121,12101,'H58S200F-80-F2',321281,321282,321283,321284,321285,321286,321287,321288,321289,321290,321291,321292,321293,321294,321295,321296,321297,321298,321299,321300,321301,321302,321303,321304,321305,321306,321307,321308,321309,321310,321311,321312,321313,321314,321315,321316,321317,321318,321319,321320,321321,321322,321323,321324,321325,321326,321327,321328,321329,321330,321331,321332,321333,321334,321335
121,12102,'H58S000A-80-A',321336,321337,321338,321339,321340,321341,321342,321343,321344,321345,321346,321347,321348,321349,321350,321351,321352,321353,321354,321355,321356,321357,321358,321359,321360,321361,321362,321363,321364,321365,321366,321367,321368,321369,321370,321371,321372,321373,321374,321375,321376,321377,321378,321379,321380,321381,321382,321383,321384,321385,321386,321387,321388,321389,321390,321391,321392,321393,321394,321395,321396,321397,321398,321399,321400,321401,321402
121,12102,'H58S000I-80-I',321403,321404,321405,321406,321407,321408,321409,321410,321411,321412,321413,321414,321415,321416,321417,321418,321419,321420,321421,321422,321423,321424,321425,321426,321427,321428,321429,321430,321431,321432,321433,321434,321435,321436,321437,321438,321439,321440,321441,321442,321443,321444,321445,321446,321447,321448,321449,321450,321451,321452,321453,321454,321455,321456,321457,321458,321459,321460
121,12102,'H58S000S-83-S',321461,321462,321463,321464,321465,321466,321467,321468,321469,321470,321471,321472,321473,321474,321475,321476,321477,321478,321479,321480,321481,321482,321483,321484,321485,321486,321487,321488,321489,321490,321491,321492,321493,321494,321495,321496,321497,321498,321499,321500,321501,321502,321503,321504,321505,321506,321507,321508,321509,321510,321511,321512,321513,321514,321515,321516,321517,321518,321519,321520,321521,321522,321523,321524,321525,321526,321527,321528,321529,321530,321531,321532,321533,321534,321535,321536,321537,321538,321539,321540,321541,321542,321543,321544,321545,321546,321547,321548,321549,321550,321551,321552,321553,321554,321555,321556,321557,321558,321559,321560,321561,321562,321563,321564,321565,321566,321567,321568,321569,321570,321571,321572,321573
121,12102,'H58S100F-80-F1',321574,321575,321576,321577,321578,321579,321580,321581,321582,321583,321584,321585,321586,321587,321588,321589,321590,321591,321592,321593,321594,321595,321596,321597,321598,321599,321600,321601,321602,321603,321604,321605,321606,321607,321608,321609,321610,321611,321612,321613,321614,321615,321616,321617,321618,321619,321620,321621,321622,321623,321624,321625,321626,321627,321628,321629,321630,321631
121,12102,'H58S200F-80-F2',321632,321633,321634,321635,321636,321637,321638,321639,321640,321641,321642,321643,321644,321645,321646,321647,321648,321649,321650,321651,321652,321653,321654,321655,321656,321657,321658,321659,321660,321661,321662,321663,321664,321665,321666,321667,321668,321669,321670,321671,321672,321673,321674,321675,321676,321677,321678,321679,321680,321681,321682,321683,321684,321685,321686,321687,321688,321689
123,12303,'H56S000A-80-A',321690,321691,321692,321693,321694,321695,321696,321697,321698,321699,321700,321701,321702,321703,321704,321705,321706,321707,321708,321709,321710,321711,321712,321713,321714,321715,321716,321717,321718,321719,321720,321721,321722,321723,321724,321725
123,12303,'H56S000I-80-I',321726,321727,321728,321729,321730,321731,321732,321733,321734,321735,321736,321737,321738,321739,321740,321741,321742,321743,321744,321745,321746,321747,321748,321749,321750,321751,321752,321753,321754,321755,321756,321757,321758,321759
123,12303,'H56S000S-82-S',321760,321761,321762,321763,321764,321765,321766,321767,321768,321769,321770,321771,321772,321773,321774,321775,321776,321777,321778,321779,321780,321781,321782,321783,321784,321785,321786,321787,321788,321789,321790,321791,321792,321793,321794,321795,321796,321797
123,12303,'H56S100F-80-F1',321798,321799,321800,321801,321802,321803,321804,321805,321806,321807,321808,321809,321810,321811,321812,321813,321814,321815,321816,321817,321818,321819,321820,321821,321822,321823,321824,321825,321826,321827,321828,321829,321830,321831
123,12303,'H56S200F-80-F2',321832,321833,321834,321835,321836,321837,321838,321839,321840,321841,321842,321843,321844,321845,321846,321847,321848,321849,321850,321851,321852,321853,321854,321855,321856,321857,321858,321859,321860,321861,321862,321863,321864,321865
123,12304,'H56S000A-80-A',321866,321867,321868,321869,321870,321871,321872,321873,321874,321875,321876,321877,321878,321879,321880,321881,321882,321883,321884,321885,321886,321887,321888,321889,321890,321891,321892,321893,321894,321895,321896,321897,321898,321899,321900,321901,321902
123,12304,'H56S000I-80-I',321903,321904,321905,321906,321907,321908,321909,321910,321911,321912,321913,321914,321915,321916,321917,321918,321919,321920,321921,321922,321923,321924,321925,321926,321927,321928,321929,321930,321931,321932,321933,321934,321935,321936,321937
123,12304,'H56S000S-82-S',321938,321939,321940,321941,321942,321943,321944,321945,321946,321947,321948,321949,321950,321951,321952,321953,321954,321955,321956,321957,321958,321959,321960,321961,321962,321963,321964,321965,321966,321967,321968,321969,321970,321971,321972,321973,321974,321975
123,12304,'H56S100F-80-F1',321976,321977,321978,321979,321980,321981,321982,321983,321984,321985,321986,321987,321988,321989,321990,321991,321992,321993,321994,321995,321996,321997,321998,321999,322000,322001,322002,322003,322004,322005,322006,322007,322008,322009,322010
123,12304,'H56S200F-80-F2',322011,322012,322013,322014,322015,322016,322017,322018,322019,322020,322021,322022,322023,322024,322025,322026,322027,322028,322029,322030,322031,322032,322033,322034,322035,322036,322037,322038,322039,322040,322041,322042,322043,322044,322045
124,12403,'H50S000A-82-A',322046,322047,322048,322049,322050,322051,322052,322053,322054,322055,322056,322057,322058,322059,322060,322061,322062,322063,322064,322065,322066,322067,322068,322069,322070,322071,322072,322073,322074,322075,322076,322077,322078,322079,322080,322081,322082
124,12403,'H50S000I-82-I',322083,322084,322085,322086,322087,322088,322089,322090,322091,322092,322093,322094,322095,322096,322097,322098,322099,322100,322101,322102,322103,322104,322105,322106,322107,322108,322109,322110,322111,322112,322113,322114,322115,322116,322117,322118
124,12403,'H50S000S-82-S',322119,322120,322121,322122,322123,322124,322125,322126,322127,322128,322129,322130,322131,322132,322133,322134,322135,322136,322137,322138,322139,322140,322141,322142,322143,322144,322145,322146,322147,322148,322149,322150,322151,322152,322153,322154,322155,322156
124,12403,'H50S100F-80-F1',322157,322158,322159,322160,322161,322162,322163,322164,322165,322166,322167,322168,322169,322170,322171,322172,322173,322174,322175,322176,322177,322178,322179,322180,322181,322182,322183,322184,322185,322186,322187,322188,322189,322190,322191,322192
124,12403,'H50S200F-80-F2',322193,322194,322195,322196,322197,322198,322199,322200,322201,322202,322203,322204,322205,322206,322207,322208,322209,322210,322211,322212,322213,322214,322215,322216,322217,322218,322219,322220,322221,322222,322223,322224,322225,322226,322227,322228
124,12404,'H50S000A-82-A',322229,322230,322231,322232,322233,322234,322235,322236,322237,322238,322239,322240,322241,322242,322243,322244,322245,322246,322247,322248,322249,322250,322251,322252,322253,322254,322255,322256,322257,322258,322259,322260,322261,322262,322263,322264
124,12404,'H50S000I-82-I',322265,322266,322267,322268,322269,322270,322271,322272,322273,322274,322275,322276,322277,322278,322279,322280,322281,322282,322283,322284,322285,322286,322287,322288,322289,322290,322291,322292,322293,322294,322295,322296,322297,322298
124,12404,'H50S000S-82-S',322299,322300,322301,322302,322303,322304,322305,322306,322307,322308,322309,322310,322311,322312,322313,322314,322315,322316,322317,322318,322319,322320,322321,322322,322323,322324,322325,322326,322327,322328,322329,322330,322331,322332,322333,322334
124,12404,'H50S100F-80-F1',322335,322336,322337,322338,322339,322340,322341,322342,322343,322344,322345,322346,322347,322348,322349,322350,322351,322352,322353,322354,322355,322356,322357,322358,322359,322360,322361,322362,322363,322364,322365,322366,322367,322368
124,12404,'H50S200F-80-F2',322369,322370,322371,322372,322373,322374,322375,322376,322377,322378,322379,322380,322381,322382,322383,322384,322385,322386,322387,322388,322389,322390,322391,322392,322393,322394,322395,322396,322397,322398,322399,322400,322401,322402
124,12404,'H51S000S-81-S',322403
125,12501,'H59S000A-80-A',322404,322405,322406,322407,322408,322409,322410,322411,322412,322413,322414,322415,322416,322417,322418,322419,322420,322421,322422,322423,322424,322425,322426,322427,322428,322429,322430,322431,322432,322433,322434,322435,322436,322437,322438,322439,322440,322441,322442,322443,322444
125,12501,'H59S000I-81-I',322445,322446,322447,322448,322449,322450,322451,322452,322453,322454,322455,322456,322457,322458,322459,322460,322461,322462,322463,322464,322465,322466,322467,322468,322469,322470,322471,322472,322473,322474,322475,322476,322477,322478,322479,322480,322481,322482,322483,322484,322485
125,12501,'H59S000S-80-S',322486,322487,322488,322489,322490,322491,322492,322493,322494,322495,322496,322497,322498,322499,322500,322501,322502,322503,322504,322505,322506,322507,322508,322509,322510,322511,322512,322513,322514,322515,322516,322517,322518,322519,322520,322521,322522,322523,322524,322525,322526,322527,322528,322529,322530,322531
125,12501,'H59S100F-80-F1',322532,322533,322534,322535,322536,322537,322538,322539,322540,322541,322542,322543,322544,322545,322546,322547,322548,322549,322550,322551,322552,322553,322554,322555,322556,322557,322558,322559,322560,322561,322562,322563,322564,322565,322566,322567,322568,322569,322570,322571,322572
125,12501,'H59S200F-80-F2',322573,322574,322575,322576,322577,322578,322579,322580,322581,322582,322583,322584,322585,322586,322587,322588,322589,322590,322591,322592,322593,322594,322595,322596,322597,322598,322599,322600,322601,322602,322603,322604,322605,322606,322607,322608,322609,322610,322611,322612,322613
125,12502,'H59S000A-80-A',322614,322615,322616,322617,322618,322619,322620,322621,322622,322623,322624,322625,322626,322627,322628,322629,322630,322631,322632,322633,322634,322635,322636,322637,322638,322639,322640,322641,322642,322643,322644,322645,322646,322647,322648,322649,322650,322651,322652,322653,322654,322655,322656
125,12502,'H59S000I-81-I',322657,322658,322659,322660,322661,322662,322663,322664,322665,322666,322667,322668,322669,322670,322671,322672,322673,322674,322675,322676,322677,322678,322679,322680,322681,322682,322683,322684,322685,322686,322687,322688,322689,322690,322691,322692,322693,322694,322695,322696,322697
125,12502,'H59S000S-80-S',322698,322699,322700,322701,322702,322703,322704,322705,322706,322707,322708,322709,322710,322711,322712,322713,322714,322715,322716,322717,322718,322719,322720,322721,322722,322723,322724,322725,322726,322727,322728,322729,322730,322731,322732,322733,322734,322735,322736,322737,322738,322739,322740,322741,322742,322743,322744
125,12502,'H59S100F-80-F1',322745,322746,322747,322748,322749,322750,322751,322752,322753,322754,322755,322756,322757,322758,322759,322760,322761,322762,322763,322764,322765,322766,322767,322768,322769,322770,322771,322772,322773,322774,322775,322776,322777,322778,322779,322780,322781,322782,322783,322784,322785
125,12502,'H59S200F-80-F2',322786,322787,322788,322789,322790,322791,322792,322793,322794,322795,322796,322797,322798,322799,322800,322801,322802,322803,322804,322805,322806,322807,322808,322809,322810,322811,322812,322813,322814,322815,322816,322817,322818,322819,322820,322821,322822,322823,322824,322825,322826
127,12703,'H50S000A-82-A',322827,322828,322829,322830,322831,322832,322833,322834,322835,322836,322837,322838,322839,322840,322841,322842,322843,322844,322845,322846,322847,322848,322849,322850,322851,322852,322853,322854,322855,322856,322857,322858,322859,322860,322861,322862,322863
127,12703,'H50S000I-82-I',322864,322865,322866,322867,322868,322869,322870,322871,322872,322873,322874,322875,322876,322877,322878,322879,322880,322881,322882,322883,322884,322885,322886,322887,322888,322889,322890,322891,322892,322893,322894,322895,322896,322897,322898,322899,322900
127,12703,'H50S000S-82-S',322901,322902,322903,322904,322905,322906,322907,322908,322909,322910,322911,322912,322913,322914,322915,322916,322917,322918,322919,322920,322921,322922,322923,322924,322925,322926,322927,322928,322929,322930,322931,322932,322933,322934,322935,322936,322937,322938,322939,322940,322941,322942,322943,322944,322945
127,12703,'H50S100F-80-F1',322946,322947,322948,322949,322950,322951,322952,322953,322954,322955,322956,322957,322958,322959,322960,322961,322962,322963,322964,322965,322966,322967,322968,322969,322970,322971,322972,322973,322974,322975,322976,322977,322978,322979,322980,322981,322982
127,12703,'H50S200F-80-F2',322983,322984,322985,322986,322987,322988,322989,322990,322991,322992,322993,322994,322995,322996,322997,322998,322999,323000,323001,323002,323003,323004,323005,323006,323007,323008,323009,323010,323011,323012,323013,323014,323015,323016,323017,323018,323019
127,12704,'H50S000A-82-A',323020,323021,323022,323023,323024,323025,323026,323027,323028,323029,323030,323031,323032,323033,323034,323035,323036,323037,323038,323039,323040,323041,323042,323043,323044,323045,323046,323047,323048,323049,323050,323051,323052,323053,323054,323055
127,12704,'H50S000I-82-I',323056,323057,323058,323059,323060,323061,323062,323063,323064,323065,323066,323067,323068,323069,323070,323071,323072,323073,323074,323075,323076,323077,323078,323079,323080,323081,323082,323083,323084,323085,323086,323087,323088,323089,323090,323091
127,12704,'H50S000S-82-S',323092,323093,323094,323095,323096,323097,323098,323099,323100,323101,323102,323103,323104,323105,323106,323107,323108,323109,323110,323111,323112,323113,323114,323115,323116,323117,323118,323119,323120,323121,323122,323123,323124,323125,323126,323127,323128,323129,323130,323131,323132,323133,323134
127,12704,'H50S100F-80-F1',323135,323136,323137,323138,323139,323140,323141,323142,323143,323144,323145,323146,323147,323148,323149,323150,323151,323152,323153,323154,323155,323156,323157,323158,323159,323160,323161,323162,323163,323164,323165,323166,323167,323168,323169,323170
127,12704,'H50S200F-80-F2',323171,323172,323173,323174,323175,323176,323177,323178,323179,323180,323181,323182,323183,323184,323185,323186,323187,323188,323189,323190,323191,323192,323193,323194,323195,323196,323197,323198,323199,323200,323201,323202,323203,323204,323205,323206
128,12803,'H50S000A-82-A',323207,323208,323209,323210,323211,323212,323213,323214,323215,323216,323217,323218,323219,323220,323221,323222,323223,323224,323225,323226,323227,323228,323229,323230,323231,323232,323233,323234,323235,323236,323237,323238,323239,323240,323241,323242,323243
128,12803,'H50S000I-82-I',323244,323245,323246,323247,323248,323249,323250,323251,323252,323253,323254,323255,323256,323257,323258,323259,323260,323261,323262,323263,323264,323265,323266,323267,323268,323269,323270,323271,323272,323273,323274,323275,323276,323277,323278,323279,323280
128,12803,'H50S000S-82-S',323281,323282,323283,323284,323285,323286,323287,323288,323289,323290,323291,323292,323293,323294,323295,323296,323297,323298,323299,323300,323301,323302,323303,323304,323305,323306,323307,323308,323309,323310,323311,323312,323313,323314,323315,323316,323317,323318,323319
128,12803,'H50S100F-80-F1',323320,323321,323322,323323,323324,323325,323326,323327,323328,323329,323330,323331,323332,323333,323334,323335,323336,323337,323338,323339,323340,323341,323342,323343,323344,323345,323346,323347,323348,323349,323350,323351,323352,323353,323354,323355,323356
128,12803,'H50S200F-80-F2',323357,323358,323359,323360,323361,323362,323363,323364,323365,323366,323367,323368,323369,323370,323371,323372,323373,323374,323375,323376,323377,323378,323379,323380,323381,323382,323383,323384,323385,323386,323387,323388,323389,323390,323391,323392,323393
128,12804,'H50S000A-82-A',323394,323395,323396,323397,323398,323399,323400,323401,323402,323403,323404,323405,323406,323407,323408,323409,323410,323411,323412,323413,323414,323415,323416,323417,323418,323419,323420,323421,323422,323423,323424,323425,323426,323427,323428,323429
128,12804,'H50S000I-82-I',323430,323431,323432,323433,323434,323435,323436,323437,323438,323439,323440,323441,323442,323443,323444,323445,323446,323447,323448,323449,323450,323451,323452,323453,323454,323455,323456,323457,323458,323459,323460,323461,323462,323463,323464,323465
128,12804,'H50S000S-82-S',323466,323467,323468,323469,323470,323471,323472,323473,323474,323475,323476,323477,323478,323479,323480,323481,323482,323483,323484,323485,323486,323487,323488,323489,323490,323491,323492,323493,323494,323495,323496,323497,323498,323499,323500,323501
128,12804,'H50S100F-80-F1',323502,323503,323504,323505,323506,323507,323508,323509,323510,323511,323512,323513,323514,323515,323516,323517,323518,323519,323520,323521,323522,323523,323524,323525,323526,323527,323528,323529,323530,323531,323532,323533,323534,323535,323536,323537
128,12804,'H50S200F-80-F2',323538,323539,323540,323541,323542,323543,323544,323545,323546,323547,323548,323549,323550,323551,323552,323553,323554,323555,323556,323557,323558,323559,323560,323561,323562,323563,323564,323565,323566,323567,323568,323569,323570,323571,323572,323573
128,12804,'H60S000S-83-S',323574
129,12903,'H51S000A-80-A',323575,323576,323577,323578,323579,323580,323581,323582,323583,323584,323585,323586,323587,323588,323589,323590,323591,323592,323593,323594,323595,323596,323597,323598,323599,323600,323601,323602,323603,323604,323605,323606,323607,323608,323609,323610,323611
129,12903,'H51S000I-80-I',323612,323613,323614,323615,323616,323617,323618,323619,323620,323621,323622,323623,323624,323625,323626,323627,323628,323629,323630,323631,323632,323633,323634,323635,323636,323637,323638,323639,323640,323641,323642,323643,323644,323645
129,12903,'H51S000S-81-S',323646,323647,323648,323649,323650,323651,323652,323653,323654,323655,323656,323657,323658,323659,323660,323661,323662,323663,323664,323665,323666,323667,323668,323669,323670,323671,323672,323673,323674,323675,323676,323677,323678,323679,323680,323681,323682,323683,323684,323685,323686,323687,323688,323689,323690,323691
129,12903,'H51S100F-80-F1',323692,323693,323694,323695,323696,323697,323698,323699,323700,323701,323702,323703,323704,323705,323706,323707,323708,323709,323710,323711,323712,323713,323714,323715,323716,323717,323718,323719,323720,323721,323722,323723,323724,323725
129,12903,'H51S200F-80-F2',323726,323727,323728,323729,323730,323731,323732,323733,323734,323735,323736,323737,323738,323739,323740,323741,323742,323743,323744,323745,323746,323747,323748,323749,323750,323751,323752,323753,323754,323755,323756,323757,323758,323759
129,12903,'H57S000S-80-S',323760,323761
129,12903,'H59S000S-80-S',323762,323763
129,12904,'H51S000A-80-A',323764,323765,323766,323767,323768,323769,323770,323771,323772,323773,323774,323775,323776,323777,323778,323779,323780,323781,323782,323783,323784,323785,323786,323787,323788,323789,323790,323791,323792,323793,323794,323795,323796,323797,323798,323799,323800,323801,323802,323803
129,12904,'H51S000I-80-I',323804,323805,323806,323807,323808,323809,323810,323811,323812,323813,323814,323815,323816,323817,323818,323819,323820,323821,323822,323823,323824,323825,323826,323827,323828,323829,323830,323831,323832,323833,323834,323835,323836,323837,323838,323839
129,12904,'H51S000S-81-S',323840,323841,323842,323843,323844,323845,323846,323847,323848,323849,323850,323851,323852,323853,323854,323855,323856,323857,323858,323859,323860,323861,323862,323863,323864,323865,323866,323867,323868,323869,323870,323871,323872,323873,323874,323875,323876,323877,323878,323879,323880,323881,323882,323883,323884,323885,323886,323887
129,12904,'H51S100F-80-F1',323888,323889,323890,323891,323892,323893,323894,323895,323896,323897,323898,323899,323900,323901,323902,323903,323904,323905,323906,323907,323908,323909,323910,323911,323912,323913,323914,323915,323916,323917,323918,323919,323920,323921,323922,323923
129,12904,'H51S200F-80-F2',323924,323925,323926,323927,323928,323929,323930,323931,323932,323933,323934,323935,323936,323937,323938,323939,323940,323941,323942,323943,323944,323945,323946,323947,323948,323949,323950,323951,323952,323953,323954,323955,323956,323957,323958,323959
129,12904,'H57S000S-80-S',323960,323961,323962,323963
129,12904,'H59S000S-80-S',323964,323965,323966,323967
131,13103,'H57S000S-80-S',323968
131,13103,'H59S000A-80-A',323969,323970,323971,323972,323973,323974,323975,323976,323977,323978,323979,323980,323981,323982,323983,323984,323985,323986,323987,323988,323989,323990,323991,323992,323993,323994,323995,323996,323997,323998,323999,324000,324001,324002,324003,324004,324005,324006,324007,324008,324009,324010,324011,324012,324013,324014,324015,324016,324017,324018,324019,324020,324021,324022,324023,324024,324025,324026,324027,324028,324029
131,13103,'H59S000I-81-I',324030,324031,324032,324033,324034,324035,324036,324037,324038,324039,324040,324041,324042,324043,324044,324045,324046,324047,324048,324049,324050,324051,324052,324053,324054,324055,324056,324057,324058,324059,324060,324061,324062,324063,324064,324065,324066,324067,324068,324069,324070,324071,324072,324073,324074,324075,324076,324077,324078,324079,324080,324081,324082,324083,324084,324085,324086,324087,324088,324089
131,13103,'H59S000S-80-S',324090,324091,324092,324093,324094,324095,324096,324097,324098,324099,324100,324101,324102,324103,324104,324105,324106,324107,324108,324109,324110,324111,324112,324113,324114,324115,324116,324117,324118,324119,324120,324121,324122,324123,324124,324125,324126,324127,324128,324129,324130,324131,324132,324133,324134,324135,324136,324137,324138,324139
131,13103,'H59S100F-80-F1',324140,324141,324142,324143,324144,324145,324146,324147,324148,324149,324150,324151,324152,324153,324154,324155,324156,324157,324158,324159,324160,324161,324162,324163,324164,324165,324166,324167,324168,324169,324170,324171,324172,324173,324174,324175,324176,324177,324178,324179,324180,324181,324182,324183,324184,324185,324186,324187,324188,324189,324190,324191,324192,324193,324194,324195,324196,324197,324198,324199
131,13103,'H59S200F-80-F2',324200,324201,324202,324203,324204,324205,324206,324207,324208,324209,324210,324211,324212,324213,324214,324215,324216,324217,324218,324219,324220,324221,324222,324223,324224,324225,324226,324227,324228,324229,324230,324231,324232,324233,324234,324235,324236,324237,324238,324239,324240,324241,324242,324243,324244,324245,324246,324247,324248,324249,324250,324251,324252,324253,324254,324255,324256,324257,324258,324259
131,13104,'H59S000A-80-A',324260,324261,324262,324263,324264,324265,324266,324267,324268,324269,324270,324271,324272,324273,324274,324275,324276,324277,324278,324279,324280,324281,324282,324283,324284,324285,324286,324287,324288,324289,324290,324291,324292,324293,324294,324295,324296,324297,324298,324299,324300,324301,324302,324303,324304,324305,324306,324307,324308,324309,324310,324311,324312,324313,324314,324315,324316,324317,324318,324319,324320,324321,324322
131,13104,'H59S000I-81-I',324323,324324,324325,324326,324327,324328,324329,324330,324331,324332,324333,324334,324335,324336,324337,324338,324339,324340,324341,324342,324343,324344,324345,324346,324347,324348,324349,324350,324351,324352,324353,324354,324355,324356,324357,324358,324359,324360,324361,324362,324363,324364,324365,324366,324367,324368,324369,324370,324371,324372,324373,324374,324375,324376,324377,324378,324379,324380,324381,324382,324383,324384
131,13104,'H59S000S-80-S',324385,324386,324387,324388,324389,324390,324391,324392,324393,324394,324395,324396,324397,324398,324399,324400,324401,324402,324403,324404,324405,324406,324407,324408,324409,324410,324411,324412,324413,324414,324415,324416,324417,324418,324419,324420,324421,324422,324423,324424,324425,324426,324427,324428,324429,324430,324431,324432,324433,324434
131,13104,'H59S100F-80-F1',324435,324436,324437,324438,324439,324440,324441,324442,324443,324444,324445,324446,324447,324448,324449,324450,324451,324452,324453,324454,324455,324456,324457,324458,324459,324460,324461,324462,324463,324464,324465,324466,324467,324468,324469,324470,324471,324472,324473,324474,324475,324476,324477,324478,324479,324480,324481,324482,324483,324484,324485,324486,324487,324488,324489,324490,324491,324492,324493,324494,324495,324496
131,13104,'H59S200F-80-F2',324497,324498,324499,324500,324501,324502,324503,324504,324505,324506,324507,324508,324509,324510,324511,324512,324513,324514,324515,324516,324517,324518,324519,324520,324521,324522,324523,324524,324525,324526,324527,324528,324529,324530,324531,324532,324533,324534,324535,324536,324537,324538,324539,324540,324541,324542,324543,324544,324545,324546,324547,324548,324549,324550,324551,324552,324553,324554,324555,324556,324557,324558
136,13603,'H51S000S-81-S',324559,324560
136,13603,'H58S000S-83-S',324561
136,13603,'H59S000A-80-A',324562,324563,324564,324565,324566,324567,324568,324569,324570,324571,324572,324573,324574,324575,324576,324577,324578,324579,324580,324581,324582,324583,324584,324585,324586,324587,324588,324589,324590,324591,324592,324593,324594,324595,324596,324597,324598,324599,324600,324601,324602,324603,324604,324605,324606,324607,324608,324609,324610,324611,324612,324613,324614,324615,324616,324617
136,13603,'H59S000I-81-I',324618,324619,324620,324621,324622,324623,324624,324625,324626,324627,324628,324629,324630,324631,324632,324633,324634,324635,324636,324637,324638,324639,324640,324641,324642,324643,324644,324645,324646,324647,324648,324649,324650,324651,324652,324653,324654,324655,324656,324657,324658,324659,324660,324661,324662,324663,324664,324665,324666
136,13603,'H59S000S-80-S',324667,324668,324669,324670,324671,324672,324673,324674,324675,324676,324677,324678,324679,324680,324681,324682,324683,324684,324685,324686,324687,324688,324689,324690,324691,324692,324693,324694,324695,324696,324697,324698,324699,324700,324701,324702,324703,324704,324705,324706,324707,324708,324709,324710,324711,324712,324713,324714,324715,324716,324717,324718,324719,324720,324721,324722,324723,324724,324725,324726,324727,324728,324729,324730,324731,324732,324733,324734,324735,324736,324737
136,13603,'H59S100F-80-F1',324738,324739,324740,324741,324742,324743,324744,324745,324746,324747,324748,324749,324750,324751,324752,324753,324754,324755,324756,324757,324758,324759,324760,324761,324762,324763,324764,324765,324766,324767,324768,324769,324770,324771,324772,324773,324774,324775,324776,324777,324778,324779,324780,324781,324782,324783,324784,324785,324786
136,13603,'H59S200F-80-F2',324787,324788,324789,324790,324791,324792,324793,324794,324795,324796,324797,324798,324799,324800,324801,324802,324803,324804,324805,324806,324807,324808,324809,324810,324811,324812,324813,324814,324815,324816,324817,324818,324819,324820,324821,324822,324823,324824,324825,324826,324827,324828,324829,324830,324831,324832,324833,324834,324835
136,13604,'H51S000S-81-S',324836,324837
136,13604,'H57S000S-80-S',324838,324839
136,13604,'H59S000A-80-A',324840,324841,324842,324843,324844,324845,324846,324847,324848,324849,324850,324851,324852,324853,324854,324855,324856,324857,324858,324859,324860,324861,324862,324863,324864,324865,324866,324867,324868,324869,324870,324871,324872,324873,324874,324875,324876,324877,324878,324879,324880,324881,324882,324883,324884,324885,324886,324887,324888,324889,324890,324891,324892,324893,324894,324895
136,13604,'H59S000I-81-I',324896,324897,324898,324899,324900,324901,324902,324903,324904,324905,324906,324907,324908,324909,324910,324911,324912,324913,324914,324915,324916,324917,324918,324919,324920,324921,324922,324923,324924,324925,324926,324927,324928,324929,324930,324931,324932,324933,324934,324935,324936,324937,324938,324939,324940
136,13604,'H59S000S-80-S',324941,324942,324943,324944,324945,324946,324947,324948,324949,324950,324951,324952,324953,324954,324955,324956,324957,324958,324959,324960,324961,324962,324963,324964,324965,324966,324967,324968,324969,324970,324971,324972,324973,324974,324975,324976,324977,324978,324979,324980,324981,324982,324983,324984,324985,324986,324987,324988,324989,324990,324991,324992,324993,324994,324995,324996,324997,324998,324999,325000,325001,325002,325003,325004,325005,325006,325007,325008,325009,325010,325011
136,13604,'H59S100F-80-F1',325012,325013,325014,325015,325016,325017,325018,325019,325020,325021,325022,325023,325024,325025,325026,325027,325028,325029,325030,325031,325032,325033,325034,325035,325036,325037,325038,325039,325040,325041,325042,325043,325044,325045,325046,325047,325048,325049,325050,325051,325052,325053,325054,325055,325056
136,13604,'H59S200F-80-F2',325057,325058,325059,325060,325061,325062,325063,325064,325065,325066,325067,325068,325069,325070,325071,325072,325073,325074,325075,325076,325077,325078,325079,325080,325081,325082,325083,325084,325085,325086,325087,325088,325089,325090,325091,325092,325093,325094,325095,325096,325097,325098,325099,325100,325101
138,13801,'H56S000A-80-A',325102,325103,325104,325105,325106,325107,325108,325109,325110,325111,325112,325113,325114,325115,325116,325117,325118,325119,325120
138,13801,'H56S000I-80-I',325121,325122,325123,325124,325125,325126,325127,325128,325129,325130,325131,325132,325133,325134,325135,325136,325137,325138,325139,325140
138,13801,'H56S000S-82-S',325141,325142,325143,325144,325145,325146,325147,325148,325149,325150,325151,325152,325153,325154,325155,325156,325157,325158,325159,325160,325161,325162,325163,325164,325165,325166,325167,325168,325169,325170,325171,325172,325173,325174,325175
138,13801,'H56S100F-80-F1',325176,325177,325178,325179,325180,325181,325182,325183,325184,325185,325186,325187,325188,325189,325190,325191,325192,325193,325194,325195
138,13801,'H56S200F-80-F2',325196,325197,325198,325199,325200,325201,325202,325203,325204,325205,325206,325207,325208,325209,325210,325211,325212,325213,325214,325215
138,13802,'H56S000A-80-A',325216,325217,325218,325219,325220,325221,325222,325223,325224,325225,325226,325227,325228,325229,325230,325231,325232,325233,325234
138,13802,'H56S000I-80-I',325235,325236,325237,325238,325239,325240,325241,325242,325243,325244,325245,325246,325247,325248,325249,325250,325251,325252,325253
138,13802,'H56S000S-82-S',325254,325255,325256,325257,325258,325259,325260,325261,325262,325263,325264,325265,325266,325267,325268,325269,325270,325271,325272,325273,325274,325275,325276,325277,325278,325279,325280,325281,325282,325283,325284,325285,325286,325287,325288
138,13802,'H56S100F-80-F1',325289,325290,325291,325292,325293,325294,325295,325296,325297,325298,325299,325300,325301,325302,325303,325304,325305,325306,325307
138,13802,'H56S200F-80-F2',325308,325309,325310,325311,325312,325313,325314,325315,325316,325317,325318,325319,325320,325321,325322,325323,325324,325325,325326
139,13903,'H58S000A-80-A',325327,325328,325329,325330,325331,325332,325333,325334,325335,325336,325337,325338,325339,325340,325341,325342,325343,325344,325345,325346,325347,325348,325349,325350,325351,325352,325353,325354,325355,325356,325357,325358,325359,325360,325361,325362,325363,325364,325365,325366,325367,325368,325369,325370,325371,325372,325373,325374,325375,325376,325377,325378,325379,325380,325381,325382,325383
139,13903,'H58S000I-80-I',325384,325385,325386,325387,325388,325389,325390,325391,325392,325393,325394,325395,325396,325397,325398,325399,325400,325401,325402,325403,325404,325405,325406,325407,325408,325409,325410,325411,325412,325413,325414,325415,325416,325417,325418,325419,325420,325421,325422,325423,325424,325425,325426,325427,325428,325429,325430,325431,325432,325433,325434,325435,325436
139,13903,'H58S000S-83-S',325437,325438,325439,325440,325441,325442,325443,325444,325445,325446,325447,325448,325449,325450,325451,325452,325453,325454,325455,325456,325457,325458,325459,325460,325461,325462,325463,325464,325465,325466,325467,325468,325469,325470,325471,325472,325473,325474,325475,325476,325477,325478,325479
139,13903,'H58S100F-80-F1',325480,325481,325482,325483,325484,325485,325486,325487,325488,325489,325490,325491,325492,325493,325494,325495,325496,325497,325498,325499,325500,325501,325502,325503,325504,325505,325506,325507,325508,325509,325510,325511,325512,325513,325514,325515,325516,325517,325518,325519,325520,325521,325522,325523,325524,325525,325526,325527,325528,325529,325530,325531,325532
139,13903,'H58S200F-80-F2',325533,325534,325535,325536,325537,325538,325539,325540,325541,325542,325543,325544,325545,325546,325547,325548,325549,325550,325551,325552,325553,325554,325555,325556,325557,325558,325559,325560,325561,325562,325563,325564,325565,325566,325567,325568,325569,325570,325571,325572,325573,325574,325575,325576,325577,325578,325579,325580,325581,325582,325583,325584,325585
139,13904,'H58S000A-80-A',325586,325587,325588,325589,325590,325591,325592,325593,325594,325595,325596,325597,325598,325599,325600,325601,325602,325603,325604,325605,325606,325607,325608,325609,325610,325611,325612,325613,325614,325615,325616,325617,325618,325619,325620,325621,325622,325623,325624,325625,325626,325627,325628,325629,325630,325631,325632,325633
139,13904,'H58S000I-80-I',325634,325635,325636,325637,325638,325639,325640,325641,325642,325643,325644,325645,325646,325647,325648,325649,325650,325651,325652,325653,325654,325655,325656,325657,325658,325659,325660,325661,325662,325663,325664,325665,325666,325667,325668,325669,325670,325671,325672,325673,325674,325675,325676,325677,325678,325679
139,13904,'H58S000S-83-S',325680,325681,325682,325683,325684,325685,325686,325687,325688,325689,325690,325691,325692,325693,325694,325695,325696,325697,325698,325699,325700,325701,325702,325703,325704,325705,325706,325707,325708,325709,325710,325711,325712,325713,325714,325715,325716,325717,325718,325719,325720
139,13904,'H58S100F-80-F1',325721,325722,325723,325724,325725,325726,325727,325728,325729,325730,325731,325732,325733,325734,325735,325736,325737,325738,325739,325740,325741,325742,325743,325744,325745,325746,325747,325748,325749,325750,325751,325752,325753,325754,325755,325756,325757,325758,325759,325760,325761,325762,325763,325764,325765,325766
139,13904,'H58S200F-80-F2',325767,325768,325769,325770,325771,325772,325773,325774,325775,325776,325777,325778,325779,325780,325781,325782,325783,325784,325785,325786,325787,325788,325789,325790,325791,325792,325793,325794,325795,325796,325797,325798,325799,325800,325801,325802,325803,325804,325805,325806,325807,325808,325809,325810,325811,325812
140,14001,'H58S000A-80-A',325813,325814,325815,325816,325817,325818,325819,325820,325821,325822,325823,325824,325825,325826,325827,325828,325829,325830,325831,325832,325833,325834,325835,325836,325837,325838,325839,325840,325841,325842,325843,325844,325845,325846,325847,325848,325849,325850,325851,325852,325853,325854
140,14001,'H58S000I-80-I',325855,325856,325857,325858,325859,325860,325861,325862,325863,325864,325865,325866,325867,325868,325869,325870,325871,325872,325873,325874,325875,325876,325877,325878,325879,325880,325881,325882,325883,325884,325885,325886,325887,325888,325889,325890,325891,325892,325893,325894
140,14001,'H58S000S-83-S',325895,325896,325897,325898,325899,325900,325901,325902,325903,325904,325905,325906,325907,325908,325909,325910,325911,325912,325913,325914,325915,325916,325917,325918,325919,325920,325921,325922,325923,325924,325925,325926,325927,325928,325929,325930,325931,325932,325933,325934,325935,325936,325937,325938,325939,325940,325941
140,14001,'H58S100F-80-F1',325942,325943,325944,325945,325946,325947,325948,325949,325950,325951,325952,325953,325954,325955,325956,325957,325958,325959,325960,325961,325962,325963,325964,325965,325966,325967,325968,325969,325970,325971,325972,325973,325974,325975,325976,325977,325978,325979,325980,325981
140,14001,'H58S200F-80-F2',325982,325983,325984,325985,325986,325987,325988,325989,325990,325991,325992,325993,325994,325995,325996,325997,325998,325999,326000,326001,326002,326003,326004,326005,326006,326007,326008,326009,326010,326011,326012,326013,326014,326015,326016,326017,326018,326019,326020,326021
140,14002,'H58S000A-80-A',326022,326023,326024,326025,326026,326027,326028,326029,326030,326031,326032,326033,326034,326035,326036,326037,326038,326039,326040,326041,326042,326043,326044,326045,326046,326047,326048,326049,326050,326051,326052,326053,326054,326055,326056,326057,326058,326059,326060,326061,326062,326063,326064,326065,326066
140,14002,'H58S000I-80-I',326067,326068,326069,326070,326071,326072,326073,326074,326075,326076,326077,326078,326079,326080,326081,326082,326083,326084,326085,326086,326087,326088,326089,326090,326091,326092,326093,326094,326095,326096,326097,326098,326099,326100,326101,326102,326103,326104,326105
140,14002,'H58S000S-83-S',326106,326107,326108,326109,326110,326111,326112,326113,326114,326115,326116,326117,326118,326119,326120,326121,326122,326123,326124,326125,326126,326127,326128,326129,326130,326131,326132,326133,326134,326135,326136,326137,326138,326139,326140,326141,326142,326143,326144,326145,326146,326147,326148,326149,326150,326151,326152,326153,326154
140,14002,'H58S100F-80-F1',326155,326156,326157,326158,326159,326160,326161,326162,326163,326164,326165,326166,326167,326168,326169,326170,326171,326172,326173,326174,326175,326176,326177,326178,326179,326180,326181,326182,326183,326184,326185,326186,326187,326188,326189,326190,326191,326192,326193
140,14002,'H58S200F-80-F2',326194,326195,326196,326197,326198,326199,326200,326201,326202,326203,326204,326205,326206,326207,326208,326209,326210,326211,326212,326213,326214,326215,326216,326217,326218,326219,326220,326221,326222,326223,326224,326225,326226,326227,326228,326229,326230,326231,326232
141,14101,'H50S000S-82-S',326233
141,14101,'H51S000S-81-S',326234,326235,326236,326237,326238,326239,326240,326241
141,14101,'H54S000A-80-A',326242,326243,326244,326245,326246,326247,326248,326249,326250,326251,326252,326253,326254,326255,326256,326257,326258,326259,326260,326261,326262,326263,326264,326265,326266,326267,326268,326269,326270,326271,326272,326273,326274,326275,326276,326277,326278,326279,326280,326281,326282,326283,326284,326285,326286,326287,326288,326289,326290,326291,326292,326293,326294,326295,326296,326297,326298,326299,326300,326301,326302,326303,326304,326305,326306,326307,326308,326309,326310,326311,326312,326313,326314,326315,326316,326317,326318,326319,326320,326321,326322,326323,326324,326325,326326,326327,326328,326329,326330,326331,326332,326333,326334,326335,326336,326337
141,14101,'H54S000I-80-I',326338,326339,326340,326341,326342,326343,326344,326345,326346,326347,326348,326349,326350,326351,326352,326353,326354,326355,326356,326357,326358,326359,326360,326361,326362,326363,326364,326365,326366,326367,326368,326369,326370,326371,326372,326373,326374,326375,326376,326377,326378,326379,326380,326381,326382,326383,326384,326385,326386,326387,326388,326389,326390,326391,326392,326393,326394,326395,326396,326397,326398,326399,326400,326401,326402,326403,326404,326405,326406,326407,326408,326409,326410,326411,326412,326413,326414,326415,326416
141,14101,'H54S000S-80-S',326417,326418,326419,326420,326421,326422,326423,326424,326425,326426,326427,326428,326429,326430,326431,326432,326433,326434,326435,326436,326437,326438,326439,326440,326441,326442,326443,326444,326445,326446,326447,326448,326449,326450,326451,326452,326453,326454,326455,326456,326457,326458,326459,326460,326461,326462,326463,326464,326465,326466,326467,326468,326469,326470,326471,326472,326473,326474,326475,326476,326477,326478,326479,326480,326481,326482,326483,326484,326485,326486,326487,326488,326489,326490,326491,326492,326493,326494,326495,326496,326497,326498,326499,326500,326501,326502,326503,326504,326505,326506,326507,326508,326509,326510,326511,326512,326513,326514,326515,326516,326517,326518,326519,326520,326521,326522,326523,326524,326525,326526,326527,326528
141,14101,'H54S100F-80-F1',326529,326530,326531,326532,326533,326534,326535,326536,326537,326538,326539,326540,326541,326542,326543,326544,326545,326546,326547,326548,326549,326550,326551,326552,326553,326554,326555,326556,326557,326558,326559,326560,326561,326562,326563,326564,326565,326566,326567,326568,326569,326570,326571,326572,326573,326574,326575,326576,326577,326578,326579,326580,326581,326582,326583,326584,326585,326586,326587,326588,326589,326590,326591,326592,326593,326594,326595,326596,326597,326598,326599,326600,326601,326602,326603,326604,326605,326606,326607
141,14101,'H54S200F-80-F2',326608,326609,326610,326611,326612,326613,326614,326615,326616,326617,326618,326619,326620,326621,326622,326623,326624,326625,326626,326627,326628,326629,326630,326631,326632,326633,326634,326635,326636,326637,326638,326639,326640,326641,326642,326643,326644,326645,326646,326647,326648,326649,326650,326651,326652,326653,326654,326655,326656,326657,326658,326659,326660,326661,326662,326663,326664,326665,326666,326667,326668,326669,326670,326671,326672,326673,326674,326675,326676,326677,326678,326679,326680,326681,326682,326683,326684,326685,326686
141,14101,'H57S000S-80-S',326687,326688,326689,326690,326691
141,14101,'H59S000S-80-S',326692,326693,326694
141,14102,'H50S000S-82-S',326695,326696
141,14102,'H51S000S-81-S',326697,326698,326699,326700,326701,326702,326703,326704,326705,326706
141,14102,'H54S000A-80-A',326707,326708,326709,326710,326711,326712,326713,326714,326715,326716,326717,326718,326719,326720,326721,326722,326723,326724,326725,326726,326727,326728,326729,326730,326731,326732,326733,326734,326735,326736,326737,326738,326739,326740,326741,326742,326743,326744,326745,326746,326747,326748,326749,326750,326751,326752,326753,326754,326755,326756,326757,326758,326759,326760,326761,326762,326763,326764,326765,326766,326767,326768,326769,326770,326771,326772,326773,326774,326775,326776,326777,326778,326779,326780,326781,326782,326783,326784,326785,326786,326787,326788,326789,326790,326791,326792,326793,326794,326795,326796,326797,326798,326799,326800,326801,326802,326803,326804,326805,326806,326807,326808
141,14102,'H54S000I-80-I',326809,326810,326811,326812,326813,326814,326815,326816,326817,326818,326819,326820,326821,326822,326823,326824,326825,326826,326827,326828,326829,326830,326831,326832,326833,326834,326835,326836,326837,326838,326839,326840,326841,326842,326843,326844,326845,326846,326847,326848,326849,326850,326851,326852,326853,326854,326855,326856,326857,326858,326859,326860,326861,326862,326863,326864,326865,326866,326867,326868,326869,326870,326871,326872,326873,326874,326875,326876,326877,326878,326879,326880,326881,326882,326883,326884,326885,326886,326887,326888,326889
141,14102,'H54S000S-80-S',326890,326891,326892,326893,326894,326895,326896,326897,326898,326899,326900,326901,326902,326903,326904,326905,326906,326907,326908,326909,326910,326911,326912,326913,326914,326915,326916,326917,326918,326919,326920,326921,326922,326923,326924,326925,326926,326927,326928,326929,326930,326931,326932,326933,326934,326935,326936,326937,326938,326939,326940,326941,326942,326943,326944,326945,326946,326947,326948,326949,326950,326951,326952,326953,326954,326955,326956,326957,326958,326959,326960,326961,326962,326963,326964,326965,326966,326967,326968,326969,326970,326971,326972,326973,326974,326975,326976,326977,326978,326979,326980,326981,326982,326983,326984,326985,326986,326987,326988,326989,326990,326991,326992,326993,326994,326995,326996,326997,326998
141,14102,'H54S100F-80-F1',326999,327000,327001,327002,327003,327004,327005,327006,327007,327008,327009,327010,327011,327012,327013,327014,327015,327016,327017,327018,327019,327020,327021,327022,327023,327024,327025,327026,327027,327028,327029,327030,327031,327032,327033,327034,327035,327036,327037,327038,327039,327040,327041,327042,327043,327044,327045,327046,327047,327048,327049,327050,327051,327052,327053,327054,327055,327056,327057,327058,327059,327060,327061,327062,327063,327064,327065,327066,327067,327068,327069,327070,327071,327072,327073,327074,327075,327076,327077,327078,327079
141,14102,'H54S200F-80-F2',327080,327081,327082,327083,327084,327085,327086,327087,327088,327089,327090,327091,327092,327093,327094,327095,327096,327097,327098,327099,327100,327101,327102,327103,327104,327105,327106,327107,327108,327109,327110,327111,327112,327113,327114,327115,327116,327117,327118,327119,327120,327121,327122,327123,327124,327125,327126,327127,327128,327129,327130,327131,327132,327133,327134,327135,327136,327137,327138,327139,327140,327141,327142,327143,327144,327145,327146,327147,327148,327149,327150,327151,327152,327153,327154,327155,327156,327157,327158,327159,327160
141,14102,'H57S000S-80-S',327161,327162,327163,327164,327165,327166
141,14102,'H59S000S-80-S',327167,327168,327169
144,14401,'H51S000A-80-A',327170,327171,327172,327173,327174,327175,327176,327177,327178,327179,327180,327181,327182,327183,327184,327185,327186,327187,327188,327189,327190,327191,327192,327193,327194,327195,327196,327197,327198,327199,327200,327201,327202,327203,327204,327205,327206,327207,327208,327209,327210,327211,327212,327213,327214,327215,327216,327217,327218,327219,327220,327221
144,14401,'H51S000I-80-I',327222,327223,327224,327225,327226,327227,327228,327229,327230,327231,327232,327233,327234,327235,327236,327237,327238,327239,327240,327241,327242,327243,327244,327245,327246,327247,327248,327249,327250,327251,327252,327253,327254,327255,327256,327257,327258,327259,327260,327261,327262,327263,327264,327265,327266,327267,327268,327269,327270,327271,327272,327273
144,14401,'H51S000S-81-S',327274,327275,327276,327277,327278,327279,327280,327281,327282,327283,327284,327285,327286,327287,327288,327289,327290,327291,327292,327293,327294,327295,327296,327297,327298,327299,327300,327301,327302,327303,327304,327305,327306,327307,327308,327309,327310,327311,327312,327313,327314,327315
144,14401,'H51S100F-80-F1',327316,327317,327318,327319,327320,327321,327322,327323,327324,327325,327326,327327,327328,327329,327330,327331,327332,327333,327334,327335,327336,327337,327338,327339,327340,327341,327342,327343,327344,327345,327346,327347,327348,327349,327350,327351,327352,327353,327354,327355,327356,327357,327358,327359,327360,327361,327362,327363,327364,327365,327366,327367
144,14401,'H51S200F-80-F2',327368,327369,327370,327371,327372,327373,327374,327375,327376,327377,327378,327379,327380,327381,327382,327383,327384,327385,327386,327387,327388,327389,327390,327391,327392,327393,327394,327395,327396,327397,327398,327399,327400,327401,327402,327403,327404,327405,327406,327407,327408,327409,327410,327411,327412,327413,327414,327415,327416,327417,327418,327419
144,14402,'H51S000A-80-A',327420,327421,327422,327423,327424,327425,327426,327427,327428,327429,327430,327431,327432,327433,327434,327435,327436,327437,327438,327439,327440,327441,327442,327443,327444,327445,327446,327447,327448,327449,327450,327451,327452,327453,327454,327455,327456,327457,327458,327459,327460,327461,327462,327463,327464,327465,327466,327467,327468,327469,327470,327471,327472
144,14402,'H51S000I-80-I',327473,327474,327475,327476,327477,327478,327479,327480,327481,327482,327483,327484,327485,327486,327487,327488,327489,327490,327491,327492,327493,327494,327495,327496,327497,327498,327499,327500,327501,327502,327503,327504,327505,327506,327507,327508,327509,327510,327511,327512,327513,327514,327515,327516,327517,327518,327519,327520,327521,327522,327523
144,14402,'H51S000S-81-S',327524,327525,327526,327527,327528,327529,327530,327531,327532,327533,327534,327535,327536,327537,327538,327539,327540,327541,327542,327543,327544,327545,327546,327547,327548,327549,327550,327551,327552,327553,327554,327555,327556,327557,327558,327559,327560,327561,327562,327563,327564
144,14402,'H51S100F-80-F1',327565,327566,327567,327568,327569,327570,327571,327572,327573,327574,327575,327576,327577,327578,327579,327580,327581,327582,327583,327584,327585,327586,327587,327588,327589,327590,327591,327592,327593,327594,327595,327596,327597,327598,327599,327600,327601,327602,327603,327604,327605,327606,327607,327608,327609,327610,327611,327612,327613,327614,327615
144,14402,'H51S200F-80-F2',327616,327617,327618,327619,327620,327621,327622,327623,327624,327625,327626,327627,327628,327629,327630,327631,327632,327633,327634,327635,327636,327637,327638,327639,327640,327641,327642,327643,327644,327645,327646,327647,327648,327649,327650,327651,327652,327653,327654,327655,327656,327657,327658,327659,327660,327661,327662,327663,327664,327665,327666
150,15001,'H59S000A-80-A',327667,327668,327669,327670,327671,327672,327673,327674,327675,327676,327677,327678,327679,327680,327681,327682,327683,327684,327685,327686,327687,327688,327689,327690,327691,327692,327693,327694,327695,327696,327697,327698,327699,327700,327701,327702,327703,327704,327705,327706,327707
150,15001,'H59S000I-81-I',327708,327709,327710,327711,327712,327713,327714,327715,327716,327717,327718,327719,327720,327721,327722,327723,327724,327725,327726,327727,327728,327729,327730,327731,327732,327733,327734,327735,327736,327737,327738,327739,327740,327741,327742,327743,327744,327745,327746,327747,327748
150,15001,'H59S000S-80-S',327749,327750,327751,327752,327753,327754,327755,327756,327757,327758,327759,327760,327761,327762,327763,327764,327765,327766,327767,327768,327769,327770,327771,327772,327773,327774,327775,327776,327777,327778,327779,327780,327781,327782,327783,327784,327785,327786,327787,327788,327789,327790,327791,327792,327793,327794,327795,327796,327797
150,15001,'H59S100F-80-F1',327798,327799,327800,327801,327802,327803,327804,327805,327806,327807,327808,327809,327810,327811,327812,327813,327814,327815,327816,327817,327818,327819,327820,327821,327822,327823,327824,327825,327826,327827,327828,327829,327830,327831,327832,327833,327834,327835,327836,327837,327838
150,15001,'H59S200F-80-F2',327839,327840,327841,327842,327843,327844,327845,327846,327847,327848,327849,327850,327851,327852,327853,327854,327855,327856,327857,327858,327859,327860,327861,327862,327863,327864,327865,327866,327867,327868,327869,327870,327871,327872,327873,327874,327875,327876,327877,327878,327879
150,15002,'H57S000S-80-S',327880
150,15002,'H59S000A-80-A',327881,327882,327883,327884,327885,327886,327887,327888,327889,327890,327891,327892,327893,327894,327895,327896,327897,327898,327899,327900,327901,327902,327903,327904,327905,327906,327907,327908,327909,327910,327911,327912,327913,327914,327915,327916,327917,327918,327919,327920,327921,327922
150,15002,'H59S000I-81-I',327923,327924,327925,327926,327927,327928,327929,327930,327931,327932,327933,327934,327935,327936,327937,327938,327939,327940,327941,327942,327943,327944,327945,327946,327947,327948,327949,327950,327951,327952,327953,327954,327955,327956,327957,327958,327959,327960,327961,327962,327963,327964,327965
150,15002,'H59S000S-80-S',327966,327967,327968,327969,327970,327971,327972,327973,327974,327975,327976,327977,327978,327979,327980,327981,327982,327983,327984,327985,327986,327987,327988,327989,327990,327991,327992,327993,327994,327995,327996,327997,327998,327999,328000,328001,328002,328003,328004,328005,328006,328007,328008,328009,328010,328011,328012,328013,328014
150,15002,'H59S100F-80-F1',328015,328016,328017,328018,328019,328020,328021,328022,328023,328024,328025,328026,328027,328028,328029,328030,328031,328032,328033,328034,328035,328036,328037,328038,328039,328040,328041,328042,328043,328044,328045,328046,328047,328048,328049,328050,328051,328052,328053,328054,328055,328056,328057
150,15002,'H59S200F-80-F2',328058,328059,328060,328061,328062,328063,328064,328065,328066,328067,328068,328069,328070,328071,328072,328073,328074,328075,328076,328077,328078,328079,328080,328081,328082,328083,328084,328085,328086,328087,328088,328089,328090,328091,328092,328093,328094,328095,328096,328097,328098,328099,328100
155,15503,'H51S000S-81-S',328101,328102,328103,328104,328105,328106,328107,328108,328109,328110,328111,328112,328113,328114,328115,328116,328117,328118
155,15504,'H51S000S-81-S',328119,328120,328121,328122,328123,328124,328125,328126,328127,328128,328129,328130,328131,328132,328133,328134,328135,328136
160,16001,'H50S000A-82-A',328137,328138,328139,328140,328141,328142,328143,328144,328145,328146,328147,328148,328149,328150,328151,328152,328153,328154,328155,328156,328157,328158,328159,328160,328161,328162,328163,328164,328165,328166,328167,328168,328169,328170,328171,328172,328173,328174,328175,328176,328177,328178,328179
160,16001,'H50S000I-82-I',328180,328181,328182,328183,328184,328185,328186,328187,328188,328189,328190,328191,328192,328193,328194,328195,328196,328197,328198,328199,328200,328201,328202,328203,328204,328205,328206,328207,328208,328209,328210,328211,328212,328213,328214
160,16001,'H50S000S-82-S',328215,328216,328217,328218,328219,328220,328221,328222,328223,328224,328225,328226,328227,328228,328229,328230,328231,328232,328233,328234,328235,328236,328237,328238,328239,328240,328241,328242,328243,328244,328245,328246,328247,328248,328249,328250,328251,328252,328253,328254,328255,328256,328257,328258,328259,328260,328261,328262,328263,328264,328265,328266
160,16001,'H50S100F-80-F1',328267,328268,328269,328270,328271,328272,328273,328274,328275,328276,328277,328278,328279,328280,328281,328282,328283,328284,328285,328286,328287,328288,328289,328290,328291,328292,328293,328294,328295,328296,328297,328298,328299,328300,328301
160,16001,'H50S200F-80-F2',328302,328303,328304,328305,328306,328307,328308,328309,328310,328311,328312,328313,328314,328315,328316,328317,328318,328319,328320,328321,328322,328323,328324,328325,328326,328327,328328,328329,328330,328331,328332,328333,328334,328335,328336
160,16001,'H51S000S-81-S',328337
160,16002,'H50S000A-82-A',328338,328339,328340,328341,328342,328343,328344,328345,328346,328347,328348,328349,328350,328351,328352,328353,328354,328355,328356,328357,328358,328359,328360,328361,328362,328363,328364,328365,328366,328367,328368,328369,328370,328371,328372,328373,328374,328375,328376,328377,328378,328379,328380,328381
160,16002,'H50S000I-82-I',328382,328383,328384,328385,328386,328387,328388,328389,328390,328391,328392,328393,328394,328395,328396,328397,328398,328399,328400,328401,328402,328403,328404,328405,328406,328407,328408,328409,328410,328411,328412,328413,328414,328415,328416,328417,328418,328419,328420,328421
160,16002,'H50S000S-82-S',328422,328423,328424,328425,328426,328427,328428,328429,328430,328431,328432,328433,328434,328435,328436,328437,328438,328439,328440,328441,328442,328443,328444,328445,328446,328447,328448,328449,328450,328451,328452,328453,328454,328455,328456,328457,328458,328459,328460,328461,328462,328463,328464,328465,328466,328467,328468,328469,328470,328471,328472,328473,328474,328475,328476
160,16002,'H50S100F-80-F1',328477,328478,328479,328480,328481,328482,328483,328484,328485,328486,328487,328488,328489,328490,328491,328492,328493,328494,328495,328496,328497,328498,328499,328500,328501,328502,328503,328504,328505,328506,328507,328508,328509,328510,328511,328512,328513,328514,328515,328516
160,16002,'H50S200F-80-F2',328517,328518,328519,328520,328521,328522,328523,328524,328525,328526,328527,328528,328529,328530,328531,328532,328533,328534,328535,328536,328537,328538,328539,328540,328541,328542,328543,328544,328545,328546,328547,328548,328549,328550,328551,328552,328553,328554,328555,328556
160,16002,'H51S000S-81-S',328557,328558,328559,328560,328561
161,16101,'H50S000S-82-S',328562,328563,328564
161,16101,'H51S000A-80-A',328565,328566,328567,328568,328569,328570,328571,328572,328573,328574,328575,328576,328577,328578,328579,328580,328581,328582,328583,328584,328585,328586,328587,328588,328589,328590,328591,328592,328593,328594,328595,328596,328597,328598,328599,328600,328601,328602,328603,328604,328605,328606,328607,328608,328609,328610,328611,328612,328613,328614,328615,328616,328617,328618,328619,328620,328621,328622,328623,328624,328625,328626,328627,328628,328629
161,16101,'H51S000I-80-I',328630,328631,328632,328633,328634,328635,328636,328637,328638,328639,328640,328641,328642,328643,328644,328645,328646,328647,328648,328649,328650,328651,328652,328653,328654,328655,328656,328657,328658,328659,328660,328661,328662,328663,328664,328665,328666,328667,328668,328669,328670,328671,328672,328673,328674,328675,328676,328677,328678,328679,328680,328681,328682,328683,328684,328685,328686,328687,328688,328689
161,16101,'H51S000S-81-S',328690,328691,328692,328693,328694,328695,328696,328697,328698,328699,328700,328701,328702,328703,328704,328705,328706,328707,328708,328709,328710,328711,328712,328713,328714,328715,328716,328717,328718,328719,328720,328721,328722,328723,328724,328725,328726,328727,328728,328729,328730,328731,328732,328733,328734,328735,328736,328737,328738,328739,328740,328741,328742,328743,328744,328745,328746,328747,328748,328749,328750,328751,328752,328753,328754,328755,328756,328757,328758,328759,328760,328761,328762,328763,328764,328765,328766,328767,328768,328769,328770,328771,328772,328773,328774,328775,328776,328777,328778,328779,328780,328781,328782,328783,328784,328785,328786,328787,328788,328789,328790,328791,328792,328793
161,16101,'H51S100F-80-F1',328794,328795,328796,328797,328798,328799,328800,328801,328802,328803,328804,328805,328806,328807,328808,328809,328810,328811,328812,328813,328814,328815,328816,328817,328818,328819,328820,328821,328822,328823,328824,328825,328826,328827,328828,328829,328830,328831,328832,328833,328834,328835,328836,328837,328838,328839,328840,328841,328842,328843,328844,328845,328846,328847,328848,328849,328850,328851,328852,328853
161,16101,'H51S200F-80-F2',328854,328855,328856,328857,328858,328859,328860,328861,328862,328863,328864,328865,328866,328867,328868,328869,328870,328871,328872,328873,328874,328875,328876,328877,328878,328879,328880,328881,328882,328883,328884,328885,328886,328887,328888,328889,328890,328891,328892,328893,328894,328895,328896,328897,328898,328899,328900,328901,328902,328903,328904,328905,328906,328907,328908,328909,328910,328911,328912,328913
161,16102,'H50S000S-82-S',328914,328915
161,16102,'H51S000A-80-A',328916,328917,328918,328919,328920,328921,328922,328923,328924,328925,328926,328927,328928,328929,328930,328931,328932,328933,328934,328935,328936,328937,328938,328939,328940,328941,328942,328943,328944,328945,328946,328947,328948,328949,328950,328951,328952,328953,328954,328955,328956,328957,328958,328959,328960,328961,328962,328963,328964,328965,328966,328967,328968,328969,328970,328971,328972,328973,328974,328975,328976,328977,328978,328979,328980,328981,328982,328983,328984
161,16102,'H51S000I-80-I',328985,328986,328987,328988,328989,328990,328991,328992,328993,328994,328995,328996,328997,328998,328999,329000,329001,329002,329003,329004,329005,329006,329007,329008,329009,329010,329011,329012,329013,329014,329015,329016,329017,329018,329019,329020,329021,329022,329023,329024,329025,329026,329027,329028,329029,329030,329031,329032,329033,329034,329035,329036,329037,329038,329039,329040,329041,329042,329043,329044,329045,329046,329047,329048,329049,329050
161,16102,'H51S000S-81-S',329051,329052,329053,329054,329055,329056,329057,329058,329059,329060,329061,329062,329063,329064,329065,329066,329067,329068,329069,329070,329071,329072,329073,329074,329075,329076,329077,329078,329079,329080,329081,329082,329083,329084,329085,329086,329087,329088,329089,329090,329091,329092,329093,329094,329095,329096,329097,329098,329099,329100,329101,329102,329103,329104,329105,329106,329107,329108,329109,329110,329111,329112,329113,329114,329115,329116,329117,329118,329119,329120,329121,329122,329123,329124,329125,329126,329127,329128,329129,329130,329131,329132,329133,329134,329135,329136,329137,329138,329139,329140,329141,329142,329143,329144,329145,329146,329147,329148,329149,329150,329151,329152,329153,329154,329155,329156,329157,329158
161,16102,'H51S100F-80-F1',329159,329160,329161,329162,329163,329164,329165,329166,329167,329168,329169,329170,329171,329172,329173,329174,329175,329176,329177,329178,329179,329180,329181,329182,329183,329184,329185,329186,329187,329188,329189,329190,329191,329192,329193,329194,329195,329196,329197,329198,329199,329200,329201,329202,329203,329204,329205,329206,329207,329208,329209,329210,329211,329212,329213,329214,329215,329216,329217,329218,329219,329220,329221,329222,329223,329224
161,16102,'H51S200F-80-F2',329225,329226,329227,329228,329229,329230,329231,329232,329233,329234,329235,329236,329237,329238,329239,329240,329241,329242,329243,329244,329245,329246,329247,329248,329249,329250,329251,329252,329253,329254,329255,329256,329257,329258,329259,329260,329261,329262,329263,329264,329265,329266,329267,329268,329269,329270,329271,329272,329273,329274,329275,329276,329277,329278,329279,329280,329281,329282,329283,329284,329285,329286,329287,329288,329289,329290
161,16102,'H57S000S-80-S',329291
161,16102,'H59S000S-80-S',329292
162,16201,'H50S000A-82-A',329293,329294,329295,329296,329297,329298,329299,329300,329301,329302,329303,329304,329305,329306,329307,329308,329309,329310,329311,329312,329313,329314,329315,329316,329317,329318,329319,329320,329321,329322,329323,329324,329325,329326,329327,329328,329329,329330,329331
162,16201,'H50S000I-82-I',329332,329333,329334,329335,329336,329337,329338,329339,329340,329341,329342,329343,329344,329345,329346,329347,329348,329349,329350,329351,329352,329353,329354,329355,329356,329357,329358,329359,329360,329361,329362,329363,329364,329365,329366,329367
162,16201,'H50S000S-82-S',329368,329369,329370,329371,329372,329373,329374,329375,329376,329377,329378,329379,329380,329381,329382,329383,329384,329385,329386,329387,329388,329389,329390,329391,329392,329393,329394,329395,329396,329397,329398,329399,329400,329401,329402,329403,329404,329405,329406,329407
162,16201,'H50S100F-80-F1',329408,329409,329410,329411,329412,329413,329414,329415,329416,329417,329418,329419,329420,329421,329422,329423,329424,329425,329426,329427,329428,329429,329430,329431,329432,329433,329434,329435,329436,329437,329438,329439,329440,329441,329442,329443
162,16201,'H50S200F-80-F2',329444,329445,329446,329447,329448,329449,329450,329451,329452,329453,329454,329455,329456,329457,329458,329459,329460,329461,329462,329463,329464,329465,329466,329467,329468,329469,329470,329471,329472,329473,329474,329475,329476,329477,329478,329479
162,16202,'H50S000A-82-A',329480,329481,329482,329483,329484,329485,329486,329487,329488,329489,329490,329491,329492,329493,329494,329495,329496,329497,329498,329499,329500,329501,329502,329503,329504,329505,329506,329507,329508,329509,329510,329511,329512,329513,329514,329515,329516,329517,329518,329519,329520
162,16202,'H50S000I-82-I',329521,329522,329523,329524,329525,329526,329527,329528,329529,329530,329531,329532,329533,329534,329535,329536,329537,329538,329539,329540,329541,329542,329543,329544,329545,329546,329547,329548,329549,329550,329551,329552,329553,329554,329555,329556,329557,329558
162,16202,'H50S000S-82-S',329559,329560,329561,329562,329563,329564,329565,329566,329567,329568,329569,329570,329571,329572,329573,329574,329575,329576,329577,329578,329579,329580,329581,329582,329583,329584,329585,329586,329587,329588,329589,329590,329591,329592,329593,329594,329595,329596,329597
162,16202,'H50S100F-80-F1',329598,329599,329600,329601,329602,329603,329604,329605,329606,329607,329608,329609,329610,329611,329612,329613,329614,329615,329616,329617,329618,329619,329620,329621,329622,329623,329624,329625,329626,329627,329628,329629,329630,329631,329632,329633,329634,329635
162,16202,'H50S200F-80-F2',329636,329637,329638,329639,329640,329641,329642,329643,329644,329645,329646,329647,329648,329649,329650,329651,329652,329653,329654,329655,329656,329657,329658,329659,329660,329661,329662,329663,329664,329665,329666,329667,329668,329669,329670,329671,329672,329673
164,16401,'H60S000A-80-A',329674,329675,329676,329677,329678,329679,329680,329681,329682,329683,329684,329685,329686,329687,329688,329689,329690,329691,329692,329693,329694,329695,329696,329697,329698,329699,329700,329701,329702,329703,329704,329705,329706,329707,329708,329709,329710,329711,329712,329713
164,16401,'H60S000I-81-I',329714,329715,329716,329717,329718,329719,329720,329721,329722,329723,329724,329725,329726,329727,329728,329729,329730,329731,329732,329733,329734,329735,329736,329737,329738,329739,329740,329741,329742,329743,329744,329745,329746,329747,329748,329749,329750,329751,329752,329753
164,16401,'H60S000S-83-S',329754,329755,329756,329757,329758,329759,329760,329761,329762,329763,329764,329765,329766,329767,329768,329769,329770,329771,329772,329773,329774,329775,329776,329777,329778,329779,329780,329781,329782,329783,329784,329785,329786,329787,329788,329789,329790,329791,329792,329793,329794,329795,329796,329797,329798,329799,329800,329801,329802,329803,329804,329805,329806,329807
164,16401,'H60S100F-80-F1',329808,329809,329810,329811,329812,329813,329814,329815,329816,329817,329818,329819,329820,329821,329822,329823,329824,329825,329826,329827,329828,329829,329830,329831,329832,329833,329834,329835,329836,329837,329838,329839,329840,329841,329842,329843,329844,329845,329846,329847
164,16401,'H60S200F-80-F2',329848,329849,329850,329851,329852,329853,329854,329855,329856,329857,329858,329859,329860,329861,329862,329863,329864,329865,329866,329867,329868,329869,329870,329871,329872,329873,329874,329875,329876,329877,329878,329879,329880,329881,329882,329883,329884,329885,329886,329887
164,16402,'H50S000S-82-S',329888
164,16402,'H60S000A-80-A',329889,329890,329891,329892,329893,329894,329895,329896,329897,329898,329899,329900,329901,329902,329903,329904,329905,329906,329907,329908,329909,329910,329911,329912,329913,329914,329915,329916,329917,329918,329919,329920,329921,329922,329923,329924,329925,329926,329927,329928,329929,329930
164,16402,'H60S000I-81-I',329931,329932,329933,329934,329935,329936,329937,329938,329939,329940,329941,329942,329943,329944,329945,329946,329947,329948,329949,329950,329951,329952,329953,329954,329955,329956,329957,329958,329959,329960,329961,329962,329963,329964,329965,329966,329967,329968,329969,329970,329971
164,16402,'H60S000S-83-S',329972,329973,329974,329975,329976,329977,329978,329979,329980,329981,329982,329983,329984,329985,329986,329987,329988,329989,329990,329991,329992,329993,329994,329995,329996,329997,329998,329999,330000,330001,330002,330003,330004,330005,330006,330007,330008,330009,330010,330011,330012,330013,330014,330015,330016,330017,330018,330019,330020,330021,330022
164,16402,'H60S100F-80-F1',330023,330024,330025,330026,330027,330028,330029,330030,330031,330032,330033,330034,330035,330036,330037,330038,330039,330040,330041,330042,330043,330044,330045,330046,330047,330048,330049,330050,330051,330052,330053,330054,330055,330056,330057,330058,330059,330060,330061,330062,330063
164,16402,'H60S200F-80-F2',330064,330065,330066,330067,330068,330069,330070,330071,330072,330073,330074,330075,330076,330077,330078,330079,330080,330081,330082,330083,330084,330085,330086,330087,330088,330089,330090,330091,330092,330093,330094,330095,330096,330097,330098,330099,330100,330101,330102,330103,330104
165,16503,'H50S000A-82-A',330105,330106,330107,330108,330109,330110,330111,330112,330113,330114,330115,330116,330117,330118,330119,330120,330121,330122,330123,330124,330125,330126,330127,330128,330129,330130,330131,330132,330133,330134,330135,330136,330137,330138,330139,330140,330141,330142,330143,330144,330145,330146,330147,330148,330149,330150,330151,330152,330153,330154,330155,330156,330157,330158,330159,330160,330161,330162,330163,330164,330165,330166,330167,330168,330169,330170,330171,330172,330173,330174,330175,330176,330177,330178,330179,330180,330181,330182,330183,330184,330185,330186,330187,330188,330189,330190,330191,330192,330193,330194,330195,330196,330197,330198,330199,330200,330201,330202,330203,330204,330205,330206,330207,330208,330209,330210,330211,330212,330213,330214,330215,330216
165,16503,'H50S000I-82-I',330217,330218,330219,330220,330221,330222,330223,330224,330225,330226,330227,330228,330229,330230,330231,330232,330233,330234,330235,330236,330237,330238,330239,330240,330241,330242,330243,330244,330245,330246,330247,330248,330249,330250,330251,330252,330253,330254,330255,330256,330257,330258,330259,330260,330261,330262,330263,330264,330265,330266,330267,330268,330269,330270,330271,330272,330273,330274,330275,330276,330277,330278,330279,330280,330281,330282,330283,330284,330285,330286,330287,330288,330289,330290,330291,330292,330293,330294,330295,330296,330297,330298,330299,330300,330301,330302,330303,330304,330305,330306,330307,330308,330309,330310
165,16503,'H50S000S-82-S',330311,330312,330313,330314,330315,330316,330317,330318,330319,330320,330321,330322,330323,330324,330325,330326,330327,330328,330329,330330,330331,330332,330333,330334,330335,330336,330337,330338,330339,330340,330341,330342,330343,330344,330345,330346,330347,330348,330349,330350,330351,330352,330353,330354,330355,330356,330357,330358,330359,330360,330361,330362,330363,330364,330365,330366,330367,330368,330369,330370,330371,330372,330373,330374,330375,330376,330377,330378,330379,330380,330381,330382,330383,330384,330385,330386,330387,330388,330389,330390,330391,330392,330393,330394,330395,330396,330397,330398,330399,330400,330401,330402,330403,330404,330405,330406,330407,330408,330409,330410,330411,330412,330413,330414,330415,330416,330417,330418,330419,330420,330421,330422,330423,330424,330425,330426,330427,330428,330429,330430,330431,330432,330433,330434,330435,330436,330437,330438,330439,330440,330441,330442,330443,330444
165,16503,'H50S100F-80-F1',330445,330446,330447,330448,330449,330450,330451,330452,330453,330454,330455,330456,330457,330458,330459,330460,330461,330462,330463,330464,330465,330466,330467,330468,330469,330470,330471,330472,330473,330474,330475,330476,330477,330478,330479,330480,330481,330482,330483,330484,330485,330486,330487,330488,330489,330490,330491,330492,330493,330494,330495,330496,330497,330498,330499,330500,330501,330502,330503,330504,330505,330506,330507,330508,330509,330510,330511,330512,330513,330514,330515,330516,330517,330518,330519,330520,330521,330522,330523,330524,330525,330526,330527,330528,330529,330530,330531,330532,330533,330534,330535,330536,330537,330538
165,16503,'H50S200F-80-F2',330539,330540,330541,330542,330543,330544,330545,330546,330547,330548,330549,330550,330551,330552,330553,330554,330555,330556,330557,330558,330559,330560,330561,330562,330563,330564,330565,330566,330567,330568,330569,330570,330571,330572,330573,330574,330575,330576,330577,330578,330579,330580,330581,330582,330583,330584,330585,330586,330587,330588,330589,330590,330591,330592,330593,330594,330595,330596,330597,330598,330599,330600,330601,330602,330603,330604,330605,330606,330607,330608,330609,330610,330611,330612,330613,330614,330615,330616,330617,330618,330619,330620,330621,330622,330623,330624,330625,330626,330627,330628,330629,330630,330631,330632
165,16504,'H50S000A-82-A',330633,330634,330635,330636,330637,330638,330639,330640,330641,330642,330643,330644,330645,330646,330647,330648,330649,330650,330651,330652,330653,330654,330655,330656,330657,330658,330659,330660,330661,330662,330663,330664,330665,330666,330667,330668,330669,330670,330671,330672,330673,330674,330675,330676,330677,330678,330679,330680,330681,330682,330683,330684,330685,330686,330687,330688,330689,330690,330691,330692,330693,330694,330695,330696,330697,330698,330699,330700,330701,330702,330703,330704,330705,330706,330707,330708,330709,330710,330711,330712,330713,330714,330715,330716,330717,330718,330719,330720,330721,330722,330723,330724,330725,330726,330727,330728,330729,330730,330731,330732,330733,330734,330735,330736,330737,330738,330739,330740,330741,330742
165,16504,'H50S000I-82-I',330743,330744,330745,330746,330747,330748,330749,330750,330751,330752,330753,330754,330755,330756,330757,330758,330759,330760,330761,330762,330763,330764,330765,330766,330767,330768,330769,330770,330771,330772,330773,330774,330775,330776,330777,330778,330779,330780,330781,330782,330783,330784,330785,330786,330787,330788,330789,330790,330791,330792,330793,330794,330795,330796,330797,330798,330799,330800,330801,330802,330803,330804,330805,330806,330807,330808,330809,330810,330811,330812,330813,330814,330815,330816,330817,330818,330819,330820,330821,330822,330823,330824,330825,330826,330827,330828,330829,330830,330831,330832,330833
165,16504,'H50S000S-82-S',330834,330835,330836,330837,330838,330839,330840,330841,330842,330843,330844,330845,330846,330847,330848,330849,330850,330851,330852,330853,330854,330855,330856,330857,330858,330859,330860,330861,330862,330863,330864,330865,330866,330867,330868,330869,330870,330871,330872,330873,330874,330875,330876,330877,330878,330879,330880,330881,330882,330883,330884,330885,330886,330887,330888,330889,330890,330891,330892,330893,330894,330895,330896,330897,330898,330899,330900,330901,330902,330903,330904,330905,330906,330907,330908,330909,330910,330911,330912,330913,330914,330915,330916,330917,330918,330919,330920,330921,330922,330923,330924,330925,330926,330927,330928,330929,330930,330931,330932,330933,330934,330935,330936,330937,330938,330939,330940,330941,330942,330943,330944,330945,330946,330947,330948,330949,330950,330951,330952,330953,330954,330955,330956
165,16504,'H50S100F-80-F1',330957,330958,330959,330960,330961,330962,330963,330964,330965,330966,330967,330968,330969,330970,330971,330972,330973,330974,330975,330976,330977,330978,330979,330980,330981,330982,330983,330984,330985,330986,330987,330988,330989,330990,330991,330992,330993,330994,330995,330996,330997,330998,330999,331000,331001,331002,331003,331004,331005,331006,331007,331008,331009,331010,331011,331012,331013,331014,331015,331016,331017,331018,331019,331020,331021,331022,331023,331024,331025,331026,331027,331028,331029,331030,331031,331032,331033,331034,331035,331036,331037,331038,331039,331040,331041,331042,331043,331044,331045,331046,331047
165,16504,'H50S200F-80-F2',331048,331049,331050,331051,331052,331053,331054,331055,331056,331057,331058,331059,331060,331061,331062,331063,331064,331065,331066,331067,331068,331069,331070,331071,331072,331073,331074,331075,331076,331077,331078,331079,331080,331081,331082,331083,331084,331085,331086,331087,331088,331089,331090,331091,331092,331093,331094,331095,331096,331097,331098,331099,331100,331101,331102,331103,331104,331105,331106,331107,331108,331109,331110,331111,331112,331113,331114,331115,331116,331117,331118,331119,331120,331121,331122,331123,331124,331125,331126,331127,331128,331129,331130,331131,331132,331133,331134,331135,331136,331137,331138
166,16603,'H50S000A-82-A',331139,331140,331141,331142,331143,331144,331145,331146,331147,331148,331149,331150,331151,331152,331153,331154,331155,331156,331157,331158,331159,331160,331161,331162,331163,331164,331165,331166,331167,331168,331169,331170
166,16603,'H50S000I-82-I',331171,331172,331173,331174,331175,331176,331177,331178,331179,331180,331181,331182,331183,331184,331185,331186,331187,331188,331189,331190,331191,331192,331193,331194,331195,331196,331197,331198,331199,331200,331201
166,16603,'H50S000S-82-S',331202,331203,331204,331205,331206,331207,331208,331209,331210,331211,331212,331213,331214,331215,331216,331217,331218,331219,331220,331221,331222,331223,331224,331225,331226,331227,331228,331229,331230,331231,331232,331233,331234,331235,331236,331237,331238,331239
166,16603,'H50S100F-80-F1',331240,331241,331242,331243,331244,331245,331246,331247,331248,331249,331250,331251,331252,331253,331254,331255,331256,331257,331258,331259,331260,331261,331262,331263,331264,331265,331266,331267,331268,331269,331270
166,16603,'H50S200F-80-F2',331271,331272,331273,331274,331275,331276,331277,331278,331279,331280,331281,331282,331283,331284,331285,331286,331287,331288,331289,331290,331291,331292,331293,331294,331295,331296,331297,331298,331299,331300,331301
166,16604,'H50S000A-82-A',331302,331303,331304,331305,331306,331307,331308,331309,331310,331311,331312,331313,331314,331315,331316,331317,331318,331319,331320,331321,331322,331323,331324,331325,331326,331327,331328,331329,331330,331331,331332
166,16604,'H50S000I-82-I',331333,331334,331335,331336,331337,331338,331339,331340,331341,331342,331343,331344,331345,331346,331347,331348,331349,331350,331351,331352,331353,331354,331355,331356,331357,331358,331359,331360,331361,331362
166,16604,'H50S000S-82-S',331363,331364,331365,331366,331367,331368,331369,331370,331371,331372,331373,331374,331375,331376,331377,331378,331379,331380,331381,331382,331383,331384,331385,331386,331387,331388,331389,331390,331391,331392,331393,331394,331395,331396,331397,331398
166,16604,'H50S100F-80-F1',331399,331400,331401,331402,331403,331404,331405,331406,331407,331408,331409,331410,331411,331412,331413,331414,331415,331416,331417,331418,331419,331420,331421,331422,331423,331424,331425,331426,331427,331428
166,16604,'H50S200F-80-F2',331429,331430,331431,331432,331433,331434,331435,331436,331437,331438,331439,331440,331441,331442,331443,331444,331445,331446,331447,331448,331449,331450,331451,331452,331453,331454,331455,331456,331457,331458
168,16803,'H56S000S-82-S',331459
168,16803,'H59S000A-80-A',331460,331461,331462,331463,331464,331465,331466,331467,331468,331469,331470,331471,331472,331473,331474,331475,331476,331477,331478,331479,331480,331481,331482,331483,331484,331485,331486,331487,331488,331489,331490,331491,331492,331493,331494,331495,331496,331497,331498
168,16803,'H59S000I-81-I',331499,331500,331501,331502,331503,331504,331505,331506,331507,331508,331509,331510,331511,331512,331513,331514,331515,331516,331517,331518,331519,331520,331521,331522,331523,331524,331525,331526,331527,331528,331529,331530,331531,331532,331533,331534,331535,331536
168,16803,'H59S000S-80-S',331537,331538,331539,331540,331541,331542,331543,331544,331545,331546,331547,331548,331549,331550,331551,331552,331553,331554,331555,331556,331557,331558,331559,331560,331561,331562,331563,331564,331565,331566,331567,331568,331569,331570,331571,331572,331573,331574,331575,331576
168,16803,'H59S100F-80-F1',331577,331578,331579,331580,331581,331582,331583,331584,331585,331586,331587,331588,331589,331590,331591,331592,331593,331594,331595,331596,331597,331598,331599,331600,331601,331602,331603,331604,331605,331606,331607,331608,331609,331610,331611,331612,331613,331614
168,16803,'H59S200F-80-F2',331615,331616,331617,331618,331619,331620,331621,331622,331623,331624,331625,331626,331627,331628,331629,331630,331631,331632,331633,331634,331635,331636,331637,331638,331639,331640,331641,331642,331643,331644,331645,331646,331647,331648,331649,331650,331651,331652
168,16804,'H59S000A-80-A',331653,331654,331655,331656,331657,331658,331659,331660,331661,331662,331663,331664,331665,331666,331667,331668,331669,331670,331671,331672,331673,331674,331675,331676,331677,331678,331679,331680,331681,331682,331683,331684,331685,331686,331687,331688,331689,331690,331691
168,16804,'H59S000I-81-I',331692,331693,331694,331695,331696,331697,331698,331699,331700,331701,331702,331703,331704,331705,331706,331707,331708,331709,331710,331711,331712,331713,331714,331715,331716,331717,331718,331719,331720,331721,331722,331723,331724,331725,331726,331727,331728,331729
168,16804,'H59S000S-80-S',331730,331731,331732,331733,331734,331735,331736,331737,331738,331739,331740,331741,331742,331743,331744,331745,331746,331747,331748,331749,331750,331751,331752,331753,331754,331755,331756,331757,331758,331759,331760,331761,331762,331763,331764,331765,331766,331767,331768,331769,331770,331771
168,16804,'H59S100F-80-F1',331772,331773,331774,331775,331776,331777,331778,331779,331780,331781,331782,331783,331784,331785,331786,331787,331788,331789,331790,331791,331792,331793,331794,331795,331796,331797,331798,331799,331800,331801,331802,331803,331804,331805,331806,331807,331808,331809
168,16804,'H59S200F-80-F2',331810,331811,331812,331813,331814,331815,331816,331817,331818,331819,331820,331821,331822,331823,331824,331825,331826,331827,331828,331829,331830,331831,331832,331833,331834,331835,331836,331837,331838,331839,331840,331841,331842,331843,331844,331845,331846,331847
170,17003,'H60S000A-80-A',331848,331849,331850,331851,331852,331853,331854,331855,331856,331857,331858,331859,331860,331861,331862,331863,331864,331865,331866,331867,331868,331869,331870,331871,331872,331873,331874,331875,331876,331877,331878,331879,331880,331881,331882,331883,331884,331885,331886,331887,331888,331889,331890,331891,331892
170,17003,'H60S000I-81-I',331893,331894,331895,331896,331897,331898,331899,331900,331901,331902,331903,331904,331905,331906,331907,331908,331909,331910,331911,331912,331913,331914,331915,331916,331917,331918,331919,331920,331921,331922,331923,331924,331925,331926,331927,331928,331929,331930,331931,331932
170,17003,'H60S000S-83-S',331933,331934,331935,331936,331937,331938,331939,331940,331941,331942,331943,331944,331945,331946,331947,331948,331949,331950,331951,331952,331953,331954,331955,331956,331957,331958,331959,331960,331961,331962,331963,331964,331965,331966,331967,331968,331969,331970,331971,331972,331973,331974,331975,331976,331977,331978,331979,331980,331981,331982,331983,331984,331985,331986,331987
170,17003,'H60S100F-80-F1',331988,331989,331990,331991,331992,331993,331994,331995,331996,331997,331998,331999,332000,332001,332002,332003,332004,332005,332006,332007,332008,332009,332010,332011,332012,332013,332014,332015,332016,332017,332018,332019,332020,332021,332022,332023,332024,332025,332026,332027
170,17003,'H60S200F-80-F2',332028,332029,332030,332031,332032,332033,332034,332035,332036,332037,332038,332039,332040,332041,332042,332043,332044,332045,332046,332047,332048,332049,332050,332051,332052,332053,332054,332055,332056,332057,332058,332059,332060,332061,332062,332063,332064,332065,332066,332067
170,17004,'H58S000S-83-S',332068
170,17004,'H60S000A-80-A',332069,332070,332071,332072,332073,332074,332075,332076,332077,332078,332079,332080,332081,332082,332083,332084,332085,332086,332087,332088,332089,332090,332091,332092,332093,332094,332095,332096,332097,332098,332099,332100,332101,332102,332103,332104,332105,332106,332107,332108,332109,332110,332111,332112
170,17004,'H60S000I-81-I',332113,332114,332115,332116,332117,332118,332119,332120,332121,332122,332123,332124,332125,332126,332127,332128,332129,332130,332131,332132,332133,332134,332135,332136,332137,332138,332139,332140,332141,332142,332143,332144,332145,332146,332147,332148,332149,332150,332151
170,17004,'H60S000S-83-S',332152,332153,332154,332155,332156,332157,332158,332159,332160,332161,332162,332163,332164,332165,332166,332167,332168,332169,332170,332171,332172,332173,332174,332175,332176,332177,332178,332179,332180,332181,332182,332183,332184,332185,332186,332187,332188,332189,332190,332191,332192,332193,332194,332195,332196,332197,332198,332199,332200,332201,332202,332203,332204,332205
170,17004,'H60S100F-80-F1',332206,332207,332208,332209,332210,332211,332212,332213,332214,332215,332216,332217,332218,332219,332220,332221,332222,332223,332224,332225,332226,332227,332228,332229,332230,332231,332232,332233,332234,332235,332236,332237,332238,332239,332240,332241,332242,332243,332244
170,17004,'H60S200F-80-F2',332245,332246,332247,332248,332249,332250,332251,332252,332253,332254,332255,332256,332257,332258,332259,332260,332261,332262,332263,332264,332265,332266,332267,332268,332269,332270,332271,332272,332273,332274,332275,332276,332277,332278,332279,332280,332281,332282,332283
171,17101,'H50S000A-82-A',332284,332285,332286,332287,332288,332289,332290,332291,332292,332293,332294,332295,332296,332297,332298,332299,332300,332301,332302,332303,332304,332305,332306,332307,332308,332309,332310,332311,332312,332313,332314,332315,332316,332317,332318,332319,332320,332321,332322,332323,332324,332325
171,17101,'H50S000I-82-I',332326,332327,332328,332329,332330,332331,332332,332333,332334,332335,332336,332337,332338,332339,332340,332341,332342,332343,332344,332345,332346,332347,332348,332349,332350,332351,332352,332353,332354,332355,332356,332357,332358,332359,332360,332361,332362,332363,332364,332365,332366
171,17101,'H50S000S-82-S',332367,332368,332369,332370,332371,332372,332373,332374,332375,332376,332377,332378,332379,332380,332381,332382,332383,332384,332385,332386,332387,332388,332389,332390,332391,332392,332393,332394,332395,332396,332397,332398,332399,332400,332401,332402,332403,332404,332405,332406,332407,332408,332409,332410,332411,332412,332413,332414,332415,332416,332417,332418
171,17101,'H50S100F-80-F1',332419,332420,332421,332422,332423,332424,332425,332426,332427,332428,332429,332430,332431,332432,332433,332434,332435,332436,332437,332438,332439,332440,332441,332442,332443,332444,332445,332446,332447,332448,332449,332450,332451,332452,332453,332454,332455,332456,332457,332458,332459
171,17101,'H50S200F-80-F2',332460,332461,332462,332463,332464,332465,332466,332467,332468,332469,332470,332471,332472,332473,332474,332475,332476,332477,332478,332479,332480,332481,332482,332483,332484,332485,332486,332487,332488,332489,332490,332491,332492,332493,332494,332495,332496,332497,332498,332499,332500
171,17102,'H50S000A-82-A',332501,332502,332503,332504,332505,332506,332507,332508,332509,332510,332511,332512,332513,332514,332515,332516,332517,332518,332519,332520,332521,332522,332523,332524,332525,332526,332527,332528,332529,332530,332531,332532,332533,332534,332535,332536,332537,332538,332539,332540,332541
171,17102,'H50S000I-82-I',332542,332543,332544,332545,332546,332547,332548,332549,332550,332551,332552,332553,332554,332555,332556,332557,332558,332559,332560,332561,332562,332563,332564,332565,332566,332567,332568,332569,332570,332571,332572,332573,332574,332575,332576,332577,332578,332579,332580,332581
171,17102,'H50S000S-82-S',332582,332583,332584,332585,332586,332587,332588,332589,332590,332591,332592,332593,332594,332595,332596,332597,332598,332599,332600,332601,332602,332603,332604,332605,332606,332607,332608,332609,332610,332611,332612,332613,332614,332615,332616,332617,332618,332619,332620,332621,332622,332623,332624,332625,332626,332627,332628,332629,332630,332631,332632,332633,332634
171,17102,'H50S100F-80-F1',332635,332636,332637,332638,332639,332640,332641,332642,332643,332644,332645,332646,332647,332648,332649,332650,332651,332652,332653,332654,332655,332656,332657,332658,332659,332660,332661,332662,332663,332664,332665,332666,332667,332668,332669,332670,332671,332672,332673,332674
171,17102,'H50S200F-80-F2',332675,332676,332677,332678,332679,332680,332681,332682,332683,332684,332685,332686,332687,332688,332689,332690,332691,332692,332693,332694,332695,332696,332697,332698,332699,332700,332701,332702,332703,332704,332705,332706,332707,332708,332709,332710,332711,332712,332713,332714
171,17102,'H58S000S-83-S',332715
171,17102,'H60S000S-83-S',332716
172,17203,'H59S000S-80-S',332717,332718,332719,332720,332721,332722,332723,332724,332725,332726,332727,332728,332729,332730,332731,332732,332733,332734,332735,332736,332737,332738,332739,332740,332741,332742,332743,332744,332745,332746,332747,332748,332749,332750,332751,332752,332753,332754,332755,332756,332757,332758,332759,332760,332761,332762,332763,332764,332765,332766,332767,332768,332769,332770,332771,332772,332773,332774,332775,332776
172,17204,'H59S000S-80-S',332777,332778,332779,332780,332781,332782,332783,332784,332785,332786,332787,332788,332789,332790,332791,332792,332793,332794,332795,332796,332797,332798,332799,332800,332801,332802,332803,332804,332805,332806,332807,332808,332809,332810,332811,332812,332813,332814,332815,332816,332817,332818,332819,332820,332821,332822,332823,332824,332825,332826,332827,332828,332829,332830,332831,332832,332833,332834,332835
174,17401,'H50S000S-82-S',332836
174,17401,'H60S000S-83-S',332837,332838,332839,332840,332841,332842,332843,332844,332845,332846,332847,332848,332849,332850,332851,332852,332853,332854,332855,332856,332857,332858,332859,332860,332861,332862,332863,332864,332865,332866,332867,332868,332869,332870,332871,332872,332873,332874,332875,332876
174,17401,'H60S100F-80-F1',332877,332878,332879,332880,332881,332882,332883,332884,332885,332886,332887,332888,332889,332890,332891,332892,332893,332894,332895,332896,332897,332898,332899,332900,332901,332902,332903,332904,332905,332906,332907,332908,332909,332910,332911,332912
174,17401,'H60S200F-80-F2',332913,332914,332915,332916,332917,332918,332919,332920,332921,332922,332923,332924,332925,332926,332927,332928,332929,332930,332931,332932,332933,332934,332935,332936,332937,332938,332939,332940,332941,332942,332943,332944,332945,332946,332947,332948
174,17402,'H60S000S-83-S',332949,332950,332951,332952,332953,332954,332955,332956,332957,332958,332959,332960,332961,332962,332963,332964,332965,332966,332967,332968,332969,332970,332971,332972,332973,332974,332975,332976,332977,332978,332979,332980,332981,332982,332983,332984,332985,332986
174,17402,'H60S100F-80-F1',332987,332988,332989,332990,332991,332992,332993,332994,332995,332996,332997,332998,332999,333000,333001,333002,333003,333004,333005,333006,333007,333008,333009,333010,333011,333012,333013,333014,333015,333016,333017,333018
174,17402,'H60S200F-80-F2',333019,333020,333021,333022,333023,333024,333025,333026,333027,333028,333029,333030,333031,333032,333033,333034,333035,333036,333037,333038,333039,333040,333041,333042,333043,333044,333045,333046,333047,333048,333049,333050
175,17501,'H50S000S-82-S',333051,333052,333053,333054,333055,333056,333057,333058,333059,333060,333061,333062,333063,333064,333065,333066,333067,333068,333069,333070,333071,333072,333073,333074,333075,333076
175,17502,'H50S000S-82-S',333077,333078,333079,333080,333081,333082,333083,333084,333085,333086,333087,333088,333089,333090,333091,333092,333093,333094,333095,333096,333097,333098,333099,333100,333101,333102,333103,333104,333105
176,17603,'H59S000A-80-A',333106,333107,333108,333109,333110,333111,333112,333113,333114,333115,333116,333117,333118,333119,333120,333121,333122,333123,333124,333125,333126,333127,333128,333129,333130
176,17603,'H59S000I-81-I',333131,333132,333133,333134,333135,333136,333137,333138,333139,333140,333141,333142,333143,333144,333145,333146,333147,333148,333149,333150,333151,333152,333153,333154,333155
176,17603,'H59S000S-80-S',333156,333157,333158,333159,333160,333161,333162,333163,333164,333165,333166,333167,333168,333169,333170,333171,333172,333173,333174,333175,333176,333177,333178,333179,333180,333181,333182,333183,333184,333185,333186,333187,333188,333189,333190,333191,333192,333193,333194,333195,333196,333197,333198,333199,333200,333201,333202,333203,333204,333205,333206,333207,333208
176,17603,'H59S100F-80-F1',333209,333210,333211,333212,333213,333214,333215,333216,333217,333218,333219,333220,333221,333222,333223,333224,333225,333226,333227,333228,333229,333230,333231,333232,333233
176,17603,'H59S200F-80-F2',333234,333235,333236,333237,333238,333239,333240,333241,333242,333243,333244,333245,333246,333247,333248,333249,333250,333251,333252,333253,333254,333255,333256,333257,333258
176,17604,'H59S000A-80-A',333259,333260,333261,333262,333263,333264,333265,333266,333267,333268,333269,333270,333271,333272,333273,333274,333275,333276,333277,333278,333279,333280,333281,333282,333283
176,17604,'H59S000I-81-I',333284,333285,333286,333287,333288,333289,333290,333291,333292,333293,333294,333295,333296,333297,333298,333299,333300,333301,333302,333303,333304,333305,333306,333307,333308
176,17604,'H59S000S-80-S',333309,333310,333311,333312,333313,333314,333315,333316,333317,333318,333319,333320,333321,333322,333323,333324,333325,333326,333327,333328,333329,333330,333331,333332,333333,333334,333335,333336,333337,333338,333339,333340,333341,333342,333343,333344,333345,333346,333347,333348,333349,333350,333351,333352,333353,333354,333355,333356
176,17604,'H59S100F-80-F1',333357,333358,333359,333360,333361,333362,333363,333364,333365,333366,333367,333368,333369,333370,333371,333372,333373,333374,333375,333376,333377,333378,333379,333380,333381
176,17604,'H59S200F-80-F2',333382,333383,333384,333385,333386,333387,333388,333389,333390,333391,333392,333393,333394,333395,333396,333397,333398,333399,333400,333401,333402,333403,333404,333405,333406
177,17701,'H58S000S-83-S',333407
177,17701,'H60S000A-80-A',333408,333409,333410,333411,333412,333413,333414,333415,333416,333417,333418,333419,333420,333421,333422,333423,333424,333425,333426,333427,333428,333429,333430,333431,333432,333433,333434,333435,333436,333437,333438,333439,333440,333441,333442,333443,333444,333445,333446,333447,333448,333449,333450
177,17701,'H60S000I-81-I',333451,333452,333453,333454,333455,333456,333457,333458,333459,333460,333461,333462,333463,333464,333465,333466,333467,333468,333469,333470,333471,333472,333473,333474,333475,333476,333477,333478,333479,333480,333481,333482,333483,333484,333485,333486,333487,333488,333489
177,17701,'H60S000S-83-S',333490,333491,333492,333493,333494,333495,333496,333497,333498,333499,333500,333501,333502,333503,333504,333505,333506,333507,333508,333509,333510,333511,333512,333513,333514,333515,333516,333517,333518,333519,333520,333521,333522,333523,333524,333525,333526,333527,333528,333529,333530,333531,333532,333533,333534,333535,333536,333537,333538,333539,333540,333541
177,17701,'H60S100F-80-F1',333542,333543,333544,333545,333546,333547,333548,333549,333550,333551,333552,333553,333554,333555,333556,333557,333558,333559,333560,333561,333562,333563,333564,333565,333566,333567,333568,333569,333570,333571,333572,333573,333574,333575,333576,333577,333578,333579,333580
177,17701,'H60S200F-80-F2',333581,333582,333583,333584,333585,333586,333587,333588,333589,333590,333591,333592,333593,333594,333595,333596,333597,333598,333599,333600,333601,333602,333603,333604,333605,333606,333607,333608,333609,333610,333611,333612,333613,333614,333615,333616,333617,333618,333619
177,17702,'H60S000A-80-A',333620,333621,333622,333623,333624,333625,333626,333627,333628,333629,333630,333631,333632,333633,333634,333635,333636,333637,333638,333639,333640,333641,333642,333643,333644,333645,333646,333647,333648,333649,333650,333651,333652,333653,333654,333655,333656,333657,333658
177,17702,'H60S000I-81-I',333659,333660,333661,333662,333663,333664,333665,333666,333667,333668,333669,333670,333671,333672,333673,333674,333675,333676,333677,333678,333679,333680,333681,333682,333683,333684,333685,333686,333687,333688,333689,333690,333691,333692,333693,333694,333695,333696
177,17702,'H60S000S-83-S',333697,333698,333699,333700,333701,333702,333703,333704,333705,333706,333707,333708,333709,333710,333711,333712,333713,333714,333715,333716,333717,333718,333719,333720,333721,333722,333723,333724,333725,333726,333727,333728,333729,333730,333731,333732,333733,333734,333735,333736,333737,333738,333739,333740,333741,333742,333743,333744,333745,333746,333747,333748,333749,333750,333751,333752,333753,333754
177,17702,'H60S100F-80-F1',333755,333756,333757,333758,333759,333760,333761,333762,333763,333764,333765,333766,333767,333768,333769,333770,333771,333772,333773,333774,333775,333776,333777,333778,333779,333780,333781,333782,333783,333784,333785,333786,333787,333788,333789,333790,333791,333792
177,17702,'H60S200F-80-F2',333793,333794,333795,333796,333797,333798,333799,333800,333801,333802,333803,333804,333805,333806,333807,333808,333809,333810,333811,333812,333813,333814,333815,333816,333817,333818,333819,333820,333821,333822,333823,333824,333825,333826,333827,333828,333829,333830
179,17903,'H50S000S-82-S',333831
179,17903,'H51S000A-80-A',333832,333833,333834,333835,333836,333837,333838,333839,333840,333841,333842,333843,333844,333845,333846,333847,333848,333849,333850,333851,333852,333853,333854,333855,333856,333857,333858,333859,333860,333861,333862,333863,333864,333865,333866,333867,333868,333869,333870,333871,333872,333873,333874,333875,333876,333877,333878,333879,333880,333881,333882,333883,333884,333885
179,17903,'H51S000I-80-I',333886,333887,333888,333889,333890,333891,333892,333893,333894,333895,333896,333897,333898,333899,333900,333901,333902,333903,333904,333905,333906,333907,333908,333909,333910,333911,333912,333913,333914,333915,333916,333917,333918,333919,333920,333921,333922,333923,333924,333925,333926,333927,333928,333929,333930,333931,333932
179,17903,'H51S000S-81-S',333933,333934,333935,333936,333937,333938,333939,333940,333941,333942,333943,333944,333945,333946,333947,333948,333949,333950,333951,333952,333953,333954,333955,333956,333957,333958,333959,333960,333961,333962,333963,333964,333965,333966,333967,333968,333969,333970,333971,333972,333973,333974,333975,333976,333977,333978,333979,333980,333981,333982,333983,333984,333985,333986
179,17903,'H51S100F-80-F1',333987,333988,333989,333990,333991,333992,333993,333994,333995,333996,333997,333998,333999,334000,334001,334002,334003,334004,334005,334006,334007,334008,334009,334010,334011,334012,334013,334014,334015,334016,334017,334018,334019,334020,334021,334022,334023,334024,334025,334026,334027,334028,334029,334030,334031,334032,334033
179,17903,'H51S200F-80-F2',334034,334035,334036,334037,334038,334039,334040,334041,334042,334043,334044,334045,334046,334047,334048,334049,334050,334051,334052,334053,334054,334055,334056,334057,334058,334059,334060,334061,334062,334063,334064,334065,334066,334067,334068,334069,334070,334071,334072,334073,334074,334075,334076,334077,334078,334079,334080
179,17904,'H50S000S-82-S',334081,334082
179,17904,'H51S000A-80-A',334083,334084,334085,334086,334087,334088,334089,334090,334091,334092,334093,334094,334095,334096,334097,334098,334099,334100,334101,334102,334103,334104,334105,334106,334107,334108,334109,334110,334111,334112,334113,334114,334115,334116,334117,334118,334119,334120,334121,334122,334123,334124,334125,334126,334127,334128,334129,334130,334131,334132,334133,334134,334135
179,17904,'H51S000I-80-I',334136,334137,334138,334139,334140,334141,334142,334143,334144,334145,334146,334147,334148,334149,334150,334151,334152,334153,334154,334155,334156,334157,334158,334159,334160,334161,334162,334163,334164,334165,334166,334167,334168,334169,334170,334171,334172,334173,334174,334175,334176,334177,334178,334179,334180
179,17904,'H51S000S-81-S',334181,334182,334183,334184,334185,334186,334187,334188,334189,334190,334191,334192,334193,334194,334195,334196,334197,334198,334199,334200,334201,334202,334203,334204,334205,334206,334207,334208,334209,334210,334211,334212,334213,334214,334215,334216,334217,334218,334219,334220,334221,334222,334223,334224,334225,334226,334227,334228,334229,334230,334231,334232,334233,334234
179,17904,'H51S100F-80-F1',334235,334236,334237,334238,334239,334240,334241,334242,334243,334244,334245,334246,334247,334248,334249,334250,334251,334252,334253,334254,334255,334256,334257,334258,334259,334260,334261,334262,334263,334264,334265,334266,334267,334268,334269,334270,334271,334272,334273,334274,334275,334276,334277,334278,334279
179,17904,'H51S200F-80-F2',334280,334281,334282,334283,334284,334285,334286,334287,334288,334289,334290,334291,334292,334293,334294,334295,334296,334297,334298,334299,334300,334301,334302,334303,334304,334305,334306,334307,334308,334309,334310,334311,334312,334313,334314,334315,334316,334317,334318,334319,334320,334321,334322,334323,334324
180,18001,'H58S000A-80-A',334325,334326,334327,334328,334329,334330,334331,334332,334333,334334,334335,334336,334337,334338,334339,334340,334341,334342,334343,334344,334345,334346,334347,334348,334349,334350,334351,334352,334353,334354,334355,334356,334357,334358,334359,334360,334361,334362,334363,334364,334365
180,18001,'H58S000I-80-I',334366,334367,334368,334369,334370,334371,334372,334373,334374,334375,334376,334377,334378,334379,334380,334381,334382,334383,334384,334385,334386,334387,334388,334389,334390,334391,334392,334393,334394,334395,334396,334397,334398,334399,334400,334401,334402,334403,334404,334405
180,18001,'H58S000S-83-S',334406,334407,334408,334409,334410,334411,334412,334413,334414,334415,334416,334417,334418,334419,334420,334421,334422,334423,334424,334425,334426,334427,334428,334429,334430,334431,334432,334433,334434,334435,334436,334437,334438,334439,334440,334441,334442,334443,334444,334445,334446,334447,334448,334449,334450,334451,334452,334453
180,18001,'H58S100F-80-F1',334454,334455,334456,334457,334458,334459,334460,334461,334462,334463,334464,334465,334466,334467,334468,334469,334470,334471,334472,334473,334474,334475,334476,334477,334478,334479,334480,334481,334482,334483,334484,334485,334486,334487,334488,334489,334490,334491,334492,334493
180,18001,'H58S200F-80-F2',334494,334495,334496,334497,334498,334499,334500,334501,334502,334503,334504,334505,334506,334507,334508,334509,334510,334511,334512,334513,334514,334515,334516,334517,334518,334519,334520,334521,334522,334523,334524,334525,334526,334527,334528,334529,334530,334531,334532,334533
180,18002,'H58S000A-80-A',334534,334535,334536,334537,334538,334539,334540,334541,334542,334543,334544,334545,334546,334547,334548,334549,334550,334551,334552,334553,334554,334555,334556,334557,334558,334559,334560,334561,334562,334563,334564,334565,334566,334567,334568,334569,334570,334571,334572,334573,334574,334575
180,18002,'H58S000I-80-I',334576,334577,334578,334579,334580,334581,334582,334583,334584,334585,334586,334587,334588,334589,334590,334591,334592,334593,334594,334595,334596,334597,334598,334599,334600,334601,334602,334603,334604,334605,334606,334607,334608,334609,334610,334611,334612,334613,334614,334615
180,18002,'H58S000S-83-S',334616,334617,334618,334619,334620,334621,334622,334623,334624,334625,334626,334627,334628,334629,334630,334631,334632,334633,334634,334635,334636,334637,334638,334639,334640,334641,334642,334643,334644,334645,334646,334647,334648,334649,334650,334651,334652,334653,334654,334655,334656,334657,334658,334659,334660,334661,334662
180,18002,'H58S100F-80-F1',334663,334664,334665,334666,334667,334668,334669,334670,334671,334672,334673,334674,334675,334676,334677,334678,334679,334680,334681,334682,334683,334684,334685,334686,334687,334688,334689,334690,334691,334692,334693,334694,334695,334696,334697,334698,334699,334700,334701,334702
180,18002,'H58S200F-80-F2',334703,334704,334705,334706,334707,334708,334709,334710,334711,334712,334713,334714,334715,334716,334717,334718,334719,334720,334721,334722,334723,334724,334725,334726,334727,334728,334729,334730,334731,334732,334733,334734,334735,334736,334737,334738,334739,334740,334741,334742
183,18301,'H54S000A-80-A',334743,334744,334745,334746,334747,334748,334749,334750,334751,334752
183,18301,'H54S000I-80-I',334753,334754,334755,334756,334757,334758,334759,334760,334761
183,18301,'H54S000S-80-S',334762,334763,334764,334765,334766,334767,334768,334769,334770,334771,334772,334773,334774,334775,334776,334777
183,18301,'H54S100F-80-F1',334778,334779,334780,334781,334782,334783,334784,334785,334786
183,18301,'H54S200F-80-F2',334787,334788,334789,334790,334791,334792,334793,334794,334795
183,18302,'H54S000A-80-A',334796,334797,334798,334799,334800,334801,334802,334803,334804,334805
183,18302,'H54S000I-80-I',334806,334807,334808,334809,334810,334811,334812,334813,334814
183,18302,'H54S000S-80-S',334815,334816,334817,334818,334819,334820,334821,334822,334823,334824,334825,334826,334827,334828,334829,334830
183,18302,'H54S100F-80-F1',334831,334832,334833,334834,334835,334836,334837,334838,334839
183,18302,'H54S200F-80-F2',334840,334841,334842,334843,334844,334845,334846,334847,334848
185,18501,'H57S000S-80-S',334849,334850
185,18501,'H59S000A-80-A',334851,334852,334853,334854,334855,334856,334857,334858,334859,334860,334861,334862,334863,334864,334865,334866,334867,334868,334869,334870,334871,334872,334873,334874,334875,334876,334877,334878,334879,334880,334881,334882,334883,334884,334885,334886,334887,334888,334889
185,18501,'H59S000I-81-I',334890,334891,334892,334893,334894,334895,334896,334897,334898,334899,334900,334901,334902,334903,334904,334905,334906,334907,334908,334909,334910,334911,334912,334913,334914,334915,334916,334917,334918,334919,334920,334921,334922,334923,334924,334925,334926,334927,334928
185,18501,'H59S000S-80-S',334929,334930,334931,334932,334933,334934,334935,334936,334937,334938,334939,334940,334941,334942,334943,334944,334945,334946,334947,334948,334949,334950,334951,334952,334953,334954,334955,334956,334957,334958,334959,334960,334961,334962,334963,334964,334965,334966,334967,334968,334969
185,18501,'H59S100F-80-F1',334970,334971,334972,334973,334974,334975,334976,334977,334978,334979,334980,334981,334982,334983,334984,334985,334986,334987,334988,334989,334990,334991,334992,334993,334994,334995,334996,334997,334998,334999,335000,335001,335002,335003,335004,335005,335006,335007,335008
185,18501,'H59S200F-80-F2',335009,335010,335011,335012,335013,335014,335015,335016,335017,335018,335019,335020,335021,335022,335023,335024,335025,335026,335027,335028,335029,335030,335031,335032,335033,335034,335035,335036,335037,335038,335039,335040,335041,335042,335043,335044,335045,335046,335047
185,18502,'H59S000A-80-A',335048,335049,335050,335051,335052,335053,335054,335055,335056,335057,335058,335059,335060,335061,335062,335063,335064,335065,335066,335067,335068,335069,335070,335071,335072,335073,335074,335075,335076,335077,335078,335079,335080,335081,335082,335083,335084,335085,335086
185,18502,'H59S000I-81-I',335087,335088,335089,335090,335091,335092,335093,335094,335095,335096,335097,335098,335099,335100,335101,335102,335103,335104,335105,335106,335107,335108,335109,335110,335111,335112,335113,335114,335115,335116,335117,335118,335119,335120,335121,335122,335123,335124,335125
185,18502,'H59S000S-80-S',335126,335127,335128,335129,335130,335131,335132,335133,335134,335135,335136,335137,335138,335139,335140,335141,335142,335143,335144,335145,335146,335147,335148,335149,335150,335151,335152,335153,335154,335155,335156,335157,335158,335159,335160,335161,335162,335163,335164,335165,335166,335167,335168,335169,335170,335171,335172
185,18502,'H59S100F-80-F1',335173,335174,335175,335176,335177,335178,335179,335180,335181,335182,335183,335184,335185,335186,335187,335188,335189,335190,335191,335192,335193,335194,335195,335196,335197,335198,335199,335200,335201,335202,335203,335204,335205,335206,335207,335208,335209,335210,335211
185,18502,'H59S200F-80-F2',335212,335213,335214,335215,335216,335217,335218,335219,335220,335221,335222,335223,335224,335225,335226,335227,335228,335229,335230,335231,335232,335233,335234,335235,335236,335237,335238,335239,335240,335241,335242,335243,335244,335245,335246,335247,335248,335249,335250
186,18601,'H54S000A-80-A',335251,335252,335253,335254,335255,335256,335257,335258,335259,335260,335261,335262,335263,335264,335265,335266,335267,335268,335269,335270,335271,335272,335273,335274,335275,335276,335277,335278,335279,335280,335281,335282,335283,335284,335285,335286,335287,335288,335289,335290,335291,335292,335293,335294,335295,335296,335297,335298,335299
186,18601,'H54S000I-80-I',335300,335301,335302,335303,335304,335305,335306,335307,335308,335309,335310,335311,335312,335313,335314,335315,335316,335317,335318,335319,335320,335321,335322,335323,335324,335325,335326,335327,335328,335329,335330,335331,335332,335333,335334,335335,335336,335337,335338,335339,335340,335341,335342,335343,335344
186,18601,'H54S000S-80-S',335345,335346,335347,335348,335349,335350,335351,335352,335353,335354,335355,335356,335357,335358,335359,335360,335361,335362,335363,335364,335365,335366,335367,335368,335369,335370,335371,335372,335373,335374,335375,335376,335377,335378,335379,335380,335381,335382,335383,335384,335385,335386,335387,335388,335389,335390,335391,335392,335393,335394,335395,335396,335397,335398,335399,335400,335401,335402
186,18601,'H54S100F-80-F1',335403,335404,335405,335406,335407,335408,335409,335410,335411,335412,335413,335414,335415,335416,335417,335418,335419,335420,335421,335422,335423,335424,335425,335426,335427,335428,335429,335430,335431,335432,335433,335434,335435,335436,335437,335438,335439,335440,335441,335442,335443,335444,335445,335446,335447
186,18601,'H54S200F-80-F2',335448,335449,335450,335451,335452,335453,335454,335455,335456,335457,335458,335459,335460,335461,335462,335463,335464,335465,335466,335467,335468,335469,335470,335471,335472,335473,335474,335475,335476,335477,335478,335479,335480,335481,335482,335483,335484,335485,335486,335487,335488,335489,335490,335491,335492
186,18601,'H59S000S-80-S',335493
186,18602,'H54S000A-80-A',335494,335495,335496,335497,335498,335499,335500,335501,335502,335503,335504,335505,335506,335507,335508,335509,335510,335511,335512,335513,335514,335515,335516,335517,335518,335519,335520,335521,335522,335523,335524,335525,335526,335527,335528,335529,335530,335531,335532,335533,335534,335535,335536,335537,335538,335539,335540
186,18602,'H54S000I-80-I',335541,335542,335543,335544,335545,335546,335547,335548,335549,335550,335551,335552,335553,335554,335555,335556,335557,335558,335559,335560,335561,335562,335563,335564,335565,335566,335567,335568,335569,335570,335571,335572,335573,335574,335575,335576,335577,335578,335579,335580,335581,335582
186,18602,'H54S000S-80-S',335583,335584,335585,335586,335587,335588,335589,335590,335591,335592,335593,335594,335595,335596,335597,335598,335599,335600,335601,335602,335603,335604,335605,335606,335607,335608,335609,335610,335611,335612,335613,335614,335615,335616,335617,335618,335619,335620,335621,335622,335623,335624,335625,335626,335627,335628,335629,335630,335631,335632,335633,335634
186,18602,'H54S100F-80-F1',335635,335636,335637,335638,335639,335640,335641,335642,335643,335644,335645,335646,335647,335648,335649,335650,335651,335652,335653,335654,335655,335656,335657,335658,335659,335660,335661,335662,335663,335664,335665,335666,335667,335668,335669,335670,335671,335672,335673,335674,335675,335676
186,18602,'H54S200F-80-F2',335677,335678,335679,335680,335681,335682,335683,335684,335685,335686,335687,335688,335689,335690,335691,335692,335693,335694,335695,335696,335697,335698,335699,335700,335701,335702,335703,335704,335705,335706,335707,335708,335709,335710,335711,335712,335713,335714,335715,335716,335717,335718
186,18602,'H57S000S-80-S',335719
187,18701,'H54S000A-80-A',335720,335721,335722,335723,335724,335725,335726,335727,335728,335729,335730,335731,335732,335733,335734,335735,335736,335737,335738,335739,335740,335741,335742,335743,335744,335745,335746,335747,335748,335749,335750,335751,335752,335753,335754,335755,335756,335757,335758,335759,335760,335761,335762,335763,335764,335765,335766,335767,335768,335769
187,18701,'H54S000I-80-I',335770,335771,335772,335773,335774,335775,335776,335777,335778,335779,335780,335781,335782,335783,335784,335785,335786,335787,335788,335789,335790,335791,335792,335793,335794,335795,335796,335797,335798,335799,335800,335801,335802,335803,335804,335805,335806,335807,335808,335809,335810,335811,335812,335813,335814
187,18701,'H54S000S-80-S',335815,335816,335817,335818,335819,335820,335821,335822,335823,335824,335825,335826,335827,335828,335829,335830,335831,335832,335833,335834,335835,335836,335837,335838,335839,335840,335841,335842,335843,335844,335845,335846,335847,335848,335849,335850,335851,335852,335853,335854,335855,335856,335857,335858,335859,335860,335861,335862,335863,335864,335865,335866,335867,335868,335869,335870,335871,335872,335873,335874,335875,335876,335877,335878,335879,335880,335881,335882,335883,335884,335885
187,18701,'H54S100F-80-F1',335886,335887,335888,335889,335890,335891,335892,335893,335894,335895,335896,335897,335898,335899,335900,335901,335902,335903,335904,335905,335906,335907,335908,335909,335910,335911,335912,335913,335914,335915,335916,335917,335918,335919,335920,335921,335922,335923,335924,335925,335926,335927,335928,335929,335930
187,18701,'H54S200F-80-F2',335931,335932,335933,335934,335935,335936,335937,335938,335939,335940,335941,335942,335943,335944,335945,335946,335947,335948,335949,335950,335951,335952,335953,335954,335955,335956,335957,335958,335959,335960,335961,335962,335963,335964,335965,335966,335967,335968,335969,335970,335971,335972,335973,335974,335975
187,18702,'H54S000A-80-A',335976,335977,335978,335979,335980,335981,335982,335983,335984,335985,335986,335987,335988,335989,335990,335991,335992,335993,335994,335995,335996,335997,335998,335999,336000,336001,336002,336003,336004,336005,336006,336007,336008,336009,336010,336011,336012,336013,336014,336015,336016,336017,336018,336019,336020,336021,336022,336023,336024,336025
187,18702,'H54S000I-80-I',336026,336027,336028,336029,336030,336031,336032,336033,336034,336035,336036,336037,336038,336039,336040,336041,336042,336043,336044,336045,336046,336047,336048,336049,336050,336051,336052,336053,336054,336055,336056,336057,336058,336059,336060,336061,336062,336063,336064,336065,336066,336067,336068,336069,336070
187,18702,'H54S000S-80-S',336071,336072,336073,336074,336075,336076,336077,336078,336079,336080,336081,336082,336083,336084,336085,336086,336087,336088,336089,336090,336091,336092,336093,336094,336095,336096,336097,336098,336099,336100,336101,336102,336103,336104,336105,336106,336107,336108,336109,336110,336111,336112,336113,336114,336115,336116,336117,336118,336119,336120,336121,336122,336123,336124,336125,336126,336127,336128,336129,336130,336131,336132,336133,336134,336135,336136,336137,336138,336139,336140,336141,336142,336143,336144,336145,336146
187,18702,'H54S100F-80-F1',336147,336148,336149,336150,336151,336152,336153,336154,336155,336156,336157,336158,336159,336160,336161,336162,336163,336164,336165,336166,336167,336168,336169,336170,336171,336172,336173,336174,336175,336176,336177,336178,336179,336180,336181,336182,336183,336184,336185,336186,336187,336188,336189,336190,336191
187,18702,'H54S200F-80-F2',336192,336193,336194,336195,336196,336197,336198,336199,336200,336201,336202,336203,336204,336205,336206,336207,336208,336209,336210,336211,336212,336213,336214,336215,336216,336217,336218,336219,336220,336221,336222,336223,336224,336225,336226,336227,336228,336229,336230,336231,336232,336233,336234,336235,336236
187,18702,'H59S000S-80-S',336237
188,18801,'H50S000S-82-S',336238
188,18801,'H51S000S-81-S',336239
188,18801,'H54S000S-80-S',336240,336241,336242,336243,336244,336245,336246,336247,336248,336249,336250,336251
188,18802,'H50S000S-82-S',336252
188,18802,'H54S000S-80-S',336253,336254,336255,336256,336257,336258,336259,336260,336261,336262,336263,336264,336265,336266
188,18802,'H58S000S-83-S',336267
189,18901,'H54S000A-80-A',336268,336269,336270,336271,336272,336273,336274,336275,336276,336277,336278,336279,336280,336281,336282,336283,336284,336285,336286,336287,336288,336289,336290,336291,336292,336293,336294,336295,336296,336297,336298,336299,336300,336301,336302,336303,336304,336305,336306,336307,336308,336309,336310,336311,336312,336313,336314,336315,336316,336317,336318,336319,336320,336321,336322,336323
189,18901,'H54S000I-80-I',336324,336325,336326,336327,336328,336329,336330,336331,336332,336333,336334,336335,336336,336337,336338,336339,336340,336341,336342,336343,336344,336345,336346,336347,336348,336349,336350,336351,336352,336353,336354,336355,336356,336357,336358,336359,336360,336361,336362,336363,336364,336365,336366,336367,336368,336369,336370,336371
189,18901,'H54S000S-80-S',336372,336373,336374,336375,336376,336377,336378,336379,336380,336381,336382,336383,336384,336385,336386,336387,336388,336389,336390,336391,336392,336393,336394,336395,336396,336397,336398,336399,336400,336401,336402,336403,336404,336405,336406,336407,336408,336409,336410,336411,336412,336413,336414,336415,336416,336417,336418,336419,336420,336421,336422,336423,336424,336425,336426,336427,336428,336429,336430,336431,336432,336433,336434,336435,336436,336437,336438,336439,336440,336441,336442
189,18901,'H54S100F-80-F1',336443,336444,336445,336446,336447,336448,336449,336450,336451,336452,336453,336454,336455,336456,336457,336458,336459,336460,336461,336462,336463,336464,336465,336466,336467,336468,336469,336470,336471,336472,336473,336474,336475,336476,336477,336478,336479,336480,336481,336482,336483,336484,336485,336486,336487,336488,336489,336490
189,18901,'H54S200F-80-F2',336491,336492,336493,336494,336495,336496,336497,336498,336499,336500,336501,336502,336503,336504,336505,336506,336507,336508,336509,336510,336511,336512,336513,336514,336515,336516,336517,336518,336519,336520,336521,336522,336523,336524,336525,336526,336527,336528,336529,336530,336531,336532,336533,336534,336535,336536,336537,336538
189,18901,'H59S000S-80-S',336539,336540
189,18902,'H54S000A-80-A',336541,336542,336543,336544,336545,336546,336547,336548,336549,336550,336551,336552,336553,336554,336555,336556,336557,336558,336559,336560,336561,336562,336563,336564,336565,336566,336567,336568,336569,336570,336571,336572,336573,336574,336575,336576,336577,336578,336579,336580,336581,336582,336583,336584,336585,336586,336587,336588,336589,336590,336591,336592,336593
189,18902,'H54S000I-80-I',336594,336595,336596,336597,336598,336599,336600,336601,336602,336603,336604,336605,336606,336607,336608,336609,336610,336611,336612,336613,336614,336615,336616,336617,336618,336619,336620,336621,336622,336623,336624,336625,336626,336627,336628,336629,336630,336631,336632,336633,336634,336635,336636,336637,336638
189,18902,'H54S000S-80-S',336639,336640,336641,336642,336643,336644,336645,336646,336647,336648,336649,336650,336651,336652,336653,336654,336655,336656,336657,336658,336659,336660,336661,336662,336663,336664,336665,336666,336667,336668,336669,336670,336671,336672,336673,336674,336675,336676,336677,336678,336679,336680,336681,336682,336683,336684,336685,336686,336687,336688,336689,336690,336691,336692,336693,336694,336695,336696,336697,336698,336699,336700,336701,336702,336703,336704,336705,336706,336707,336708,336709
189,18902,'H54S100F-80-F1',336710,336711,336712,336713,336714,336715,336716,336717,336718,336719,336720,336721,336722,336723,336724,336725,336726,336727,336728,336729,336730,336731,336732,336733,336734,336735,336736,336737,336738,336739,336740,336741,336742,336743,336744,336745,336746,336747,336748,336749,336750,336751,336752,336753,336754
189,18902,'H54S200F-80-F2',336755,336756,336757,336758,336759,336760,336761,336762,336763,336764,336765,336766,336767,336768,336769,336770,336771,336772,336773,336774,336775,336776,336777,336778,336779,336780,336781,336782,336783,336784,336785,336786,336787,336788,336789,336790,336791,336792,336793,336794,336795,336796,336797,336798,336799
190,19001,'H56S000S-82-S',336800,336801,336802,336803,336804,336805,336806,336807,336808,336809,336810,336811,336812,336813,336814,336815,336816,336817,336818,336819,336820,336821,336822,336823,336824,336825,336826,336827,336828,336829,336830
190,19002,'H56S000S-82-S',336831,336832,336833,336834,336835,336836,336837,336838,336839,336840,336841,336842,336843,336844,336845,336846,336847,336848,336849,336850,336851,336852,336853,336854,336855,336856,336857,336858,336859,336860,336861,336862,336863
192,19201,'H54S000A-80-A',336864,336865,336866,336867,336868,336869,336870,336871,336872,336873,336874,336875,336876,336877,336878,336879,336880,336881,336882,336883,336884,336885,336886,336887,336888,336889,336890,336891,336892,336893,336894,336895,336896,336897,336898,336899,336900,336901,336902,336903
192,19201,'H54S000I-80-I',336904,336905,336906,336907,336908,336909,336910,336911,336912,336913,336914,336915,336916,336917,336918,336919,336920,336921,336922,336923,336924,336925,336926,336927,336928,336929,336930,336931,336932,336933,336934,336935,336936,336937,336938,336939,336940,336941,336942,336943,336944
192,19201,'H54S000S-80-S',336945,336946,336947,336948,336949,336950,336951,336952,336953,336954,336955,336956,336957,336958,336959,336960,336961,336962,336963,336964,336965,336966,336967,336968,336969,336970,336971,336972,336973,336974,336975,336976,336977,336978,336979,336980,336981,336982,336983,336984,336985,336986,336987,336988,336989
192,19201,'H54S100F-80-F1',336990,336991,336992,336993,336994,336995,336996,336997,336998,336999,337000,337001,337002,337003,337004,337005,337006,337007,337008,337009,337010,337011,337012,337013,337014,337015,337016,337017,337018,337019,337020,337021,337022,337023,337024,337025,337026,337027,337028,337029,337030
192,19201,'H54S200F-80-F2',337031,337032,337033,337034,337035,337036,337037,337038,337039,337040,337041,337042,337043,337044,337045,337046,337047,337048,337049,337050,337051,337052,337053,337054,337055,337056,337057,337058,337059,337060,337061,337062,337063,337064,337065,337066,337067,337068,337069,337070,337071
192,19201,'H58S000S-83-S',337072
192,19202,'H51S000S-81-S',337073
192,19202,'H54S000A-80-A',337074,337075,337076,337077,337078,337079,337080,337081,337082,337083,337084,337085,337086,337087,337088,337089,337090,337091,337092,337093,337094,337095,337096,337097,337098,337099,337100,337101,337102,337103,337104,337105,337106,337107,337108,337109,337110,337111,337112,337113
192,19202,'H54S000I-80-I',337114,337115,337116,337117,337118,337119,337120,337121,337122,337123,337124,337125,337126,337127,337128,337129,337130,337131,337132,337133,337134,337135,337136,337137,337138,337139,337140,337141,337142,337143,337144,337145,337146,337147,337148,337149,337150,337151,337152,337153,337154
192,19202,'H54S000S-80-S',337155,337156,337157,337158,337159,337160,337161,337162,337163,337164,337165,337166,337167,337168,337169,337170,337171,337172,337173,337174,337175,337176,337177,337178,337179,337180,337181,337182,337183,337184,337185,337186,337187,337188,337189,337190,337191,337192,337193,337194,337195,337196,337197,337198,337199,337200,337201,337202
192,19202,'H54S100F-80-F1',337203,337204,337205,337206,337207,337208,337209,337210,337211,337212,337213,337214,337215,337216,337217,337218,337219,337220,337221,337222,337223,337224,337225,337226,337227,337228,337229,337230,337231,337232,337233,337234,337235,337236,337237,337238,337239,337240,337241,337242,337243
192,19202,'H54S200F-80-F2',337244,337245,337246,337247,337248,337249,337250,337251,337252,337253,337254,337255,337256,337257,337258,337259,337260,337261,337262,337263,337264,337265,337266,337267,337268,337269,337270,337271,337272,337273,337274,337275,337276,337277,337278,337279,337280,337281,337282,337283,337284
192,19202,'H57S000S-80-S',337285
192,19202,'H58S000S-83-S',337286
193,19301,'H50S000S-82-S',337287,337288
193,19301,'H51S000S-81-S',337289
193,19301,'H54S000S-80-S',337290,337291
193,19301,'H58S000A-80-A',337292,337293,337294,337295,337296,337297,337298,337299,337300,337301,337302,337303,337304,337305,337306,337307,337308,337309,337310,337311,337312,337313,337314,337315,337316,337317,337318,337319,337320,337321,337322,337323,337324,337325,337326,337327,337328,337329,337330,337331,337332,337333,337334,337335,337336,337337,337338,337339,337340,337341,337342,337343,337344,337345,337346,337347,337348,337349,337350,337351,337352,337353,337354,337355
193,19301,'H58S000I-80-I',337356,337357,337358,337359,337360,337361,337362,337363,337364,337365,337366,337367,337368,337369,337370,337371,337372,337373,337374,337375,337376,337377,337378,337379,337380,337381,337382,337383,337384,337385,337386,337387,337388,337389,337390,337391,337392,337393,337394,337395,337396,337397,337398,337399,337400,337401,337402,337403,337404,337405,337406,337407,337408
193,19301,'H58S000S-83-S',337409,337410,337411,337412,337413,337414,337415,337416,337417,337418,337419,337420,337421,337422,337423,337424,337425,337426,337427,337428,337429,337430,337431,337432,337433,337434,337435,337436,337437,337438,337439,337440,337441,337442,337443,337444,337445,337446,337447,337448,337449,337450,337451,337452,337453,337454,337455,337456,337457,337458,337459,337460,337461,337462,337463,337464,337465,337466,337467,337468,337469,337470,337471,337472,337473,337474,337475,337476,337477
193,19301,'H58S100F-80-F1',337478,337479,337480,337481,337482,337483,337484,337485,337486,337487,337488,337489,337490,337491,337492,337493,337494,337495,337496,337497,337498,337499,337500,337501,337502,337503,337504,337505,337506,337507,337508,337509,337510,337511,337512,337513,337514,337515,337516,337517,337518,337519,337520,337521,337522,337523,337524,337525,337526,337527,337528,337529,337530
193,19301,'H58S200F-80-F2',337531,337532,337533,337534,337535,337536,337537,337538,337539,337540,337541,337542,337543,337544,337545,337546,337547,337548,337549,337550,337551,337552,337553,337554,337555,337556,337557,337558,337559,337560,337561,337562,337563,337564,337565,337566,337567,337568,337569,337570,337571,337572,337573,337574,337575,337576,337577,337578,337579,337580,337581,337582,337583
193,19302,'H50S000S-82-S',337584,337585,337586
193,19302,'H58S000A-80-A',337587,337588,337589,337590,337591,337592,337593,337594,337595,337596,337597,337598,337599,337600,337601,337602,337603,337604,337605,337606,337607,337608,337609,337610,337611,337612,337613,337614,337615,337616,337617,337618,337619,337620,337621,337622,337623,337624,337625,337626,337627,337628,337629,337630,337631,337632,337633,337634,337635,337636,337637,337638,337639,337640,337641,337642,337643,337644,337645,337646,337647,337648
193,19302,'H58S000I-80-I',337649,337650,337651,337652,337653,337654,337655,337656,337657,337658,337659,337660,337661,337662,337663,337664,337665,337666,337667,337668,337669,337670,337671,337672,337673,337674,337675,337676,337677,337678,337679,337680,337681,337682,337683,337684,337685,337686,337687,337688,337689,337690,337691,337692,337693,337694,337695,337696,337697,337698
193,19302,'H58S000S-83-S',337699,337700,337701,337702,337703,337704,337705,337706,337707,337708,337709,337710,337711,337712,337713,337714,337715,337716,337717,337718,337719,337720,337721,337722,337723,337724,337725,337726,337727,337728,337729,337730,337731,337732,337733,337734,337735,337736,337737,337738,337739,337740,337741,337742,337743,337744,337745,337746,337747,337748,337749,337750,337751,337752,337753,337754,337755,337756,337757,337758,337759,337760,337761,337762,337763,337764,337765
193,19302,'H58S100F-80-F1',337766,337767,337768,337769,337770,337771,337772,337773,337774,337775,337776,337777,337778,337779,337780,337781,337782,337783,337784,337785,337786,337787,337788,337789,337790,337791,337792,337793,337794,337795,337796,337797,337798,337799,337800,337801,337802,337803,337804,337805,337806,337807,337808,337809,337810,337811,337812,337813,337814,337815
193,19302,'H58S200F-80-F2',337816,337817,337818,337819,337820,337821,337822,337823,337824,337825,337826,337827,337828,337829,337830,337831,337832,337833,337834,337835,337836,337837,337838,337839,337840,337841,337842,337843,337844,337845,337846,337847,337848,337849,337850,337851,337852,337853,337854,337855,337856,337857,337858,337859,337860,337861,337862,337863,337864,337865
195,19501,'H56S000A-80-A',337866,337867,337868,337869,337870,337871,337872,337873,337874,337875,337876,337877,337878,337879,337880,337881,337882,337883,337884,337885,337886,337887,337888,337889,337890,337891,337892,337893,337894,337895,337896,337897,337898,337899,337900,337901,337902,337903,337904,337905,337906,337907
195,19501,'H56S000I-80-I',337908,337909,337910,337911,337912,337913,337914,337915,337916,337917,337918,337919,337920,337921,337922,337923,337924,337925,337926,337927,337928,337929,337930,337931,337932,337933,337934,337935,337936,337937,337938,337939,337940,337941,337942,337943,337944,337945,337946,337947,337948
195,19501,'H56S000S-82-S',337949,337950,337951,337952,337953,337954,337955,337956,337957,337958,337959,337960,337961,337962,337963,337964,337965,337966,337967,337968,337969,337970,337971,337972,337973,337974,337975,337976,337977,337978,337979,337980,337981,337982,337983,337984,337985,337986,337987,337988,337989
195,19501,'H56S100F-80-F1',337990,337991,337992,337993,337994,337995,337996,337997,337998,337999,338000,338001,338002,338003,338004,338005,338006,338007,338008,338009,338010,338011,338012,338013,338014,338015,338016,338017,338018,338019,338020,338021,338022,338023,338024,338025,338026,338027,338028,338029,338030
195,19501,'H56S200F-80-F2',338031,338032,338033,338034,338035,338036,338037,338038,338039,338040,338041,338042,338043,338044,338045,338046,338047,338048,338049,338050,338051,338052,338053,338054,338055,338056,338057,338058,338059,338060,338061,338062,338063,338064,338065,338066,338067,338068,338069,338070,338071
195,19502,'H56S000A-80-A',338072,338073,338074,338075,338076,338077,338078,338079,338080,338081,338082,338083,338084,338085,338086,338087,338088,338089,338090,338091,338092,338093,338094,338095,338096,338097,338098,338099,338100,338101,338102,338103,338104,338105,338106,338107,338108,338109,338110,338111,338112,338113
195,19502,'H56S000I-80-I',338114,338115,338116,338117,338118,338119,338120,338121,338122,338123,338124,338125,338126,338127,338128,338129,338130,338131,338132,338133,338134,338135,338136,338137,338138,338139,338140,338141,338142,338143,338144,338145,338146,338147,338148,338149,338150,338151,338152,338153,338154
195,19502,'H56S000S-82-S',338155,338156,338157,338158,338159,338160,338161,338162,338163,338164,338165,338166,338167,338168,338169,338170,338171,338172,338173,338174,338175,338176,338177,338178,338179,338180,338181,338182,338183,338184,338185,338186,338187,338188,338189,338190,338191,338192,338193,338194,338195,338196,338197,338198,338199
195,19502,'H56S100F-80-F1',338200,338201,338202,338203,338204,338205,338206,338207,338208,338209,338210,338211,338212,338213,338214,338215,338216,338217,338218,338219,338220,338221,338222,338223,338224,338225,338226,338227,338228,338229,338230,338231,338232,338233,338234,338235,338236,338237,338238,338239,338240
195,19502,'H56S200F-80-F2',338241,338242,338243,338244,338245,338246,338247,338248,338249,338250,338251,338252,338253,338254,338255,338256,338257,338258,338259,338260,338261,338262,338263,338264,338265,338266,338267,338268,338269,338270,338271,338272,338273,338274,338275,338276,338277,338278,338279,338280,338281
196,19603,'H56S000S-82-S',338282
196,19603,'H58S000S-83-S',338283
196,19603,'H60S000S-83-S',338284,338285,338286,338287,338288,338289,338290,338291,338292,338293,338294,338295,338296,338297,338298,338299,338300,338301,338302,338303,338304,338305,338306,338307,338308,338309,338310,338311,338312,338313,338314,338315,338316,338317,338318,338319,338320,338321,338322,338323,338324,338325,338326,338327,338328,338329,338330,338331,338332,338333,338334,338335,338336,338337,338338,338339,338340,338341,338342,338343,338344,338345,338346,338347,338348,338349,338350,338351
196,19603,'H60S100F-80-F1',338352,338353,338354,338355,338356,338357,338358,338359,338360,338361,338362,338363,338364,338365,338366,338367,338368,338369,338370,338371,338372,338373,338374,338375,338376,338377,338378,338379,338380,338381,338382,338383,338384,338385,338386,338387,338388,338389,338390,338391,338392,338393,338394,338395,338396
196,19603,'H60S200F-80-F2',338397,338398,338399,338400,338401,338402,338403,338404,338405,338406,338407,338408,338409,338410,338411,338412,338413,338414,338415,338416,338417,338418,338419,338420,338421,338422,338423,338424,338425,338426,338427,338428,338429,338430,338431,338432,338433,338434,338435,338436,338437,338438,338439,338440,338441
196,19604,'H50S000S-82-S',338442
196,19604,'H56S000S-82-S',338443,338444,338445,338446
196,19604,'H60S000S-83-S',338447,338448,338449,338450,338451,338452,338453,338454,338455,338456,338457,338458,338459,338460,338461,338462,338463,338464,338465,338466,338467,338468,338469,338470,338471,338472,338473,338474,338475,338476,338477,338478,338479,338480,338481,338482,338483,338484,338485,338486,338487,338488,338489,338490,338491,338492,338493,338494
196,19604,'H60S100F-80-F1',338495,338496,338497,338498,338499,338500,338501,338502,338503,338504,338505,338506,338507,338508,338509,338510,338511,338512,338513,338514,338515,338516,338517,338518,338519,338520,338521,338522,338523
196,19604,'H60S200F-80-F2',338524,338525,338526,338527,338528,338529,338530,338531,338532,338533,338534,338535,338536,338537,338538,338539,338540,338541,338542,338543,338544,338545,338546,338547,338548,338549,338550,338551,338552
197,19701,'H50S000S-82-S',338553
197,19701,'H51S000A-80-A',338554,338555,338556,338557,338558,338559,338560,338561,338562,338563,338564,338565,338566,338567,338568,338569,338570,338571,338572,338573,338574,338575,338576,338577,338578,338579,338580,338581,338582,338583,338584,338585,338586,338587,338588,338589,338590,338591,338592,338593,338594,338595,338596,338597,338598,338599,338600,338601,338602,338603
197,19701,'H51S000I-80-I',338604,338605,338606,338607,338608,338609,338610,338611,338612,338613,338614,338615,338616,338617,338618,338619,338620,338621,338622,338623,338624,338625,338626,338627,338628,338629,338630,338631,338632,338633,338634,338635,338636,338637,338638,338639,338640,338641,338642,338643,338644,338645,338646,338647
197,19701,'H51S000S-81-S',338648,338649,338650,338651,338652,338653,338654,338655,338656,338657,338658,338659,338660,338661,338662,338663,338664,338665,338666,338667,338668,338669,338670,338671,338672,338673,338674,338675,338676,338677,338678,338679,338680,338681,338682,338683,338684,338685,338686,338687,338688,338689,338690,338691,338692,338693,338694,338695,338696,338697,338698,338699,338700,338701,338702,338703,338704,338705,338706,338707,338708,338709,338710,338711
197,19701,'H51S100F-80-F1',338712,338713,338714,338715,338716,338717,338718,338719,338720,338721,338722,338723,338724,338725,338726,338727,338728,338729,338730,338731,338732,338733,338734,338735,338736,338737,338738,338739,338740,338741,338742,338743,338744,338745,338746,338747,338748,338749,338750,338751,338752,338753,338754,338755
197,19701,'H51S200F-80-F2',338756,338757,338758,338759,338760,338761,338762,338763,338764,338765,338766,338767,338768,338769,338770,338771,338772,338773,338774,338775,338776,338777,338778,338779,338780,338781,338782,338783,338784,338785,338786,338787,338788,338789,338790,338791,338792,338793,338794,338795,338796,338797,338798,338799
197,19701,'H54S000S-80-S',338800
197,19701,'H57S000S-80-S',338801
197,19701,'H59S000S-80-S',338802,338803,338804
197,19702,'H51S000A-80-A',338805,338806,338807,338808,338809,338810,338811,338812,338813,338814,338815,338816,338817,338818,338819,338820,338821,338822,338823,338824,338825,338826,338827,338828,338829,338830,338831,338832,338833,338834,338835,338836,338837,338838,338839,338840,338841,338842,338843,338844,338845,338846,338847,338848,338849,338850,338851,338852,338853,338854
197,19702,'H51S000I-80-I',338855,338856,338857,338858,338859,338860,338861,338862,338863,338864,338865,338866,338867,338868,338869,338870,338871,338872,338873,338874,338875,338876,338877,338878,338879,338880,338881,338882,338883,338884,338885,338886,338887,338888,338889,338890,338891,338892,338893,338894,338895,338896
197,19702,'H51S000S-81-S',338897,338898,338899,338900,338901,338902,338903,338904,338905,338906,338907,338908,338909,338910,338911,338912,338913,338914,338915,338916,338917,338918,338919,338920,338921,338922,338923,338924,338925,338926,338927,338928,338929,338930,338931,338932,338933,338934,338935,338936,338937,338938,338939,338940,338941,338942,338943,338944,338945,338946,338947,338948,338949,338950,338951,338952,338953,338954,338955,338956,338957,338958,338959,338960,338961,338962,338963,338964,338965,338966
197,19702,'H51S100F-80-F1',338967,338968,338969,338970,338971,338972,338973,338974,338975,338976,338977,338978,338979,338980,338981,338982,338983,338984,338985,338986,338987,338988,338989,338990,338991,338992,338993,338994,338995,338996,338997,338998,338999,339000,339001,339002,339003,339004,339005,339006,339007,339008
197,19702,'H51S200F-80-F2',339009,339010,339011,339012,339013,339014,339015,339016,339017,339018,339019,339020,339021,339022,339023,339024,339025,339026,339027,339028,339029,339030,339031,339032,339033,339034,339035,339036,339037,339038,339039,339040,339041,339042,339043,339044,339045,339046,339047,339048,339049,339050
197,19702,'H57S000S-80-S',339051
197,19702,'H59S000S-80-S',339052,339053
198,19801,'H56S000A-80-A',339054,339055,339056,339057,339058,339059,339060,339061,339062,339063,339064,339065,339066,339067,339068,339069,339070,339071,339072,339073,339074,339075,339076,339077,339078,339079,339080,339081,339082,339083,339084,339085,339086,339087,339088,339089,339090,339091,339092,339093,339094
198,19801,'H56S000I-80-I',339095,339096,339097,339098,339099,339100,339101,339102,339103,339104,339105,339106,339107,339108,339109,339110,339111,339112,339113,339114,339115,339116,339117,339118,339119,339120,339121,339122,339123,339124,339125,339126,339127,339128,339129,339130,339131,339132,339133,339134,339135
198,19801,'H56S000S-82-S',339136,339137,339138,339139,339140,339141,339142,339143,339144,339145,339146,339147,339148,339149,339150,339151,339152,339153,339154,339155,339156,339157,339158,339159,339160,339161,339162,339163,339164,339165,339166,339167,339168,339169,339170,339171,339172,339173,339174,339175,339176,339177,339178,339179,339180,339181,339182
198,19801,'H56S100F-80-F1',339183,339184,339185,339186,339187,339188,339189,339190,339191,339192,339193,339194,339195,339196,339197,339198,339199,339200,339201,339202,339203,339204,339205,339206,339207,339208,339209,339210,339211,339212,339213,339214,339215,339216,339217,339218,339219,339220,339221,339222,339223
198,19801,'H56S200F-80-F2',339224,339225,339226,339227,339228,339229,339230,339231,339232,339233,339234,339235,339236,339237,339238,339239,339240,339241,339242,339243,339244,339245,339246,339247,339248,339249,339250,339251,339252,339253,339254,339255,339256,339257,339258,339259,339260,339261,339262,339263,339264
198,19802,'H56S000A-80-A',339265,339266,339267,339268,339269,339270,339271,339272,339273,339274,339275,339276,339277,339278,339279,339280,339281,339282,339283,339284,339285,339286,339287,339288,339289,339290,339291,339292,339293,339294,339295,339296,339297,339298,339299,339300,339301,339302,339303,339304,339305,339306,339307
198,19802,'H56S000I-80-I',339308,339309,339310,339311,339312,339313,339314,339315,339316,339317,339318,339319,339320,339321,339322,339323,339324,339325,339326,339327,339328,339329,339330,339331,339332,339333,339334,339335,339336,339337,339338,339339,339340,339341,339342,339343,339344,339345,339346,339347,339348
198,19802,'H56S000S-82-S',339349,339350,339351,339352,339353,339354,339355,339356,339357,339358,339359,339360,339361,339362,339363,339364,339365,339366,339367,339368,339369,339370,339371,339372,339373,339374,339375,339376,339377,339378,339379,339380,339381,339382,339383,339384,339385,339386,339387,339388,339389,339390,339391,339392
198,19802,'H56S100F-80-F1',339393,339394,339395,339396,339397,339398,339399,339400,339401,339402,339403,339404,339405,339406,339407,339408,339409,339410,339411,339412,339413,339414,339415,339416,339417,339418,339419,339420,339421,339422,339423,339424,339425,339426,339427,339428,339429,339430,339431,339432,339433
198,19802,'H56S200F-80-F2',339434,339435,339436,339437,339438,339439,339440,339441,339442,339443,339444,339445,339446,339447,339448,339449,339450,339451,339452,339453,339454,339455,339456,339457,339458,339459,339460,339461,339462,339463,339464,339465,339466,339467,339468,339469,339470,339471,339472,339473,339474
200,20001,'H56S000S-82-S',339475
200,20001,'H60S000A-80-A',339476,339477,339478,339479,339480,339481,339482,339483,339484,339485,339486,339487,339488,339489,339490,339491,339492,339493,339494,339495,339496,339497,339498,339499,339500,339501,339502,339503,339504,339505,339506
200,20001,'H60S000I-81-I',339507,339508,339509,339510,339511,339512,339513,339514,339515,339516,339517,339518,339519,339520,339521,339522,339523,339524,339525,339526,339527,339528,339529,339530,339531,339532,339533,339534
200,20001,'H60S000S-83-S',339535,339536,339537,339538,339539,339540,339541,339542,339543,339544,339545,339546,339547,339548,339549,339550,339551,339552,339553,339554,339555,339556,339557,339558,339559,339560,339561,339562,339563,339564,339565,339566,339567,339568,339569,339570,339571,339572,339573
200,20001,'H60S100F-80-F1',339574,339575,339576,339577,339578,339579,339580,339581,339582,339583,339584,339585,339586,339587,339588,339589,339590,339591,339592,339593,339594,339595,339596,339597,339598,339599,339600,339601
200,20001,'H60S200F-80-F2',339602,339603,339604,339605,339606,339607,339608,339609,339610,339611,339612,339613,339614,339615,339616,339617,339618,339619,339620,339621,339622,339623,339624,339625,339626,339627,339628,339629
200,20002,'H60S000A-80-A',339630,339631,339632,339633,339634,339635,339636,339637,339638,339639,339640,339641,339642,339643,339644,339645,339646,339647,339648,339649,339650,339651,339652,339653,339654,339655,339656,339657,339658,339659,339660
200,20002,'H60S000I-81-I',339661,339662,339663,339664,339665,339666,339667,339668,339669,339670,339671,339672,339673,339674,339675,339676,339677,339678,339679,339680,339681,339682,339683,339684,339685,339686,339687,339688,339689
200,20002,'H60S000S-83-S',339690,339691,339692,339693,339694,339695,339696,339697,339698,339699,339700,339701,339702,339703,339704,339705,339706,339707,339708,339709,339710,339711,339712,339713,339714,339715,339716,339717,339718,339719,339720,339721,339722,339723,339724,339725,339726,339727,339728,339729,339730,339731
200,20002,'H60S100F-80-F1',339732,339733,339734,339735,339736,339737,339738,339739,339740,339741,339742,339743,339744,339745,339746,339747,339748,339749,339750,339751,339752,339753,339754,339755,339756,339757,339758,339759,339760
200,20002,'H60S200F-80-F2',339761,339762,339763,339764,339765,339766,339767,339768,339769,339770,339771,339772,339773,339774,339775,339776,339777,339778,339779,339780,339781,339782,339783,339784,339785,339786,339787,339788,339789
201,20103,'H60S000A-80-A',339790,339791,339792,339793,339794,339795,339796,339797,339798,339799,339800,339801,339802,339803,339804,339805,339806,339807,339808,339809,339810,339811
201,20103,'H60S000I-81-I',339812,339813,339814,339815,339816,339817,339818,339819,339820,339821,339822,339823,339824,339825,339826,339827,339828,339829,339830,339831,339832,339833
201,20103,'H60S000S-83-S',339834,339835,339836,339837,339838,339839,339840,339841,339842,339843,339844,339845,339846,339847,339848,339849,339850,339851,339852,339853,339854,339855,339856,339857,339858,339859,339860,339861,339862,339863,339864,339865,339866
201,20103,'H60S100F-80-F1',339867,339868,339869,339870,339871,339872,339873,339874,339875,339876,339877,339878,339879,339880,339881,339882,339883,339884,339885,339886,339887,339888
201,20103,'H60S200F-80-F2',339889,339890,339891,339892,339893,339894,339895,339896,339897,339898,339899,339900,339901,339902,339903,339904,339905,339906,339907,339908,339909,339910
201,20104,'H60S000A-80-A',339911,339912,339913,339914,339915,339916,339917,339918,339919,339920,339921,339922,339923,339924,339925,339926,339927,339928,339929,339930,339931,339932
201,20104,'H60S000I-81-I',339933,339934,339935,339936,339937,339938,339939,339940,339941,339942,339943,339944,339945,339946,339947,339948,339949,339950,339951,339952,339953,339954
201,20104,'H60S000S-83-S',339955,339956,339957,339958,339959,339960,339961,339962,339963,339964,339965,339966,339967,339968,339969,339970,339971,339972,339973,339974,339975,339976,339977,339978,339979,339980,339981,339982,339983,339984,339985,339986,339987,339988
201,20104,'H60S100F-80-F1',339989,339990,339991,339992,339993,339994,339995,339996,339997,339998,339999,340000,340001,340002,340003,340004,340005,340006,340007,340008,340009,340010
201,20104,'H60S200F-80-F2',340011,340012,340013,340014,340015,340016,340017,340018,340019,340020,340021,340022,340023,340024,340025,340026,340027,340028,340029,340030,340031,340032
202,20201,'H50S000S-82-S',340033,340034,340035
202,20201,'H60S000A-80-A',340036,340037,340038,340039,340040,340041,340042,340043,340044,340045,340046,340047,340048,340049,340050,340051,340052,340053,340054,340055,340056,340057,340058,340059,340060,340061,340062,340063,340064,340065,340066,340067,340068,340069,340070,340071,340072,340073,340074,340075,340076,340077
202,20201,'H60S000I-81-I',340078,340079,340080,340081,340082,340083,340084,340085,340086,340087,340088,340089,340090,340091,340092,340093,340094,340095,340096,340097,340098,340099,340100,340101,340102,340103,340104,340105,340106,340107,340108,340109,340110,340111,340112
202,20201,'H60S000S-83-S',340113,340114,340115,340116,340117,340118,340119,340120,340121,340122,340123,340124,340125,340126,340127,340128,340129,340130,340131,340132,340133,340134,340135,340136,340137,340138,340139,340140,340141,340142,340143,340144,340145,340146,340147,340148,340149,340150,340151,340152,340153,340154,340155,340156,340157,340158
202,20201,'H60S100F-80-F1',340159,340160,340161,340162,340163,340164,340165,340166,340167,340168,340169,340170,340171,340172,340173,340174,340175,340176,340177,340178,340179,340180,340181,340182,340183,340184,340185,340186,340187,340188,340189,340190,340191,340192,340193
202,20201,'H60S200F-80-F2',340194,340195,340196,340197,340198,340199,340200,340201,340202,340203,340204,340205,340206,340207,340208,340209,340210,340211,340212,340213,340214,340215,340216,340217,340218,340219,340220,340221,340222,340223,340224,340225,340226,340227,340228
202,20202,'H60S000A-80-A',340229,340230,340231,340232,340233,340234,340235,340236,340237,340238,340239,340240,340241,340242,340243,340244,340245,340246,340247,340248,340249,340250,340251,340252,340253,340254,340255,340256,340257,340258,340259,340260,340261,340262,340263,340264,340265,340266,340267,340268,340269,340270
202,20202,'H60S000I-81-I',340271,340272,340273,340274,340275,340276,340277,340278,340279,340280,340281,340282,340283,340284,340285,340286,340287,340288,340289,340290,340291,340292,340293,340294,340295,340296,340297,340298,340299,340300,340301,340302,340303,340304,340305,340306,340307
202,20202,'H60S000S-83-S',340308,340309,340310,340311,340312,340313,340314,340315,340316,340317,340318,340319,340320,340321,340322,340323,340324,340325,340326,340327,340328,340329,340330,340331,340332,340333,340334,340335,340336,340337,340338,340339,340340,340341,340342,340343,340344,340345,340346,340347,340348,340349,340350,340351
202,20202,'H60S100F-80-F1',340352,340353,340354,340355,340356,340357,340358,340359,340360,340361,340362,340363,340364,340365,340366,340367,340368,340369,340370,340371,340372,340373,340374,340375,340376,340377,340378,340379,340380,340381,340382,340383,340384,340385,340386,340387,340388
202,20202,'H60S200F-80-F2',340389,340390,340391,340392,340393,340394,340395,340396,340397,340398,340399,340400,340401,340402,340403,340404,340405,340406,340407,340408,340409,340410,340411,340412,340413,340414,340415,340416,340417,340418,340419,340420,340421,340422,340423,340424,340425
203,20301,'H60S000A-80-A',340426,340427,340428,340429,340430,340431,340432,340433,340434,340435,340436,340437,340438,340439,340440,340441,340442,340443,340444,340445,340446,340447,340448,340449,340450,340451,340452,340453,340454,340455,340456,340457,340458,340459,340460,340461,340462
203,20301,'H60S000I-81-I',340463,340464,340465,340466,340467,340468,340469,340470,340471,340472,340473,340474,340475,340476,340477,340478,340479,340480,340481,340482,340483,340484,340485,340486,340487,340488,340489,340490,340491,340492,340493,340494,340495,340496,340497
203,20301,'H60S000S-83-S',340498,340499,340500,340501,340502,340503,340504,340505,340506,340507,340508,340509,340510,340511,340512,340513,340514,340515,340516,340517,340518,340519,340520,340521,340522,340523,340524,340525,340526,340527,340528,340529,340530,340531,340532,340533,340534
203,20301,'H60S100F-80-F1',340535,340536,340537,340538,340539,340540,340541,340542,340543,340544,340545,340546,340547,340548,340549,340550,340551,340552,340553,340554,340555,340556,340557,340558,340559,340560,340561,340562,340563,340564,340565,340566,340567,340568,340569
203,20301,'H60S200F-80-F2',340570,340571,340572,340573,340574,340575,340576,340577,340578,340579,340580,340581,340582,340583,340584,340585,340586,340587,340588,340589,340590,340591,340592,340593,340594,340595,340596,340597,340598,340599,340600,340601,340602,340603,340604
203,20302,'H60S000A-80-A',340605,340606,340607,340608,340609,340610,340611,340612,340613,340614,340615,340616,340617,340618,340619,340620,340621,340622,340623,340624,340625,340626,340627,340628,340629,340630,340631,340632,340633,340634,340635,340636,340637,340638,340639,340640
203,20302,'H60S000I-81-I',340641,340642,340643,340644,340645,340646,340647,340648,340649,340650,340651,340652,340653,340654,340655,340656,340657,340658,340659,340660,340661,340662,340663,340664,340665,340666,340667,340668,340669,340670,340671,340672,340673,340674
203,20302,'H60S000S-83-S',340675,340676,340677,340678,340679,340680,340681,340682,340683,340684,340685,340686,340687,340688,340689,340690,340691,340692,340693,340694,340695,340696,340697,340698,340699,340700,340701,340702,340703,340704,340705,340706,340707,340708,340709,340710,340711
203,20302,'H60S100F-80-F1',340712,340713,340714,340715,340716,340717,340718,340719,340720,340721,340722,340723,340724,340725,340726,340727,340728,340729,340730,340731,340732,340733,340734,340735,340736,340737,340738,340739,340740,340741,340742,340743,340744,340745
203,20302,'H60S200F-80-F2',340746,340747,340748,340749,340750,340751,340752,340753,340754,340755,340756,340757,340758,340759,340760,340761,340762,340763,340764,340765,340766,340767,340768,340769,340770,340771,340772,340773,340774,340775,340776,340777,340778,340779
204,20401,'H60S000A-80-A',340780,340781,340782,340783,340784,340785,340786,340787,340788,340789,340790,340791,340792,340793,340794,340795,340796,340797,340798,340799,340800,340801,340802,340803,340804,340805,340806,340807,340808,340809,340810,340811,340812,340813,340814,340815
204,20401,'H60S000I-81-I',340816,340817,340818,340819,340820,340821,340822,340823,340824,340825,340826,340827,340828,340829,340830,340831,340832,340833,340834,340835,340836,340837,340838,340839,340840,340841,340842,340843,340844,340845,340846,340847,340848,340849
204,20401,'H60S000S-83-S',340850,340851,340852,340853,340854,340855,340856,340857,340858,340859,340860,340861,340862,340863,340864,340865,340866,340867,340868,340869,340870,340871,340872,340873,340874,340875,340876,340877,340878,340879,340880,340881,340882,340883,340884,340885
204,20401,'H60S100F-80-F1',340886,340887,340888,340889,340890,340891,340892,340893,340894,340895,340896,340897,340898,340899,340900,340901,340902,340903,340904,340905,340906,340907,340908,340909,340910,340911,340912,340913,340914,340915,340916,340917,340918,340919
204,20401,'H60S200F-80-F2',340920,340921,340922,340923,340924,340925,340926,340927,340928,340929,340930,340931,340932,340933,340934,340935,340936,340937,340938,340939,340940,340941,340942,340943,340944,340945,340946,340947,340948,340949,340950,340951,340952,340953
204,20402,'H60S000A-80-A',340954,340955,340956,340957,340958,340959,340960,340961,340962,340963,340964,340965,340966,340967,340968,340969,340970,340971,340972,340973,340974,340975,340976,340977,340978,340979,340980,340981,340982,340983,340984,340985,340986,340987
204,20402,'H60S000I-81-I',340988,340989,340990,340991,340992,340993,340994,340995,340996,340997,340998,340999,341000,341001,341002,341003,341004,341005,341006,341007,341008,341009,341010,341011,341012,341013,341014,341015,341016,341017,341018,341019
204,20402,'H60S000S-83-S',341020,341021,341022,341023,341024,341025,341026,341027,341028,341029,341030,341031,341032,341033,341034,341035,341036,341037,341038,341039,341040,341041,341042,341043,341044,341045,341046,341047,341048,341049,341050,341051,341052,341053,341054
204,20402,'H60S100F-80-F1',341055,341056,341057,341058,341059,341060,341061,341062,341063,341064,341065,341066,341067,341068,341069,341070,341071,341072,341073,341074,341075,341076,341077,341078,341079,341080,341081,341082,341083,341084,341085,341086
204,20402,'H60S200F-80-F2',341087,341088,341089,341090,341091,341092,341093,341094,341095,341096,341097,341098,341099,341100,341101,341102,341103,341104,341105,341106,341107,341108,341109,341110,341111,341112,341113,341114,341115,341116,341117,341118
205,20501,'H60S000A-80-A',341119,341120,341121,341122,341123,341124,341125,341126,341127,341128,341129,341130,341131,341132,341133,341134,341135,341136,341137,341138,341139,341140,341141,341142,341143,341144,341145,341146,341147,341148,341149,341150,341151,341152,341153,341154,341155
205,20501,'H60S000I-81-I',341156,341157,341158,341159,341160,341161,341162,341163,341164,341165,341166,341167,341168,341169,341170,341171,341172,341173,341174,341175,341176,341177,341178,341179,341180,341181,341182,341183,341184,341185,341186,341187,341188,341189,341190,341191
205,20501,'H60S000S-83-S',341192,341193,341194,341195,341196,341197,341198,341199,341200,341201,341202,341203,341204,341205,341206,341207,341208,341209,341210,341211,341212,341213,341214,341215,341216,341217,341218,341219,341220,341221,341222,341223,341224,341225,341226,341227,341228,341229,341230
205,20501,'H60S100F-80-F1',341231,341232,341233,341234,341235,341236,341237,341238,341239,341240,341241,341242,341243,341244,341245,341246,341247,341248,341249,341250,341251,341252,341253,341254,341255,341256,341257,341258,341259,341260,341261,341262,341263,341264,341265,341266
205,20501,'H60S200F-80-F2',341267,341268,341269,341270,341271,341272,341273,341274,341275,341276,341277,341278,341279,341280,341281,341282,341283,341284,341285,341286,341287,341288,341289,341290,341291,341292,341293,341294,341295,341296,341297,341298,341299,341300,341301,341302
205,20502,'H60S000A-80-A',341303,341304,341305,341306,341307,341308,341309,341310,341311,341312,341313,341314,341315,341316,341317,341318,341319,341320,341321,341322,341323,341324,341325,341326,341327,341328,341329,341330,341331,341332,341333,341334,341335,341336,341337,341338,341339,341340
205,20502,'H60S000I-81-I',341341,341342,341343,341344,341345,341346,341347,341348,341349,341350,341351,341352,341353,341354,341355,341356,341357,341358,341359,341360,341361,341362,341363,341364,341365,341366,341367,341368,341369,341370,341371,341372,341373,341374,341375,341376,341377
205,20502,'H60S000S-83-S',341378,341379,341380,341381,341382,341383,341384,341385,341386,341387,341388,341389,341390,341391,341392,341393,341394,341395,341396,341397,341398,341399,341400,341401,341402,341403,341404,341405,341406,341407,341408,341409,341410,341411,341412,341413,341414,341415,341416,341417
205,20502,'H60S100F-80-F1',341418,341419,341420,341421,341422,341423,341424,341425,341426,341427,341428,341429,341430,341431,341432,341433,341434,341435,341436,341437,341438,341439,341440,341441,341442,341443,341444,341445,341446,341447,341448,341449,341450,341451,341452,341453,341454
205,20502,'H60S200F-80-F2',341455,341456,341457,341458,341459,341460,341461,341462,341463,341464,341465,341466,341467,341468,341469,341470,341471,341472,341473,341474,341475,341476,341477,341478,341479,341480,341481,341482,341483,341484,341485,341486,341487,341488,341489,341490,341491
206,20601,'H60S000A-80-A',341492,341493,341494,341495,341496,341497,341498,341499,341500,341501,341502,341503,341504,341505,341506,341507,341508,341509,341510,341511,341512,341513,341514,341515,341516,341517,341518,341519,341520,341521,341522,341523,341524,341525,341526
206,20601,'H60S000I-81-I',341527,341528,341529,341530,341531,341532,341533,341534,341535,341536,341537,341538,341539,341540,341541,341542,341543,341544,341545,341546,341547,341548,341549,341550,341551,341552,341553,341554,341555,341556,341557,341558,341559
206,20601,'H60S000S-83-S',341560,341561,341562,341563,341564,341565,341566,341567,341568,341569,341570,341571,341572,341573,341574,341575,341576,341577,341578,341579,341580,341581,341582,341583,341584,341585,341586,341587,341588,341589,341590,341591,341592,341593,341594
206,20601,'H60S100F-80-F1',341595,341596,341597,341598,341599,341600,341601,341602,341603,341604,341605,341606,341607,341608,341609,341610,341611,341612,341613,341614,341615,341616,341617,341618,341619,341620,341621,341622,341623,341624,341625,341626,341627
206,20601,'H60S200F-80-F2',341628,341629,341630,341631,341632,341633,341634,341635,341636,341637,341638,341639,341640,341641,341642,341643,341644,341645,341646,341647,341648,341649,341650,341651,341652,341653,341654,341655,341656,341657,341658,341659,341660
206,20602,'H60S000A-80-A',341661,341662,341663,341664,341665,341666,341667,341668,341669,341670,341671,341672,341673,341674,341675,341676,341677,341678,341679,341680,341681,341682,341683,341684,341685,341686,341687,341688,341689,341690,341691,341692,341693,341694
206,20602,'H60S000I-81-I',341695,341696,341697,341698,341699,341700,341701,341702,341703,341704,341705,341706,341707,341708,341709,341710,341711,341712,341713,341714,341715,341716,341717,341718,341719,341720,341721,341722,341723,341724,341725,341726
206,20602,'H60S000S-83-S',341727,341728,341729,341730,341731,341732,341733,341734,341735,341736,341737,341738,341739,341740,341741,341742,341743,341744,341745,341746,341747,341748,341749,341750,341751,341752,341753,341754,341755,341756,341757,341758,341759,341760
206,20602,'H60S100F-80-F1',341761,341762,341763,341764,341765,341766,341767,341768,341769,341770,341771,341772,341773,341774,341775,341776,341777,341778,341779,341780,341781,341782,341783,341784,341785,341786,341787,341788,341789,341790,341791,341792
206,20602,'H60S200F-80-F2',341793,341794,341795,341796,341797,341798,341799,341800,341801,341802,341803,341804,341805,341806,341807,341808,341809,341810,341811,341812,341813,341814,341815,341816,341817,341818,341819,341820,341821,341822,341823,341824
207,20703,'H60S000A-80-A',341825,341826,341827,341828,341829,341830,341831,341832,341833,341834,341835,341836,341837,341838,341839,341840,341841,341842,341843,341844,341845,341846,341847,341848,341849,341850,341851,341852,341853,341854,341855,341856,341857,341858,341859,341860,341861,341862
207,20703,'H60S000I-81-I',341863,341864,341865,341866,341867,341868,341869,341870,341871,341872,341873,341874,341875,341876,341877,341878,341879,341880,341881,341882,341883,341884,341885,341886,341887,341888,341889,341890,341891,341892,341893,341894,341895,341896
207,20703,'H60S000S-83-S',341897,341898,341899,341900,341901,341902,341903,341904,341905,341906,341907,341908,341909,341910,341911,341912,341913,341914,341915,341916,341917,341918,341919,341920,341921,341922,341923,341924,341925,341926,341927,341928,341929,341930,341931,341932,341933,341934,341935
207,20703,'H60S100F-80-F1',341936,341937,341938,341939,341940,341941,341942,341943,341944,341945,341946,341947,341948,341949,341950,341951,341952,341953,341954,341955,341956,341957,341958,341959,341960,341961,341962,341963,341964,341965,341966,341967,341968,341969
207,20703,'H60S200F-80-F2',341970,341971,341972,341973,341974,341975,341976,341977,341978,341979,341980,341981,341982,341983,341984,341985,341986,341987,341988,341989,341990,341991,341992,341993,341994,341995,341996,341997,341998,341999,342000,342001,342002,342003
207,20704,'H60S000A-80-A',342004,342005,342006,342007,342008,342009,342010,342011,342012,342013,342014,342015,342016,342017,342018,342019,342020,342021,342022,342023,342024,342025,342026,342027,342028,342029,342030,342031,342032,342033,342034,342035,342036,342037,342038,342039,342040
207,20704,'H60S000I-81-I',342041,342042,342043,342044,342045,342046,342047,342048,342049,342050,342051,342052,342053,342054,342055,342056,342057,342058,342059,342060,342061,342062,342063,342064,342065,342066,342067,342068,342069,342070,342071,342072,342073,342074
207,20704,'H60S000S-83-S',342075,342076,342077,342078,342079,342080,342081,342082,342083,342084,342085,342086,342087,342088,342089,342090,342091,342092,342093,342094,342095,342096,342097,342098,342099,342100,342101,342102,342103,342104,342105,342106,342107,342108,342109,342110,342111,342112,342113
207,20704,'H60S100F-80-F1',342114,342115,342116,342117,342118,342119,342120,342121,342122,342123,342124,342125,342126,342127,342128,342129,342130,342131,342132,342133,342134,342135,342136,342137,342138,342139,342140,342141,342142,342143,342144,342145,342146,342147
207,20704,'H60S200F-80-F2',342148,342149,342150,342151,342152,342153,342154,342155,342156,342157,342158,342159,342160,342161,342162,342163,342164,342165,342166,342167,342168,342169,342170,342171,342172,342173,342174,342175,342176,342177,342178,342179,342180,342181
208,20801,'H60S000A-80-A',342182,342183,342184,342185,342186,342187,342188,342189,342190,342191,342192,342193,342194,342195,342196,342197,342198,342199,342200,342201,342202,342203,342204,342205,342206,342207,342208,342209,342210,342211,342212,342213,342214,342215,342216,342217,342218
208,20801,'H60S000I-81-I',342219,342220,342221,342222,342223,342224,342225,342226,342227,342228,342229,342230,342231,342232,342233,342234,342235,342236,342237,342238,342239,342240,342241,342242,342243,342244,342245,342246,342247,342248,342249,342250,342251,342252,342253
208,20801,'H60S000S-83-S',342254,342255,342256,342257,342258,342259,342260,342261,342262,342263,342264,342265,342266,342267,342268,342269,342270,342271,342272,342273,342274,342275,342276,342277,342278,342279,342280,342281,342282,342283,342284,342285,342286,342287,342288,342289,342290,342291
208,20801,'H60S100F-80-F1',342292,342293,342294,342295,342296,342297,342298,342299,342300,342301,342302,342303,342304,342305,342306,342307,342308,342309,342310,342311,342312,342313,342314,342315,342316,342317,342318,342319,342320,342321,342322,342323,342324,342325,342326
208,20801,'H60S200F-80-F2',342327,342328,342329,342330,342331,342332,342333,342334,342335,342336,342337,342338,342339,342340,342341,342342,342343,342344,342345,342346,342347,342348,342349,342350,342351,342352,342353,342354,342355,342356,342357,342358,342359,342360,342361
208,20802,'H60S000A-80-A',342362,342363,342364,342365,342366,342367,342368,342369,342370,342371,342372,342373,342374,342375,342376,342377,342378,342379,342380,342381,342382,342383,342384,342385,342386,342387,342388,342389,342390,342391,342392,342393,342394,342395,342396,342397,342398
208,20802,'H60S000I-81-I',342399,342400,342401,342402,342403,342404,342405,342406,342407,342408,342409,342410,342411,342412,342413,342414,342415,342416,342417,342418,342419,342420,342421,342422,342423,342424,342425,342426,342427,342428,342429,342430,342431,342432
208,20802,'H60S000S-83-S',342433,342434,342435,342436,342437,342438,342439,342440,342441,342442,342443,342444,342445,342446,342447,342448,342449,342450,342451,342452,342453,342454,342455,342456,342457,342458,342459,342460,342461,342462,342463,342464,342465,342466,342467,342468,342469
208,20802,'H60S100F-80-F1',342470,342471,342472,342473,342474,342475,342476,342477,342478,342479,342480,342481,342482,342483,342484,342485,342486,342487,342488,342489,342490,342491,342492,342493,342494,342495,342496,342497,342498,342499,342500,342501,342502,342503
208,20802,'H60S200F-80-F2',342504,342505,342506,342507,342508,342509,342510,342511,342512,342513,342514,342515,342516,342517,342518,342519,342520,342521,342522,342523,342524,342525,342526,342527,342528,342529,342530,342531,342532,342533,342534,342535,342536,342537
209,20903,'H60S000A-80-A',342538,342539,342540,342541,342542,342543,342544,342545,342546,342547,342548,342549,342550,342551,342552,342553,342554,342555,342556,342557,342558,342559,342560,342561,342562,342563,342564,342565,342566,342567,342568,342569,342570,342571,342572,342573,342574,342575,342576,342577
209,20903,'H60S000I-81-I',342578,342579,342580,342581,342582,342583,342584,342585,342586,342587,342588,342589,342590,342591,342592,342593,342594,342595,342596,342597,342598,342599,342600,342601,342602,342603,342604,342605,342606,342607,342608,342609,342610,342611,342612,342613,342614,342615,342616,342617
209,20903,'H60S000S-83-S',342618,342619,342620,342621,342622,342623,342624,342625,342626,342627,342628,342629,342630,342631,342632,342633,342634,342635,342636,342637,342638,342639,342640,342641,342642,342643,342644,342645,342646,342647,342648,342649,342650,342651,342652,342653,342654,342655,342656,342657,342658,342659,342660,342661,342662,342663,342664
209,20903,'H60S100F-80-F1',342665,342666,342667,342668,342669,342670,342671,342672,342673,342674,342675,342676,342677,342678,342679,342680,342681,342682,342683,342684,342685,342686,342687,342688,342689,342690,342691,342692,342693,342694,342695,342696,342697,342698,342699,342700,342701,342702,342703,342704
209,20903,'H60S200F-80-F2',342705,342706,342707,342708,342709,342710,342711,342712,342713,342714,342715,342716,342717,342718,342719,342720,342721,342722,342723,342724,342725,342726,342727,342728,342729,342730,342731,342732,342733,342734,342735,342736,342737,342738,342739,342740,342741,342742,342743,342744
209,20904,'H60S000A-80-A',342745,342746,342747,342748,342749,342750,342751,342752,342753,342754,342755,342756,342757,342758,342759,342760,342761,342762,342763,342764,342765,342766,342767,342768,342769,342770,342771,342772,342773,342774,342775,342776,342777,342778,342779,342780,342781,342782,342783,342784
209,20904,'H60S000I-81-I',342785,342786,342787,342788,342789,342790,342791,342792,342793,342794,342795,342796,342797,342798,342799,342800,342801,342802,342803,342804,342805,342806,342807,342808,342809,342810,342811,342812,342813,342814,342815,342816,342817,342818,342819,342820,342821,342822,342823
209,20904,'H60S000S-83-S',342824,342825,342826,342827,342828,342829,342830,342831,342832,342833,342834,342835,342836,342837,342838,342839,342840,342841,342842,342843,342844,342845,342846,342847,342848,342849,342850,342851,342852,342853,342854,342855,342856,342857,342858,342859,342860,342861,342862,342863,342864,342865,342866,342867,342868,342869,342870,342871,342872
209,20904,'H60S100F-80-F1',342873,342874,342875,342876,342877,342878,342879,342880,342881,342882,342883,342884,342885,342886,342887,342888,342889,342890,342891,342892,342893,342894,342895,342896,342897,342898,342899,342900,342901,342902,342903,342904,342905,342906,342907,342908,342909,342910,342911
209,20904,'H60S200F-80-F2',342912,342913,342914,342915,342916,342917,342918,342919,342920,342921,342922,342923,342924,342925,342926,342927,342928,342929,342930,342931,342932,342933,342934,342935,342936,342937,342938,342939,342940,342941,342942,342943,342944,342945,342946,342947,342948,342949,342950
210,21001,'H60S000S-83-S',342951,342952,342953,342954,342955,342956,342957,342958,342959,342960,342961,342962,342963,342964,342965,342966,342967,342968,342969,342970,342971,342972,342973,342974,342975,342976,342977,342978,342979,342980,342981,342982,342983,342984,342985,342986,342987,342988,342989,342990,342991,342992,342993,342994,342995,342996,342997,342998,342999,343000,343001,343002,343003
210,21001,'H60S100F-80-F1',343004,343005,343006,343007,343008,343009,343010,343011,343012,343013,343014,343015,343016,343017,343018,343019,343020,343021,343022,343023,343024,343025,343026,343027
210,21001,'H60S200F-80-F2',343028,343029,343030,343031,343032,343033,343034,343035,343036,343037,343038,343039,343040,343041,343042,343043,343044,343045,343046,343047,343048,343049,343050,343051
210,21002,'H60S000S-83-S',343052,343053,343054,343055,343056,343057,343058,343059,343060,343061,343062,343063,343064,343065,343066,343067,343068,343069,343070,343071,343072,343073,343074,343075,343076,343077,343078,343079,343080,343081,343082,343083,343084,343085,343086,343087,343088,343089,343090,343091,343092,343093,343094,343095,343096,343097,343098,343099,343100,343101,343102,343103,343104,343105,343106,343107,343108,343109,343110
210,21002,'H60S100F-80-F1',343111,343112,343113,343114,343115,343116,343117,343118,343119,343120,343121,343122,343123,343124,343125,343126,343127,343128,343129,343130,343131,343132,343133,343134,343135
210,21002,'H60S200F-80-F2',343136,343137,343138,343139,343140,343141,343142,343143,343144,343145,343146,343147,343148,343149,343150,343151,343152,343153,343154,343155,343156,343157,343158,343159,343160
211,21101,'H50S000S-82-S',343161
211,21101,'H56S000A-80-A',343162,343163,343164,343165,343166,343167,343168,343169,343170,343171,343172,343173,343174,343175,343176,343177,343178,343179,343180,343181,343182,343183,343184,343185,343186,343187,343188,343189,343190,343191,343192,343193,343194,343195,343196,343197,343198,343199,343200,343201
211,21101,'H56S000I-80-I',343202,343203,343204,343205,343206,343207,343208,343209,343210,343211,343212,343213,343214,343215,343216,343217,343218,343219,343220,343221,343222,343223,343224,343225,343226,343227,343228,343229,343230,343231,343232,343233,343234,343235,343236,343237,343238
211,21101,'H56S000S-82-S',343239,343240,343241,343242,343243,343244,343245,343246,343247,343248,343249,343250,343251,343252,343253,343254,343255,343256,343257,343258,343259,343260,343261,343262,343263,343264,343265,343266,343267,343268,343269,343270,343271,343272,343273,343274,343275,343276,343277,343278,343279,343280,343281,343282,343283,343284,343285,343286,343287,343288,343289,343290,343291,343292,343293,343294,343295,343296,343297,343298,343299,343300,343301,343302
211,21101,'H56S100F-80-F1',343303,343304,343305,343306,343307,343308,343309,343310,343311,343312,343313,343314,343315,343316,343317,343318,343319,343320,343321,343322,343323,343324,343325,343326,343327,343328,343329,343330,343331,343332,343333,343334,343335,343336,343337,343338,343339
211,21101,'H56S200F-80-F2',343340,343341,343342,343343,343344,343345,343346,343347,343348,343349,343350,343351,343352,343353,343354,343355,343356,343357,343358,343359,343360,343361,343362,343363,343364,343365,343366,343367,343368,343369,343370,343371,343372,343373,343374,343375,343376
211,21102,'H56S000A-80-A',343377,343378,343379,343380,343381,343382,343383,343384,343385,343386,343387,343388,343389,343390,343391,343392,343393,343394,343395,343396,343397,343398,343399,343400,343401,343402,343403,343404,343405,343406,343407,343408,343409,343410,343411,343412,343413
211,21102,'H56S000I-80-I',343414,343415,343416,343417,343418,343419,343420,343421,343422,343423,343424,343425,343426,343427,343428,343429,343430,343431,343432,343433,343434,343435,343436,343437,343438,343439,343440,343441,343442,343443,343444,343445,343446,343447,343448,343449,343450
211,21102,'H56S000S-82-S',343451,343452,343453,343454,343455,343456,343457,343458,343459,343460,343461,343462,343463,343464,343465,343466,343467,343468,343469,343470,343471,343472,343473,343474,343475,343476,343477,343478,343479,343480,343481,343482,343483,343484,343485,343486,343487,343488,343489,343490,343491,343492,343493,343494,343495,343496,343497,343498,343499,343500,343501,343502,343503,343504,343505,343506,343507,343508,343509,343510,343511,343512,343513,343514,343515,343516,343517,343518,343519,343520,343521,343522,343523
211,21102,'H56S100F-80-F1',343524,343525,343526,343527,343528,343529,343530,343531,343532,343533,343534,343535,343536,343537,343538,343539,343540,343541,343542,343543,343544,343545,343546,343547,343548,343549,343550,343551,343552,343553,343554,343555,343556,343557,343558,343559,343560
211,21102,'H56S200F-80-F2',343561,343562,343563,343564,343565,343566,343567,343568,343569,343570,343571,343572,343573,343574,343575,343576,343577,343578,343579,343580,343581,343582,343583,343584,343585,343586,343587,343588,343589,343590,343591,343592,343593,343594,343595,343596,343597
212,21204,'H60S000A-80-A',343598,343599,343600,343601,343602,343603,343604,343605,343606,343607,343608,343609,343610,343611,343612,343613,343614,343615,343616,343617,343618,343619,343620,343621,343622,343623,343624,343625,343626,343627,343628,343629,343630,343631,343632,343633,343634,343635,343636,343637
212,21204,'H60S000I-81-I',343638,343639,343640,343641,343642,343643,343644,343645,343646,343647,343648,343649,343650,343651,343652,343653,343654,343655,343656,343657,343658,343659,343660,343661,343662,343663,343664,343665,343666,343667,343668,343669,343670,343671,343672,343673,343674
212,21204,'H60S000S-83-S',343675,343676,343677,343678,343679,343680,343681,343682,343683,343684,343685,343686,343687,343688,343689,343690,343691,343692,343693,343694,343695,343696,343697,343698,343699,343700,343701,343702,343703,343704,343705,343706,343707,343708,343709,343710,343711,343712,343713,343714,343715,343716,343717,343718,343719,343720,343721,343722,343723,343724,343725,343726,343727,343728,343729
212,21204,'H60S100F-80-F1',343730,343731,343732,343733,343734,343735,343736,343737,343738,343739,343740,343741,343742,343743,343744,343745,343746,343747,343748,343749,343750,343751,343752,343753,343754,343755,343756,343757,343758,343759,343760,343761,343762,343763,343764,343765,343766
212,21204,'H60S200F-80-F2',343767,343768,343769,343770,343771,343772,343773,343774,343775,343776,343777,343778,343779,343780,343781,343782,343783,343784,343785,343786,343787,343788,343789,343790,343791,343792,343793,343794,343795,343796,343797,343798,343799,343800,343801,343802,343803
214,21401,'H60S000A-80-A',343804,343805,343806,343807,343808,343809,343810,343811,343812,343813,343814,343815,343816,343817,343818,343819,343820,343821,343822,343823,343824,343825,343826,343827,343828,343829,343830,343831,343832,343833,343834,343835,343836,343837,343838,343839
214,21401,'H60S000I-81-I',343840,343841,343842,343843,343844,343845,343846,343847,343848,343849,343850,343851,343852,343853,343854,343855,343856,343857,343858,343859,343860,343861,343862,343863,343864,343865,343866,343867,343868,343869,343870,343871,343872,343873
214,21401,'H60S000S-83-S',343874,343875,343876,343877,343878,343879,343880,343881,343882,343883,343884,343885,343886,343887,343888,343889,343890,343891,343892,343893,343894,343895,343896,343897,343898,343899,343900,343901,343902,343903,343904,343905,343906,343907,343908,343909
214,21401,'H60S100F-80-F1',343910,343911,343912,343913,343914,343915,343916,343917,343918,343919,343920,343921,343922,343923,343924,343925,343926,343927,343928,343929,343930,343931,343932,343933,343934,343935,343936,343937,343938,343939,343940,343941,343942,343943
214,21401,'H60S200F-80-F2',343944,343945,343946,343947,343948,343949,343950,343951,343952,343953,343954,343955,343956,343957,343958,343959,343960,343961,343962,343963,343964,343965,343966,343967,343968,343969,343970,343971,343972,343973,343974,343975,343976,343977
214,21402,'H60S000A-80-A',343978,343979,343980,343981,343982,343983,343984,343985,343986,343987,343988,343989,343990,343991,343992,343993,343994,343995,343996,343997,343998,343999,344000,344001,344002,344003,344004,344005,344006,344007,344008,344009,344010,344011,344012,344013
214,21402,'H60S000I-81-I',344014,344015,344016,344017,344018,344019,344020,344021,344022,344023,344024,344025,344026,344027,344028,344029,344030,344031,344032,344033,344034,344035,344036,344037,344038,344039,344040,344041,344042,344043,344044,344045,344046
214,21402,'H60S000S-83-S',344047,344048,344049,344050,344051,344052,344053,344054,344055,344056,344057,344058,344059,344060,344061,344062,344063,344064,344065,344066,344067,344068,344069,344070,344071,344072,344073,344074,344075,344076,344077,344078,344079,344080,344081
214,21402,'H60S100F-80-F1',344082,344083,344084,344085,344086,344087,344088,344089,344090,344091,344092,344093,344094,344095,344096,344097,344098,344099,344100,344101,344102,344103,344104,344105,344106,344107,344108,344109,344110,344111,344112,344113,344114
214,21402,'H60S200F-80-F2',344115,344116,344117,344118,344119,344120,344121,344122,344123,344124,344125,344126,344127,344128,344129,344130,344131,344132,344133,344134,344135,344136,344137,344138,344139,344140,344141,344142,344143,344144,344145,344146,344147
215,21501,'H60S000A-80-A',344148,344149,344150,344151,344152,344153,344154,344155,344156,344157,344158,344159,344160,344161,344162,344163,344164,344165,344166,344167,344168,344169,344170,344171,344172,344173,344174,344175,344176,344177,344178,344179,344180,344181,344182,344183,344184,344185,344186,344187,344188,344189,344190,344191
215,21501,'H60S000I-81-I',344192,344193,344194,344195,344196,344197,344198,344199,344200,344201,344202,344203,344204,344205,344206,344207,344208,344209,344210,344211,344212,344213,344214,344215,344216,344217,344218,344219,344220,344221,344222,344223,344224,344225,344226,344227,344228,344229,344230,344231,344232
215,21501,'H60S000S-83-S',344233,344234,344235,344236,344237,344238,344239,344240,344241,344242,344243,344244,344245,344246,344247,344248,344249,344250,344251,344252,344253,344254,344255,344256,344257,344258,344259,344260,344261,344262,344263,344264,344265,344266,344267,344268,344269,344270,344271,344272,344273,344274,344275,344276,344277,344278,344279,344280,344281,344282,344283,344284
215,21501,'H60S100F-80-F1',344285,344286,344287,344288,344289,344290,344291,344292,344293,344294,344295,344296,344297,344298,344299,344300,344301,344302,344303,344304,344305,344306,344307,344308,344309,344310,344311,344312,344313,344314,344315,344316,344317,344318,344319,344320,344321,344322,344323,344324,344325
215,21501,'H60S200F-80-F2',344326,344327,344328,344329,344330,344331,344332,344333,344334,344335,344336,344337,344338,344339,344340,344341,344342,344343,344344,344345,344346,344347,344348,344349,344350,344351,344352,344353,344354,344355,344356,344357,344358,344359,344360,344361,344362,344363,344364,344365,344366
215,21502,'H60S000A-80-A',344367,344368,344369,344370,344371,344372,344373,344374,344375,344376,344377,344378,344379,344380,344381,344382,344383,344384,344385,344386,344387,344388,344389,344390,344391,344392,344393,344394,344395,344396,344397,344398,344399,344400,344401,344402,344403,344404,344405,344406,344407,344408,344409,344410,344411,344412,344413
215,21502,'H60S000I-81-I',344414,344415,344416,344417,344418,344419,344420,344421,344422,344423,344424,344425,344426,344427,344428,344429,344430,344431,344432,344433,344434,344435,344436,344437,344438,344439,344440,344441,344442,344443,344444,344445,344446,344447,344448,344449,344450,344451,344452,344453
215,21502,'H60S000S-83-S',344454,344455,344456,344457,344458,344459,344460,344461,344462,344463,344464,344465,344466,344467,344468,344469,344470,344471,344472,344473,344474,344475,344476,344477,344478,344479,344480,344481,344482,344483,344484,344485,344486,344487,344488,344489,344490,344491,344492,344493,344494,344495,344496,344497,344498,344499,344500
215,21502,'H60S100F-80-F1',344501,344502,344503,344504,344505,344506,344507,344508,344509,344510,344511,344512,344513,344514,344515,344516,344517,344518,344519,344520,344521,344522,344523,344524,344525,344526,344527,344528,344529,344530,344531,344532,344533,344534,344535,344536,344537,344538,344539,344540
215,21502,'H60S200F-80-F2',344541,344542,344543,344544,344545,344546,344547,344548,344549,344550,344551,344552,344553,344554,344555,344556,344557,344558,344559,344560,344561,344562,344563,344564,344565,344566,344567,344568,344569,344570,344571,344572,344573,344574,344575,344576,344577,344578,344579,344580
216,21601,'H60S000S-83-S',344581,344582,344583,344584,344585,344586,344587,344588,344589,344590,344591,344592,344593,344594,344595
216,21602,'H60S000S-83-S',344596,344597,344598,344599,344600,344601,344602,344603,344604,344605,344606,344607,344608,344609,344610,344611,344612,344613
218,21801,'H60S000A-80-A',344614,344615,344616,344617,344618,344619,344620,344621,344622,344623,344624,344625,344626,344627,344628,344629,344630,344631,344632,344633,344634,344635,344636,344637,344638,344639,344640,344641,344642,344643,344644,344645,344646,344647,344648
218,21801,'H60S000I-81-I',344649,344650,344651,344652,344653,344654,344655,344656,344657,344658,344659,344660,344661,344662,344663,344664,344665,344666,344667,344668,344669,344670,344671,344672,344673,344674,344675,344676,344677,344678,344679,344680,344681,344682,344683
218,21801,'H60S000S-83-S',344684,344685,344686,344687,344688,344689,344690,344691,344692,344693,344694,344695,344696,344697,344698,344699,344700,344701,344702,344703,344704,344705,344706,344707,344708,344709,344710,344711,344712,344713,344714,344715,344716,344717,344718,344719,344720,344721,344722,344723,344724,344725,344726,344727,344728
218,21801,'H60S100F-80-F1',344729,344730,344731,344732,344733,344734,344735,344736,344737,344738,344739,344740,344741,344742,344743,344744,344745,344746,344747,344748,344749,344750,344751,344752,344753,344754,344755,344756,344757,344758,344759,344760,344761,344762,344763
218,21801,'H60S200F-80-F2',344764,344765,344766,344767,344768,344769,344770,344771,344772,344773,344774,344775,344776,344777,344778,344779,344780,344781,344782,344783,344784,344785,344786,344787,344788,344789,344790,344791,344792,344793,344794,344795,344796,344797,344798
218,21802,'H60S000A-80-A',344799,344800,344801,344802,344803,344804,344805,344806,344807,344808,344809,344810,344811,344812,344813,344814,344815,344816,344817,344818,344819,344820,344821,344822,344823,344824,344825,344826,344827,344828,344829,344830,344831,344832,344833
218,21802,'H60S000I-81-I',344834,344835,344836,344837,344838,344839,344840,344841,344842,344843,344844,344845,344846,344847,344848,344849,344850,344851,344852,344853,344854,344855,344856,344857,344858,344859,344860,344861,344862,344863,344864,344865,344866,344867,344868
218,21802,'H60S000S-83-S',344869,344870,344871,344872,344873,344874,344875,344876,344877,344878,344879,344880,344881,344882,344883,344884,344885,344886,344887,344888,344889,344890,344891,344892,344893,344894,344895,344896,344897,344898,344899,344900,344901,344902,344903,344904,344905,344906,344907,344908,344909,344910,344911,344912,344913
218,21802,'H60S100F-80-F1',344914,344915,344916,344917,344918,344919,344920,344921,344922,344923,344924,344925,344926,344927,344928,344929,344930,344931,344932,344933,344934,344935,344936,344937,344938,344939,344940,344941,344942,344943,344944,344945,344946,344947,344948
218,21802,'H60S200F-80-F2',344949,344950,344951,344952,344953,344954,344955,344956,344957,344958,344959,344960,344961,344962,344963,344964,344965,344966,344967,344968,344969,344970,344971,344972,344973,344974,344975,344976,344977,344978,344979,344980,344981,344982,344983
220,22001,'H50S000S-82-S',344984,344985,344986
220,22001,'H60S000S-83-S',344987,344988,344989,344990,344991,344992,344993,344994,344995,344996,344997,344998,344999,345000,345001,345002,345003,345004
220,22002,'H50S000S-82-S',345005,345006,345007
220,22002,'H60S000S-83-S',345008,345009,345010,345011,345012,345013,345014,345015,345016,345017,345018,345019,345020,345021,345022
221,22103,'H60S000A-80-A',345023,345024,345025,345026,345027,345028,345029,345030,345031,345032,345033,345034,345035,345036,345037,345038,345039,345040,345041,345042,345043,345044
221,22103,'H60S000I-81-I',345045,345046,345047,345048,345049,345050,345051,345052,345053,345054,345055,345056,345057,345058,345059,345060,345061,345062,345063,345064,345065,345066
221,22103,'H60S000S-83-S',345067,345068,345069,345070,345071,345072,345073,345074,345075,345076,345077,345078,345079,345080,345081,345082,345083,345084,345085,345086,345087,345088,345089,345090,345091,345092,345093,345094,345095,345096,345097,345098,345099,345100,345101,345102,345103,345104,345105,345106,345107,345108
221,22103,'H60S100F-80-F1',345109,345110,345111,345112,345113,345114,345115,345116,345117,345118,345119,345120,345121,345122,345123,345124,345125,345126,345127,345128,345129,345130
221,22103,'H60S200F-80-F2',345131,345132,345133,345134,345135,345136,345137,345138,345139,345140,345141,345142,345143,345144,345145,345146,345147,345148,345149,345150,345151,345152
221,22104,'H60S000A-80-A',345153,345154,345155,345156,345157,345158,345159,345160,345161,345162,345163,345164,345165,345166,345167,345168,345169,345170,345171,345172,345173,345174
221,22104,'H60S000I-81-I',345175,345176,345177,345178,345179,345180,345181,345182,345183,345184,345185,345186,345187,345188,345189,345190,345191,345192,345193,345194,345195,345196
221,22104,'H60S000S-83-S',345197,345198,345199,345200,345201,345202,345203,345204,345205,345206,345207,345208,345209,345210,345211,345212,345213,345214,345215,345216,345217,345218,345219,345220,345221,345222,345223,345224,345225,345226,345227,345228,345229,345230,345231,345232,345233,345234,345235,345236,345237,345238,345239
221,22104,'H60S100F-80-F1',345240,345241,345242,345243,345244,345245,345246,345247,345248,345249,345250,345251,345252,345253,345254,345255,345256,345257,345258,345259,345260,345261
221,22104,'H60S200F-80-F2',345262,345263,345264,345265,345266,345267,345268,345269,345270,345271,345272,345273,345274,345275,345276,345277,345278,345279,345280,345281,345282,345283
222,22202,'H60S000S-83-S',345284,345285,345286,345287,345288,345289,345290,345291
222,22202,'H60S100F-80-F1',345292,345293,345294,345295,345296,345297,345298,345299
222,22202,'H60S200F-80-F2',345300,345301,345302,345303,345304,345305,345306,345307
223,22302,'H60S000S-83-S',345308,345309,345310,345311,345312,345313,345314,345315,345316,345317,345318,345319,345320,345321,345322,345323,345324,345325,345326,345327,345328,345329,345330,345331,345332
225,22501,'H58S000S-83-S',345333
225,22501,'H60S000S-83-S',345334,345335,345336,345337,345338,345339,345340,345341,345342,345343,345344,345345,345346,345347,345348,345349,345350,345351,345352,345353,345354,345355,345356,345357,345358,345359,345360
225,22501,'H60S100F-80-F1',345361,345362,345363,345364,345365,345366,345367,345368,345369,345370,345371,345372,345373,345374,345375,345376
225,22501,'H60S200F-80-F2',345377,345378,345379,345380,345381,345382,345383,345384,345385,345386,345387,345388,345389,345390,345391,345392
225,22502,'H50S000S-82-S',345393
225,22502,'H58S000S-83-S',345394
225,22502,'H60S000S-83-S',345395,345396,345397,345398,345399,345400,345401,345402,345403,345404,345405,345406,345407,345408,345409,345410,345411,345412,345413,345414,345415,345416,345417,345418,345419,345420,345421,345422,345423,345424,345425
225,22502,'H60S100F-80-F1',345426,345427,345428,345429,345430,345431,345432,345433,345434,345435,345436,345437,345438,345439,345440,345441,345442,345443,345444,345445,345446,345447
225,22502,'H60S200F-80-F2',345448,345449,345450,345451,345452,345453,345454,345455,345456,345457,345458,345459,345460,345461,345462,345463,345464,345465,345466,345467,345468,345469
227,22703,'H60S000S-83-S',345470,345471,345472,345473,345474,345475
227,22704,'H60S000S-83-S',345476,345477,345478,345479,345480
229,22901,'H60S000S-83-S',345481,345482,345483,345484,345485,345486,345487,345488,345489,345490,345491,345492,345493,345494,345495,345496,345497,345498,345499,345500,345501,345502,345503,345504,345505,345506,345507,345508,345509,345510,345511,345512,345513
229,22902,'H60S000S-83-S',345514,345515,345516,345517,345518,345519,345520,345521,345522,345523,345524,345525,345526,345527,345528,345529,345530,345531,345532,345533,345534,345535,345536,345537,345538,345539,345540,345541,345542,345543,345544,345545,345546,345547
230,23001,'H60S000A-80-A',345548,345549,345550,345551,345552,345553,345554,345555,345556,345557,345558,345559,345560,345561,345562,345563,345564,345565,345566,345567,345568,345569,345570,345571,345572,345573,345574,345575,345576,345577,345578,345579,345580,345581,345582,345583,345584,345585,345586
230,23001,'H60S000I-81-I',345587,345588,345589,345590,345591,345592,345593,345594,345595,345596,345597,345598,345599,345600,345601,345602,345603,345604,345605,345606,345607,345608,345609,345610,345611,345612,345613,345614,345615,345616,345617,345618,345619,345620,345621,345622,345623,345624,345625
230,23001,'H60S000S-83-S',345626,345627,345628,345629,345630,345631,345632,345633,345634,345635,345636,345637,345638,345639,345640,345641,345642,345643,345644,345645,345646,345647,345648,345649,345650,345651,345652,345653,345654,345655,345656,345657,345658,345659,345660,345661,345662,345663,345664,345665,345666,345667,345668,345669,345670,345671,345672,345673,345674,345675,345676,345677
230,23001,'H60S100F-80-F1',345678,345679,345680,345681,345682,345683,345684,345685,345686,345687,345688,345689,345690,345691,345692,345693,345694,345695,345696,345697,345698,345699,345700,345701,345702,345703,345704,345705,345706,345707,345708,345709,345710,345711,345712,345713,345714,345715,345716
230,23001,'H60S200F-80-F2',345717,345718,345719,345720,345721,345722,345723,345724,345725,345726,345727,345728,345729,345730,345731,345732,345733,345734,345735,345736,345737,345738,345739,345740,345741,345742,345743,345744,345745,345746,345747,345748,345749,345750,345751,345752,345753,345754,345755
230,23002,'H60S000A-80-A',345756,345757,345758,345759,345760,345761,345762,345763,345764,345765,345766,345767,345768,345769,345770,345771,345772,345773,345774,345775,345776,345777,345778,345779,345780,345781,345782,345783,345784,345785,345786,345787,345788,345789,345790,345791,345792,345793,345794
230,23002,'H60S000I-81-I',345795,345796,345797,345798,345799,345800,345801,345802,345803,345804,345805,345806,345807,345808,345809,345810,345811,345812,345813,345814,345815,345816,345817,345818,345819,345820,345821,345822,345823,345824,345825,345826,345827,345828,345829,345830,345831,345832,345833
230,23002,'H60S000S-83-S',345834,345835,345836,345837,345838,345839,345840,345841,345842,345843,345844,345845,345846,345847,345848,345849,345850,345851,345852,345853,345854,345855,345856,345857,345858,345859,345860,345861,345862,345863,345864,345865,345866,345867,345868,345869,345870,345871,345872,345873,345874,345875,345876,345877,345878,345879,345880,345881,345882,345883,345884
230,23002,'H60S100F-80-F1',345885,345886,345887,345888,345889,345890,345891,345892,345893,345894,345895,345896,345897,345898,345899,345900,345901,345902,345903,345904,345905,345906,345907,345908,345909,345910,345911,345912,345913,345914,345915,345916,345917,345918,345919,345920,345921,345922,345923
230,23002,'H60S200F-80-F2',345924,345925,345926,345927,345928,345929,345930,345931,345932,345933,345934,345935,345936,345937,345938,345939,345940,345941,345942,345943,345944,345945,345946,345947,345948,345949,345950,345951,345952,345953,345954,345955,345956,345957,345958,345959,345960,345961,345962
350,35001,'H56S000A-80-A',345963,345964,345965,345966,345967
350,35001,'H56S000I-80-I',345968,345969,345970,345971,345972
350,35001,'H56S000S-82-S',345973,345974,345975,345976,345977
350,35001,'H56S100F-80-F1',345978,345979,345980,345981,345982
350,35001,'H56S200F-80-F2',345983,345984,345985,345986,345987
350,35002,'H56S000A-80-A',345988,345989,345990,345991,345992,345993,345994,345995,345996,345997,345998,345999,346000,346001,346002
350,35002,'H56S000I-80-I',346003,346004,346005,346006,346007,346008,346009,346010
350,35002,'H56S000S-82-S',346011,346012,346013,346014,346015,346016
350,35002,'H56S100F-80-F1',346017,346018,346019,346020,346021,346022,346023,346024
350,35002,'H56S200F-80-F2',346025,346026,346027,346028,346029,346030,346031,346032
353,35301,'H54S000A-80-A',346033,346034,346035,346036
353,35301,'H54S000I-80-I',346037,346038,346039,346040,346041
353,35301,'H54S000S-80-S',346042,346043,346044,346045,346046
353,35301,'H54S100F-80-F1',346047,346048,346049,346050,346051
353,35301,'H54S200F-80-F2',346052,346053,346054,346055,346056
353,35302,'H54S000A-80-A',346057,346058,346059,346060,346061
353,35302,'H54S000I-80-I',346062,346063,346064,346065,346066
353,35302,'H54S000S-80-S',346067,346068,346069,346070,346071
353,35302,'H54S100F-80-F1',346072,346073,346074,346075,346076
353,35302,'H54S200F-80-F2',346077,346078,346079,346080,346081
354,35401,'H56S000A-80-A',346082,346083,346084,346085,346086
354,35401,'H56S000I-80-I',346087,346088,346089,346090,346091
354,35401,'H56S000S-82-S',346092,346093,346094,346095,346096
354,35401,'H56S100F-80-F1',346097,346098,346099,346100,346101
354,35401,'H56S200F-80-F2',346102,346103,346104,346105,346106
354,35402,'H56S000A-80-A',346107,346108,346109,346110,346111,346112
354,35402,'H56S000I-80-I',346113,346114,346115,346116,346117
354,35402,'H56S000S-82-S',346118,346119,346120,346121,346122
354,35402,'H56S100F-80-F1',346123,346124,346125,346126,346127
354,35402,'H56S200F-80-F2',346128,346129,346130,346131,346132
355,35503,'H54S000A-80-A',346133,346134,346135,346136,346137,346138,346139,346140
355,35503,'H54S000I-80-I',346141,346142,346143,346144,346145,346146
355,35503,'H54S000S-80-S',346147,346148,346149,346150,346151,346152
355,35503,'H54S100F-80-F1',346153,346154,346155,346156,346157,346158
355,35503,'H54S200F-80-F2',346159,346160,346161,346162,346163,346164
355,35504,'H54S000A-80-A',346165,346166,346167,346168,346169,346170
355,35504,'H54S000I-80-I',346171,346172,346173,346174,346175,346176
355,35504,'H54S000S-80-S',346177,346178,346179,346180,346181,346182
355,35504,'H54S100F-80-F1',346183,346184,346185,346186,346187,346188
355,35504,'H54S200F-80-F2',346189,346190,346191,346192,346193,346194
356,35601,'H56S000A-80-A',346195,346196,346197,346198,346199
356,35601,'H56S000I-80-I',346200,346201,346202,346203,346204,346205
356,35601,'H56S000S-82-S',346206,346207,346208,346209,346210,346211
356,35601,'H56S100F-80-F1',346212,346213,346214,346215,346216,346217
356,35601,'H56S200F-80-F2',346218,346219,346220,346221,346222,346223
356,35602,'H56S000A-80-A',346224,346225,346226,346227,346228,346229,346230,346231,346232,346233,346234,346235,346236,346237,346238
356,35602,'H56S000I-80-I',346239,346240,346241,346242,346243
356,35602,'H56S000S-82-S',346244,346245,346246,346247,346248,346249,346250
356,35602,'H56S100F-80-F1',346251,346252,346253,346254,346255
356,35602,'H56S200F-80-F2',346256,346257,346258,346259,346260
357,35703,'H59S000A-80-A',346261,346262,346263
357,35703,'H59S000I-81-I',346264,346265,346266,346267
357,35703,'H59S000S-80-S',346268,346269,346270,346271
357,35703,'H59S100F-80-F1',346272,346273,346274,346275
357,35703,'H59S200F-80-F2',346276,346277,346278,346279
357,35704,'H59S000A-80-A',346280,346281,346282,346283,346284
357,35704,'H59S000I-81-I',346285,346286,346287,346288,346289,346290
357,35704,'H59S000S-80-S',346291,346292,346293,346294,346295,346296
357,35704,'H59S100F-80-F1',346297,346298,346299,346300,346301,346302
357,35704,'H59S200F-80-F2',346303,346304,346305,346306,346307,346308
358,35801,'H59S000A-80-A',346309,346310,346311,346312,346313,346314,346315,346316,346317,346318,346319,346320
358,35801,'H59S000I-81-I',346321,346322,346323,346324,346325,346326,346327,346328,346329,346330
358,35801,'H59S000S-80-S',346331,346332,346333,346334,346335,346336,346337,346338,346339,346340
358,35801,'H59S000S-80-SV',346341,346342,346343,346344,346345,346346
358,35801,'H59S100F-80-F1',346347,346348,346349,346350,346351,346352,346353,346354,346355,346356
358,35801,'H59S200F-80-F2',346357,346358,346359,346360,346361,346362,346363,346364,346365,346366
358,35802,'H59S000A-80-A',346367,346368,346369,346370,346371,346372,346373,346374,346375,346376
358,35802,'H59S000I-81-I',346377,346378,346379,346380,346381,346382,346383,346384,346385
358,35802,'H59S000S-80-S',346386,346387,346388,346389,346390,346391,346392,346393,346394
358,35802,'H59S000S-80-SV',346395,346396,346397,346398,346399,346400
358,35802,'H59S100F-80-F1',346401,346402,346403,346404,346405,346406,346407,346408,346409
358,35802,'H59S200F-80-F2',346410,346411,346412,346413,346414,346415,346416,346417,346418
359,35903,'H57S000A-80-A',346419,346420,346421,346422,346423,346424,346425
359,35903,'H57S000I-80-I',346426,346427,346428,346429,346430,346431,346432
359,35903,'H57S000S-80-S',346433,346434,346435,346436,346437,346438,346439
359,35903,'H57S100F-80-F1',346440,346441,346442,346443,346444,346445,346446
359,35903,'H57S200F-80-F2',346447,346448,346449,346450,346451,346452,346453
359,35904,'H57S000A-80-A',346454,346455,346456,346457,346458,346459
359,35904,'H57S000I-80-I',346460,346461,346462,346463,346464,346465,346466
359,35904,'H57S000S-80-S',346467,346468,346469,346470,346471,346472,346473
359,35904,'H57S100F-80-F1',346474,346475,346476,346477,346478,346479,346480
359,35904,'H57S200F-80-F2',346481,346482,346483,346484,346485,346486,346487
360,36001,'H56S000A-80-A',346488,346489,346490,346491,346492
360,36001,'H56S000I-80-I',346493,346494,346495,346496,346497
360,36001,'H56S000S-82-S',346498,346499,346500,346501,346502
360,36001,'H56S100F-80-F1',346503,346504,346505,346506,346507
360,36001,'H56S200F-80-F2',346508,346509,346510,346511,346512
360,36002,'H56S000A-80-A',346513,346514,346515,346516,346517
360,36002,'H56S000I-80-I',346518,346519,346520,346521,346522
360,36002,'H56S000S-82-S',346523,346524,346525,346526,346527
360,36002,'H56S100F-80-F1',346528,346529,346530,346531,346532
360,36002,'H56S200F-80-F2',346533,346534,346535,346536,346537
361,36103,'H51S000A-80-A',346538,346539,346540,346541,346542,346543,346544,346545,346546,346547,346548,346549,346550,346551,346552,346553,346554,346555,346556,346557,346558,346559,346560,346561,346562,346563,346564,346565,346566,346567,346568,346569,346570,346571
361,36103,'H51S000I-80-I',346572,346573,346574,346575,346576,346577,346578
361,36103,'H51S000S-81-S',346579,346580,346581,346582,346583,346584,346585,346586,346587,346588,346589,346590,346591,346592,346593,346594
361,36103,'H51S000S-81-SV',346595,346596,346597,346598,346599,346600,346601,346602,346603
361,36103,'H51S100F-80-F1',346604,346605,346606,346607,346608,346609,346610
361,36103,'H51S200F-80-F2',346611,346612,346613,346614,346615,346616,346617
361,36104,'H51S000A-80-A',346618,346619,346620,346621,346622,346623,346624,346625
361,36104,'H51S000I-80-I',346626,346627,346628,346629,346630,346631,346632
361,36104,'H51S000S-81-S',346633,346634,346635,346636,346637,346638,346639,346640,346641
361,36104,'H51S100F-80-F1',346642,346643,346644,346645,346646,346647,346648
361,36104,'H51S200F-80-F2',346649,346650,346651,346652,346653,346654,346655
362,36201,'H54S000A-80-A',346656,346657,346658,346659
362,36201,'H54S000I-80-I',346660,346661,346662,346663,346664
362,36201,'H54S000S-80-S',346665,346666,346667,346668,346669
362,36201,'H54S100F-80-F1',346670,346671,346672,346673,346674
362,36201,'H54S200F-80-F2',346675,346676,346677,346678,346679
362,36202,'H54S000A-80-A',346680,346681,346682,346683,346684
362,36202,'H54S000I-80-I',346685,346686,346687,346688,346689
362,36202,'H54S000S-80-S',346690,346691,346692,346693,346694
362,36202,'H54S100F-80-F1',346695,346696,346697,346698,346699
362,36202,'H54S200F-80-F2',346700,346701,346702,346703,346704
363,36303,'H51S000A-80-A',346705,346706,346707,346708,346709,346710,346711,346712,346713,346714,346715,346716,346717,346718,346719,346720,346721,346722,346723
363,36303,'H51S000I-80-I',346724,346725,346726,346727,346728,346729,346730
363,36303,'H51S000S-81-S',346731,346732,346733,346734,346735,346736,346737
363,36303,'H51S000S-81-SV',346738,346739,346740
363,36303,'H51S100F-80-F1',346741,346742,346743,346744,346745,346746,346747
363,36303,'H51S200F-80-F2',346748,346749,346750,346751,346752,346753,346754
363,36304,'H51S000A-80-A',346755,346756,346757,346758,346759
363,36304,'H51S000I-80-I',346760,346761,346762,346763,346764,346765
363,36304,'H51S000S-81-S',346766,346767,346768,346769,346770,346771
363,36304,'H51S100F-80-F1',346772,346773,346774,346775,346776,346777
363,36304,'H51S200F-80-F2',346778,346779,346780,346781,346782,346783
364,36401,'H54S000A-80-A',346784,346785,346786,346787,346788,346789
364,36401,'H54S000I-80-I',346790,346791,346792,346793,346794,346795
364,36401,'H54S000S-80-S',346796,346797,346798,346799,346800
364,36401,'H54S100F-80-F1',346801,346802,346803,346804,346805,346806
364,36401,'H54S200F-80-F2',346807,346808,346809,346810,346811,346812
364,36402,'H54S000A-80-A',346813,346814,346815,346816,346817,346818
364,36402,'H54S000I-80-I',346819,346820,346821,346822,346823
364,36402,'H54S000S-80-S',346824,346825,346826,346827,346828
364,36402,'H54S100F-80-F1',346829,346830,346831,346832,346833
364,36402,'H54S200F-80-F2',346834,346835,346836,346837,346838
365,36503,'H58S000A-80-A',346839,346840,346841,346842,346843,346844
365,36503,'H58S000I-80-I',346845,346846,346847,346848,346849,346850
365,36503,'H58S000S-83-S',346851,346852,346853,346854,346855,346856
365,36503,'H58S100F-80-F1',346857,346858,346859,346860,346861,346862
365,36503,'H58S200F-80-F2',346863,346864,346865,346866,346867,346868
365,36504,'H58S000A-80-A',346869,346870,346871,346872,346873,346874,346875
365,36504,'H58S000I-80-I',346876,346877,346878,346879,346880,346881
365,36504,'H58S000S-83-S',346882,346883,346884,346885,346886,346887
365,36504,'H58S100F-80-F1',346888,346889,346890,346891,346892,346893
365,36504,'H58S200F-80-F2',346894,346895,346896,346897,346898,346899
368,36801,'H57S000A-80-A',346900,346901,346902,346903,346904
368,36801,'H57S000I-80-I',346905,346906,346907,346908,346909
368,36801,'H57S000S-80-S',346910,346911,346912,346913,346914
368,36801,'H57S100F-80-F1',346915,346916,346917,346918,346919
368,36801,'H57S200F-80-F2',346920,346921,346922,346923,346924
368,36802,'H57S000A-80-A',346925,346926,346927,346928,346929,346930,346931
368,36802,'H57S000I-80-I',346932,346933,346934,346935,346936
368,36802,'H57S000S-80-S',346937,346938,346939,346940,346941
368,36802,'H57S100F-80-F1',346942,346943,346944,346945,346946
368,36802,'H57S200F-80-F2',346947,346948,346949,346950,346951
369,36903,'H50S000A-82-A',346952,346953,346954,346955,346956,346957,346958,346959,346960,346961,346962,346963,346964
369,36903,'H50S000I-82-I',346965,346966,346967,346968,346969,346970
369,36903,'H50S000S-82-S',346971,346972,346973,346974,346975,346976,346977
369,36903,'H50S000S-82-SV',346978,346979,346980,346981
369,36903,'H50S100F-80-F1',346982,346983,346984,346985,346986,346987
369,36903,'H50S200F-80-F2',346988,346989,346990,346991,346992,346993
369,36904,'H50S000A-82-A',346994,346995,346996,346997,346998,346999,347000
369,36904,'H50S000I-82-I',347001,347002,347003,347004,347005,347006
369,36904,'H50S000S-82-S',347007,347008,347009,347010,347011,347012
369,36904,'H50S000S-82-SV',347013
369,36904,'H50S100F-80-F1',347014,347015,347016,347017,347018,347019
369,36904,'H50S200F-80-F2',347020,347021,347022,347023,347024,347025
370,37001,'H51S000A-80-A',347026,347027,347028,347029,347030
370,37001,'H51S000I-80-I',347031,347032,347033,347034,347035
370,37001,'H51S000S-81-S',347036,347037,347038,347039,347040
370,37001,'H51S100F-80-F1',347041,347042,347043,347044,347045
370,37001,'H51S200F-80-F2',347046,347047,347048,347049,347050
370,37002,'H51S000A-80-A',347051,347052,347053,347054,347055
370,37002,'H51S000I-80-I',347056,347057,347058,347059,347060,347061
370,37002,'H51S000S-81-S',347062,347063,347064,347065,347066,347067
370,37002,'H51S100F-80-F1',347068,347069,347070,347071,347072,347073
370,37002,'H51S200F-80-F2',347074,347075,347076,347077,347078,347079
371,37103,'H50S000A-82-A',347080,347081,347082,347083,347084,347085,347086
371,37103,'H50S000I-82-I',347087,347088,347089,347090,347091,347092,347093
371,37103,'H50S000S-82-S',347094,347095,347096,347097,347098,347099,347100
371,37103,'H50S100F-80-F1',347101,347102,347103,347104,347105,347106,347107
371,37103,'H50S200F-80-F2',347108,347109,347110,347111,347112,347113,347114
371,37104,'H50S000A-82-A',347115,347116,347117,347118,347119,347120,347121
371,37104,'H50S000I-82-I',347122,347123,347124,347125,347126,347127,347128
371,37104,'H50S000S-82-S',347129,347130,347131,347132,347133,347134,347135
371,37104,'H50S100F-80-F1',347136,347137,347138,347139,347140,347141,347142
371,37104,'H50S200F-80-F2',347143,347144,347145,347146,347147,347148,347149
372,37201,'H54S000A-80-A',347150,347151,347152,347153,347154,347155
372,37201,'H54S000I-80-I',347156,347157,347158,347159,347160,347161
372,37201,'H54S000S-80-S',347162,347163,347164,347165,347166,347167,347168
372,37201,'H54S100F-80-F1',347169,347170,347171,347172,347173,347174
372,37201,'H54S200F-80-F2',347175,347176,347177,347178,347179,347180
372,37202,'H54S000A-80-A',347181,347182,347183,347184,347185
372,37202,'H54S000I-80-I',347186,347187,347188,347189,347190
372,37202,'H54S000S-80-S',347191,347192,347193,347194,347195,347196
372,37202,'H54S100F-80-F1',347197,347198,347199,347200,347201
372,37202,'H54S200F-80-F2',347202,347203,347204,347205,347206
376,37601,'H60S000A-80-A',347207,347208,347209,347210,347211
376,37601,'H60S000I-81-I',347212,347213,347214,347215,347216
376,37601,'H60S000S-83-S',347217,347218,347219,347220,347221
376,37601,'H60S100F-80-F1',347222,347223,347224,347225,347226
376,37601,'H60S200F-80-F2',347227,347228,347229,347230,347231
376,37602,'H60S000A-80-A',347232,347233,347234,347235
376,37602,'H60S000I-81-I',347236,347237,347238,347239,347240
376,37602,'H60S000S-83-S',347241,347242,347243,347244,347245
376,37602,'H60S100F-80-F1',347246,347247,347248,347249,347250
376,37602,'H60S200F-80-F2',347251,347252,347253,347254,347255
378,37801,'H60S000A-80-A',347256,347257,347258,347259
378,37801,'H60S000I-81-I',347260,347261,347262,347263
378,37801,'H60S000S-83-S',347264,347265,347266,347267
378,37801,'H60S100F-80-F1',347268,347269,347270,347271
378,37801,'H60S200F-80-F2',347272,347273,347274,347275
378,37802,'H60S000A-80-A',347276,347277,347278
378,37802,'H60S000I-81-I',347279,347280,347281
378,37802,'H60S000S-83-S',347282,347283,347284
378,37802,'H60S100F-80-F1',347285,347286,347287
378,37802,'H60S200F-80-F2',347288,347289,347290
380,38001,'H50S000A-82-A',347291,347292,347293,347294,347295
380,38001,'H50S000I-82-I',347296,347297,347298,347299,347300
380,38001,'H50S000S-82-S',347301,347302,347303,347304,347305
380,38001,'H50S000S-82-SV',347306
380,38001,'H50S100F-80-F1',347307,347308,347309,347310,347311
380,38001,'H50S200F-80-F2',347312,347313,347314,347315,347316
380,38002,'H50S000A-82-A',347317,347318,347319,347320
380,38002,'H50S000I-82-I',347321,347322,347323,347324,347325,347326,347327
380,38002,'H50S000S-82-S',347328,347329,347330,347331,347332,347333
380,38002,'H50S100F-80-F1',347334,347335,347336,347337,347338,347339,347340
380,38002,'H50S200F-80-F2',347341,347342,347343,347344,347345,347346,347347
380,38002,'H54S000I-80-I',347348
380,38002,'H54S000S-80-S',347349,347350
380,38002,'H54S100F-80-F1',347351
380,38002,'H54S200F-80-F2',347352
382,38201,'H60S000A-80-A',347353,347354,347355,347356
382,38201,'H60S000I-81-I',347357,347358,347359,347360
382,38201,'H60S000S-83-S',347361,347362,347363,347364
382,38201,'H60S100F-80-F1',347365,347366,347367,347368
382,38201,'H60S200F-80-F2',347369,347370,347371,347372
382,38202,'H60S000A-80-A',347373,347374,347375,347376
382,38202,'H60S000I-81-I',347377,347378,347379,347380
382,38202,'H60S000S-83-S',347381,347382,347383,347384
382,38202,'H60S100F-80-F1',347385,347386,347387,347388
382,38202,'H60S200F-80-F2',347389,347390,347391,347392
410,41001,'H57S000S-80-S',347393,347394,347395,347396,347397,347398,347399,347400,347401,347402
410,41002,'H57S000S-80-S',347403,347404,347405,347406,347407,347408
410,41002,'H59S000S-80-S',347409,347410
411,41101,'H56S000A-80-A',347411,347412,347413,347414,347415,347416,347417,347418,347419,347420,347421,347422,347423,347424,347425,347426,347427,347428,347429,347430,347431,347432,347433,347434,347435,347436,347437,347438,347439,347440,347441,347442,347443,347444,347445,347446,347447,347448,347449
411,41101,'H56S000I-80-I',347450,347451,347452,347453,347454,347455,347456,347457,347458,347459,347460,347461,347462,347463,347464,347465,347466,347467,347468,347469,347470,347471,347472,347473,347474,347475,347476,347477,347478,347479,347480,347481,347482,347483,347484,347485,347486
411,41101,'H56S000S-82-S',347487,347488,347489,347490,347491,347492,347493,347494,347495,347496,347497,347498,347499,347500,347501,347502,347503,347504,347505,347506,347507,347508,347509,347510,347511,347512,347513,347514,347515,347516,347517,347518,347519,347520,347521,347522,347523,347524,347525,347526,347527,347528,347529,347530,347531,347532,347533,347534,347535,347536,347537,347538,347539,347540,347541,347542,347543
411,41101,'H56S100F-80-F1',347544,347545,347546,347547,347548,347549,347550,347551,347552,347553,347554,347555,347556,347557,347558,347559,347560,347561,347562,347563,347564,347565,347566,347567,347568,347569,347570,347571,347572,347573,347574,347575,347576,347577,347578,347579,347580
411,41101,'H56S200F-80-F2',347581,347582,347583,347584,347585,347586,347587,347588,347589,347590,347591,347592,347593,347594,347595,347596,347597,347598,347599,347600,347601,347602,347603,347604,347605,347606,347607,347608,347609,347610,347611,347612,347613,347614,347615,347616,347617
411,41101,'H60S000S-83-S',347618,347619
411,41102,'H56S000A-80-A',347620,347621,347622,347623,347624,347625,347626,347627,347628,347629,347630,347631,347632,347633,347634,347635,347636,347637,347638,347639,347640,347641,347642,347643,347644,347645,347646,347647,347648,347649,347650,347651,347652,347653,347654,347655,347656,347657,347658,347659,347660,347661,347662
411,41102,'H56S000I-80-I',347663,347664,347665,347666,347667,347668,347669,347670,347671,347672,347673,347674,347675,347676,347677,347678,347679,347680,347681,347682,347683,347684,347685,347686,347687,347688,347689,347690,347691,347692,347693,347694,347695,347696,347697,347698,347699,347700,347701,347702,347703
411,41102,'H56S000S-82-S',347704,347705,347706,347707,347708,347709,347710,347711,347712,347713,347714,347715,347716,347717,347718,347719,347720,347721,347722,347723,347724,347725,347726,347727,347728,347729,347730,347731,347732,347733,347734,347735,347736,347737,347738,347739,347740,347741,347742,347743,347744,347745,347746,347747,347748,347749,347750,347751,347752,347753,347754,347755,347756,347757,347758,347759,347760,347761,347762,347763
411,41102,'H56S100F-80-F1',347764,347765,347766,347767,347768,347769,347770,347771,347772,347773,347774,347775,347776,347777,347778,347779,347780,347781,347782,347783,347784,347785,347786,347787,347788,347789,347790,347791,347792,347793,347794,347795,347796,347797,347798,347799,347800,347801,347802,347803,347804
411,41102,'H56S200F-80-F2',347805,347806,347807,347808,347809,347810,347811,347812,347813,347814,347815,347816,347817,347818,347819,347820,347821,347822,347823,347824,347825,347826,347827,347828,347829,347830,347831,347832,347833,347834,347835,347836,347837,347838,347839,347840,347841,347842,347843,347844,347845
411,41102,'H60S000S-83-S',347846,347847
420,42001,'H56S000S-82-S',347848,347849,347850,347851,347852,347853,347854,347855,347856,347857,347858,347859,347860,347861
420,42002,'H56S000S-82-S',347862,347863,347864,347865,347866,347867,347868,347869,347870,347871,347872,347873,347874,347875,347876
428,42803,'H51S000S-81-S',347877
428,42803,'H54S000S-80-S',347878,347879,347880,347881
428,42803,'H57S000S-80-S',347882
428,42804,'H54S000S-80-S',347883,347884,347885,347886,347887,347888,347889,347890
428,42804,'H58S000S-83-S',347891
430,43001,'H57S000S-80-S',347892,347893,347894,347895,347896,347897,347898,347899,347900,347901,347902,347903,347904,347905
430,43002,'H57S000S-80-S',347906,347907,347908,347909,347910,347911,347912,347913,347914,347915,347916,347917,347918,347919
432,43203,'H54S000S-80-S',347920,347921,347922,347923,347924,347925,347926,347927,347928,347929,347930,347931,347932,347933,347934,347935,347936,347937,347938,347939,347940,347941,347942,347943,347944,347945,347946,347947,347948
432,43204,'H54S000S-80-S',347949,347950,347951,347952,347953,347954,347955,347956,347957,347958,347959,347960,347961,347962,347963,347964,347965,347966,347967,347968,347969,347970,347971,347972,347973,347974,347975,347976,347977,347978,347979,347980,347981,347982
439,43903,'H58S000A-80-A',347983,347984,347985,347986,347987,347988,347989,347990,347991,347992,347993,347994,347995,347996,347997,347998,347999,348000,348001,348002,348003,348004,348005,348006,348007,348008,348009,348010,348011,348012,348013,348014,348015,348016,348017,348018,348019,348020,348021,348022,348023,348024,348025,348026,348027,348028,348029,348030,348031,348032,348033,348034,348035,348036,348037,348038,348039,348040,348041,348042,348043,348044,348045,348046,348047,348048,348049,348050,348051,348052,348053,348054,348055,348056,348057,348058,348059,348060,348061,348062,348063,348064,348065,348066,348067,348068,348069,348070,348071,348072,348073,348074,348075
439,43903,'H58S000I-80-I',348076,348077,348078,348079,348080,348081,348082,348083,348084,348085,348086,348087,348088,348089,348090,348091,348092,348093,348094,348095,348096,348097,348098,348099,348100,348101,348102,348103,348104,348105,348106,348107,348108,348109,348110,348111,348112,348113,348114,348115,348116,348117,348118,348119,348120,348121,348122,348123,348124,348125,348126,348127,348128,348129,348130,348131,348132,348133,348134,348135,348136,348137,348138,348139,348140,348141,348142,348143,348144,348145,348146,348147,348148,348149,348150,348151,348152,348153,348154,348155,348156,348157,348158,348159,348160,348161,348162,348163,348164,348165,348166,348167
439,43903,'H58S000S-83-S',348168,348169,348170,348171,348172,348173,348174,348175,348176,348177,348178,348179,348180,348181,348182,348183,348184,348185,348186,348187,348188,348189,348190,348191,348192,348193,348194,348195,348196,348197,348198,348199,348200,348201,348202,348203,348204,348205,348206,348207,348208,348209,348210,348211,348212,348213,348214,348215,348216,348217,348218,348219,348220,348221,348222,348223,348224,348225,348226,348227,348228,348229,348230,348231,348232,348233,348234,348235,348236,348237,348238,348239,348240,348241,348242,348243,348244,348245,348246,348247,348248,348249,348250,348251,348252,348253,348254,348255,348256,348257,348258,348259,348260,348261,348262,348263,348264,348265,348266,348267,348268,348269,348270,348271,348272,348273,348274,348275,348276,348277,348278,348279,348280,348281,348282,348283,348284,348285,348286,348287,348288,348289,348290,348291,348292,348293,348294,348295,348296,348297,348298,348299,348300,348301,348302,348303,348304,348305,348306,348307,348308,348309,348310,348311,348312,348313,348314
439,43903,'H58S100F-80-F1',348315,348316,348317,348318,348319,348320,348321,348322,348323,348324,348325,348326,348327,348328,348329,348330,348331,348332,348333,348334,348335,348336,348337,348338,348339,348340,348341,348342,348343,348344,348345,348346,348347,348348,348349,348350,348351,348352,348353,348354,348355,348356,348357,348358,348359,348360,348361,348362,348363,348364,348365,348366,348367,348368,348369,348370,348371,348372,348373,348374,348375,348376,348377,348378,348379,348380,348381,348382,348383,348384,348385,348386,348387,348388,348389,348390,348391,348392,348393,348394,348395,348396,348397,348398,348399,348400,348401,348402,348403,348404,348405,348406
439,43903,'H58S200F-80-F2',348407,348408,348409,348410,348411,348412,348413,348414,348415,348416,348417,348418,348419,348420,348421,348422,348423,348424,348425,348426,348427,348428,348429,348430,348431,348432,348433,348434,348435,348436,348437,348438,348439,348440,348441,348442,348443,348444,348445,348446,348447,348448,348449,348450,348451,348452,348453,348454,348455,348456,348457,348458,348459,348460,348461,348462,348463,348464,348465,348466,348467,348468,348469,348470,348471,348472,348473,348474,348475,348476,348477,348478,348479,348480,348481,348482,348483,348484,348485,348486,348487,348488,348489,348490,348491,348492,348493,348494,348495,348496,348497,348498
439,43904,'H58S000A-80-A',348499,348500,348501,348502,348503,348504,348505,348506,348507,348508,348509,348510,348511,348512,348513,348514,348515,348516,348517,348518,348519,348520,348521,348522,348523,348524,348525,348526,348527,348528,348529,348530,348531,348532,348533,348534,348535,348536,348537,348538,348539,348540,348541,348542,348543,348544,348545,348546,348547,348548,348549,348550,348551,348552,348553,348554,348555,348556,348557,348558,348559,348560,348561,348562,348563,348564,348565,348566,348567,348568,348569,348570,348571,348572,348573,348574,348575,348576,348577,348578,348579,348580,348581,348582,348583,348584,348585,348586,348587,348588,348589,348590,348591,348592,348593,348594
439,43904,'H58S000I-80-I',348595,348596,348597,348598,348599,348600,348601,348602,348603,348604,348605,348606,348607,348608,348609,348610,348611,348612,348613,348614,348615,348616,348617,348618,348619,348620,348621,348622,348623,348624,348625,348626,348627,348628,348629,348630,348631,348632,348633,348634,348635,348636,348637,348638,348639,348640,348641,348642,348643,348644,348645,348646,348647,348648,348649,348650,348651,348652,348653,348654,348655,348656,348657,348658,348659,348660,348661,348662,348663,348664,348665,348666,348667,348668,348669,348670,348671,348672,348673,348674,348675,348676,348677,348678,348679,348680,348681,348682,348683,348684,348685,348686,348687,348688
439,43904,'H58S000S-83-S',348689,348690,348691,348692,348693,348694,348695,348696,348697,348698,348699,348700,348701,348702,348703,348704,348705,348706,348707,348708,348709,348710,348711,348712,348713,348714,348715,348716,348717,348718,348719,348720,348721,348722,348723,348724,348725,348726,348727,348728,348729,348730,348731,348732,348733,348734,348735,348736,348737,348738,348739,348740,348741,348742,348743,348744,348745,348746,348747,348748,348749,348750,348751,348752,348753,348754,348755,348756,348757,348758,348759,348760,348761,348762,348763,348764,348765,348766,348767,348768,348769,348770,348771,348772,348773,348774,348775,348776,348777,348778,348779,348780,348781,348782,348783,348784,348785,348786,348787,348788,348789,348790,348791,348792,348793,348794,348795,348796,348797,348798,348799,348800,348801,348802,348803,348804,348805,348806,348807,348808,348809,348810,348811,348812,348813,348814,348815,348816,348817,348818,348819,348820,348821,348822,348823,348824,348825,348826,348827,348828,348829,348830,348831,348832,348833,348834,348835,348836,348837
439,43904,'H58S100F-80-F1',348838,348839,348840,348841,348842,348843,348844,348845,348846,348847,348848,348849,348850,348851,348852,348853,348854,348855,348856,348857,348858,348859,348860,348861,348862,348863,348864,348865,348866,348867,348868,348869,348870,348871,348872,348873,348874,348875,348876,348877,348878,348879,348880,348881,348882,348883,348884,348885,348886,348887,348888,348889,348890,348891,348892,348893,348894,348895,348896,348897,348898,348899,348900,348901,348902,348903,348904,348905,348906,348907,348908,348909,348910,348911,348912,348913,348914,348915,348916,348917,348918,348919,348920,348921,348922,348923,348924,348925,348926,348927,348928,348929,348930,348931
439,43904,'H58S200F-80-F2',348932,348933,348934,348935,348936,348937,348938,348939,348940,348941,348942,348943,348944,348945,348946,348947,348948,348949,348950,348951,348952,348953,348954,348955,348956,348957,348958,348959,348960,348961,348962,348963,348964,348965,348966,348967,348968,348969,348970,348971,348972,348973,348974,348975,348976,348977,348978,348979,348980,348981,348982,348983,348984,348985,348986,348987,348988,348989,348990,348991,348992,348993,348994,348995,348996,348997,348998,348999,349000,349001,349002,349003,349004,349005,349006,349007,349008,349009,349010,349011,349012,349013,349014,349015,349016,349017,349018,349019,349020,349021,349022,349023,349024,349025
440,44001,'H58S000S-83-S',349026,349027,349028,349029,349030,349031,349032,349033,349034,349035,349036,349037,349038,349039,349040,349041,349042
440,44002,'H58S000S-83-S',349043,349044,349045,349046,349047,349048,349049,349050,349051,349052,349053,349054,349055,349056,349057,349058,349059,349060,349061
444,44403,'H54S000S-80-S',349062,349063,349064,349065,349066,349067,349068,349069,349070,349071,349072,349073,349074,349075,349076,349077,349078,349079,349080,349081,349082,349083,349084,349085,349086
444,44404,'H54S000S-80-S',349087,349088,349089,349090,349091,349092,349093,349094,349095,349096,349097,349098,349099,349100,349101,349102,349103,349104,349105,349106,349107,349108,349109,349110,349111,349112,349113
445,44501,'H51S000S-81-S',349114,349115,349116,349117,349118,349119
445,44501,'H59S000S-80-S',349120,349121,349122,349123
445,44502,'H51S000S-81-S',349124,349125,349126
445,44502,'H59S000S-80-S',349127,349128,349129,349130,349131,349132,349133,349134,349135,349136
448,44801,'H54S000S-80-S',349137,349138,349139,349140,349141,349142,349143,349144,349145,349146,349147,349148,349149,349150,349151,349152,349153,349154,349155
448,44802,'H54S000S-80-S',349156,349157,349158,349159,349160,349161,349162,349163,349164,349165,349166,349167,349168,349169,349170,349171,349172,349173,349174,349175,349176,349177
449,44903,'H54S000S-80-S',349178,349179,349180,349181,349182,349183,349184,349185,349186,349187,349188,349189,349190,349191,349192,349193,349194,349195,349196,349197,349198,349199,349200,349201,349202,349203,349204,349205,349206,349207,349208,349209,349210,349211,349212,349213,349214,349215,349216,349217,349218,349219,349220
449,44903,'H57S000S-80-S',349221
449,44904,'H51S000S-81-S',349222
449,44904,'H54S000S-80-S',349223,349224,349225,349226,349227,349228,349229,349230,349231,349232,349233,349234,349235,349236,349237,349238,349239,349240,349241,349242,349243,349244,349245,349246,349247,349248,349249,349250,349251,349252,349253,349254,349255,349256,349257,349258,349259,349260,349261,349262,349263,349264,349265,349266,349267,349268,349269,349270
449,44904,'H57S000S-80-S',349271
460,46001,'H50S000S-82-S',349272,349273
460,46001,'H58S000S-83-S',349274,349275,349276,349277,349278,349279,349280,349281,349282,349283,349284,349285,349286,349287,349288,349289,349290,349291,349292,349293,349294,349295,349296,349297,349298,349299,349300,349301,349302
460,46001,'H58S100F-80-F1',349303,349304,349305,349306,349307,349308,349309,349310,349311,349312,349313,349314,349315,349316,349317,349318,349319,349320,349321,349322,349323,349324
460,46001,'H58S200F-80-F2',349325,349326,349327,349328,349329,349330,349331,349332,349333,349334,349335,349336,349337,349338,349339,349340,349341,349342,349343,349344,349345,349346
460,46001,'H59S000S-80-S',349347
460,46001,'H60S000S-83-S',349348
460,46002,'H50S000S-82-S',349349,349350
460,46002,'H57S000S-80-S',349351,349352,349353,349354,349355,349356
460,46002,'H58S000S-83-S',349357,349358,349359,349360,349361,349362,349363,349364,349365,349366,349367,349368,349369,349370,349371,349372,349373,349374,349375,349376,349377,349378,349379,349380,349381,349382,349383,349384,349385,349386,349387,349388,349389,349390,349391,349392,349393,349394,349395,349396,349397,349398
460,46002,'H58S100F-80-F1',349399,349400,349401,349402,349403,349404,349405,349406,349407,349408,349409,349410,349411,349412,349413,349414,349415,349416,349417,349418,349419
460,46002,'H58S200F-80-F2',349420,349421,349422,349423,349424,349425,349426,349427,349428,349429,349430,349431,349432,349433,349434,349435,349436,349437,349438,349439,349440
460,46002,'H60S000S-83-S',349441
467,46703,'H58S000S-83-S',349442,349443,349444,349445,349446,349447,349448,349449,349450,349451,349452,349453,349454,349455,349456,349457,349458,349459,349460,349461,349462,349463,349464,349465,349466,349467,349468,349469,349470,349471,349472,349473,349474,349475
467,46704,'H58S000S-83-S',349476,349477,349478,349479,349480,349481,349482,349483,349484,349485,349486,349487,349488,349489,349490,349491,349492,349493,349494,349495,349496,349497,349498,349499,349500,349501,349502,349503,349504,349505
468,46801,'H50S000S-82-S',349506,349507,349508
468,46801,'H60S000A-80-A',349509,349510,349511,349512,349513,349514,349515,349516,349517,349518,349519,349520,349521,349522,349523,349524,349525,349526,349527,349528,349529,349530,349531,349532,349533,349534,349535,349536
468,46801,'H60S000I-81-I',349537,349538,349539,349540,349541,349542,349543,349544,349545,349546,349547,349548,349549,349550,349551,349552,349553,349554,349555,349556,349557,349558,349559,349560,349561,349562,349563,349564
468,46801,'H60S000S-83-S',349565,349566,349567,349568,349569,349570,349571,349572,349573,349574,349575,349576,349577,349578,349579,349580,349581,349582,349583,349584,349585,349586,349587,349588,349589,349590,349591,349592,349593,349594,349595,349596,349597,349598,349599,349600,349601,349602,349603,349604,349605,349606,349607,349608,349609,349610,349611,349612,349613,349614
468,46801,'H60S100F-80-F1',349615,349616,349617,349618,349619,349620,349621,349622,349623,349624,349625,349626,349627,349628,349629,349630,349631,349632,349633,349634,349635,349636,349637,349638,349639,349640,349641,349642
468,46801,'H60S200F-80-F2',349643,349644,349645,349646,349647,349648,349649,349650,349651,349652,349653,349654,349655,349656,349657,349658,349659,349660,349661,349662,349663,349664,349665,349666,349667,349668,349669,349670
468,46802,'H50S000S-82-S',349671
468,46802,'H60S000A-80-A',349672,349673,349674,349675,349676,349677,349678,349679,349680,349681,349682,349683,349684,349685,349686,349687,349688,349689,349690,349691,349692,349693,349694,349695,349696,349697,349698,349699
468,46802,'H60S000I-81-I',349700,349701,349702,349703,349704,349705,349706,349707,349708,349709,349710,349711,349712,349713,349714,349715,349716,349717,349718,349719,349720,349721,349722,349723,349724,349725,349726,349727
468,46802,'H60S000S-83-S',349728,349729,349730,349731,349732,349733,349734,349735,349736,349737,349738,349739,349740,349741,349742,349743,349744,349745,349746,349747,349748,349749,349750,349751,349752,349753,349754,349755,349756,349757,349758,349759,349760,349761,349762,349763,349764,349765,349766
468,46802,'H60S100F-80-F1',349767,349768,349769,349770,349771,349772,349773,349774,349775,349776,349777,349778,349779,349780,349781,349782,349783,349784,349785,349786,349787,349788,349789,349790,349791,349792,349793,349794
468,46802,'H60S200F-80-F2',349795,349796,349797,349798,349799,349800,349801,349802,349803,349804,349805,349806,349807,349808,349809,349810,349811,349812,349813,349814,349815,349816,349817,349818,349819,349820,349821,349822
469,46901,'H50S000S-82-S',349823
469,46901,'H54S000S-80-S',349824,349825
469,46901,'H58S000S-83-S',349826,349827,349828,349829,349830,349831,349832,349833,349834,349835,349836,349837,349838,349839,349840,349841,349842,349843,349844,349845,349846,349847,349848,349849,349850,349851,349852,349853,349854,349855,349856,349857,349858,349859,349860,349861,349862
469,46901,'H58S100F-80-F1',349863,349864,349865,349866,349867,349868,349869,349870,349871,349872,349873,349874,349875,349876,349877,349878,349879,349880
469,46901,'H58S200F-80-F2',349881,349882,349883,349884,349885,349886,349887,349888,349889,349890,349891,349892,349893,349894,349895,349896,349897,349898
469,46902,'H50S000S-82-S',349899,349900
469,46902,'H51S000S-81-S',349901,349902
469,46902,'H58S000S-83-S',349903,349904,349905,349906,349907,349908,349909,349910,349911,349912,349913,349914,349915,349916,349917,349918,349919,349920,349921,349922,349923,349924,349925,349926,349927,349928,349929,349930,349931,349932,349933,349934,349935,349936,349937,349938,349939,349940,349941,349942,349943,349944
469,46902,'H58S100F-80-F1',349945,349946,349947,349948,349949,349950,349951,349952,349953,349954,349955,349956,349957,349958,349959,349960,349961
469,46902,'H58S200F-80-F2',349962,349963,349964,349965,349966,349967,349968,349969,349970,349971,349972,349973,349974,349975,349976,349977,349978
470,47001,'H50S000A-82-A',349979,349980,349981,349982,349983,349984,349985,349986,349987,349988,349989,349990,349991,349992,349993,349994,349995,349996,349997,349998,349999,350000,350001,350002,350003,350004,350005,350006,350007,350008,350009,350010
470,47001,'H50S000I-82-I',350011,350012,350013,350014,350015,350016,350017,350018,350019,350020,350021,350022,350023,350024,350025,350026,350027,350028,350029,350030,350031,350032,350033,350034,350035,350036,350037,350038,350039,350040,350041,350042
470,47001,'H50S000S-82-S',350043,350044,350045,350046,350047,350048,350049,350050,350051,350052,350053,350054,350055,350056,350057,350058,350059,350060,350061,350062,350063,350064,350065,350066,350067,350068,350069,350070,350071,350072,350073,350074,350075,350076,350077,350078,350079,350080,350081,350082,350083,350084,350085,350086
470,47001,'H50S100F-80-F1',350087,350088,350089,350090,350091,350092,350093,350094,350095,350096,350097,350098,350099,350100,350101,350102,350103,350104,350105,350106,350107,350108,350109,350110,350111,350112,350113,350114,350115,350116,350117,350118
470,47001,'H50S200F-80-F2',350119,350120,350121,350122,350123,350124,350125,350126,350127,350128,350129,350130,350131,350132,350133,350134,350135,350136,350137,350138,350139,350140,350141,350142,350143,350144,350145,350146,350147,350148,350149,350150
470,47001,'H58S000S-83-S',350151
470,47001,'H60S000S-83-S',350152,350153,350154,350155,350156
470,47002,'H50S000A-82-A',350157,350158,350159,350160,350161,350162,350163,350164,350165,350166,350167,350168,350169,350170,350171,350172,350173,350174,350175,350176,350177,350178,350179,350180,350181,350182,350183,350184,350185,350186,350187,350188,350189
470,47002,'H50S000I-82-I',350190,350191,350192,350193,350194,350195,350196,350197,350198,350199,350200,350201,350202,350203,350204,350205,350206,350207,350208,350209,350210,350211,350212,350213,350214,350215,350216,350217,350218,350219,350220,350221,350222
470,47002,'H50S000S-82-S',350223,350224,350225,350226,350227,350228,350229,350230,350231,350232,350233,350234,350235,350236,350237,350238,350239,350240,350241,350242,350243,350244,350245,350246,350247,350248,350249,350250,350251,350252,350253,350254,350255,350256,350257,350258,350259,350260,350261,350262,350263,350264,350265,350266,350267,350268
470,47002,'H50S100F-80-F1',350269,350270,350271,350272,350273,350274,350275,350276,350277,350278,350279,350280,350281,350282,350283,350284,350285,350286,350287,350288,350289,350290,350291,350292,350293,350294,350295,350296,350297,350298,350299,350300,350301
470,47002,'H50S200F-80-F2',350302,350303,350304,350305,350306,350307,350308,350309,350310,350311,350312,350313,350314,350315,350316,350317,350318,350319,350320,350321,350322,350323,350324,350325,350326,350327,350328,350329,350330,350331,350332,350333,350334
470,47002,'H60S000S-83-S',350335,350336,350337,350338,350339,350340,350341
475,47501,'H60S000S-83-S',350342,350343,350344,350345,350346,350347,350348,350349,350350,350351,350352,350353,350354,350355,350356,350357
475,47502,'H60S000S-83-S',350358,350359,350360,350361,350362,350363,350364,350365,350366,350367,350368,350369,350370,350371
480,48003,'H50S000S-82-S',350372,350373,350374,350375,350376,350377,350378,350379,350380,350381,350382,350383
480,48003,'H57S000S-80-S',350384
480,48004,'H50S000S-82-S',350385,350386,350387,350388,350389,350390,350391,350392,350393,350394,350395,350396,350397
486,48601,'H51S000S-81-S',350398
486,48601,'H54S000S-80-S',350399,350400,350401,350402,350403,350404,350405,350406,350407,350408,350409,350410
486,48602,'H54S000S-80-S',350411,350412,350413,350414,350415,350416,350417,350418,350419,350420
486,48602,'H57S000S-80-S',350421,350422
487,48701,'H54S000S-80-S',350423,350424,350425,350426,350427,350428,350429,350430,350431,350432,350433,350434,350435,350436,350437,350438,350439,350440
487,48702,'H54S000S-80-S',350441,350442,350443,350444,350445,350446,350447,350448,350449,350450,350451,350452,350453,350454,350455,350456,350457,350458,350459,350460,350461,350462,350463,350464
491,49101,'H56S000S-82-S',350465,350466,350467,350468,350469,350470,350471,350472,350473,350474,350475,350476,350477,350478,350479,350480,350481,350482,350483,350484,350485,350486,350487,350488,350489,350490,350491,350492,350493,350494,350495,350496,350497,350498,350499,350500,350501,350502,350503
491,49102,'H56S000S-82-S',350504,350505,350506,350507,350508,350509,350510,350511,350512,350513,350514,350515,350516,350517,350518,350519,350520,350521,350522,350523,350524,350525,350526,350527,350528,350529,350530,350531,350532,350533,350534,350535,350536,350537,350538,350539,350540,350541,350542
496,49601,'H50S000S-82-S',350543
496,49601,'H56S000A-80-A',350544,350545,350546,350547,350548,350549,350550,350551,350552,350553,350554,350555,350556,350557,350558,350559,350560,350561,350562,350563,350564,350565,350566,350567,350568,350569,350570,350571,350572,350573,350574,350575,350576,350577,350578,350579,350580,350581,350582,350583,350584,350585,350586,350587,350588,350589
496,49601,'H56S000I-80-I',350590,350591,350592,350593,350594,350595,350596,350597,350598,350599,350600,350601,350602,350603,350604,350605,350606,350607,350608,350609,350610,350611,350612,350613,350614,350615,350616,350617,350618,350619,350620,350621,350622,350623,350624,350625,350626,350627,350628,350629,350630,350631,350632,350633
496,49601,'H56S000S-82-S',350634,350635,350636,350637,350638,350639,350640,350641,350642,350643,350644,350645,350646,350647,350648,350649,350650,350651,350652,350653,350654,350655,350656,350657,350658,350659,350660,350661,350662,350663,350664,350665,350666,350667,350668,350669,350670,350671,350672,350673,350674,350675,350676,350677,350678,350679,350680,350681,350682,350683,350684,350685,350686,350687,350688,350689,350690,350691,350692,350693,350694,350695,350696,350697,350698,350699,350700,350701,350702,350703,350704,350705
496,49601,'H56S100F-80-F1',350706,350707,350708,350709,350710,350711,350712,350713,350714,350715,350716,350717,350718,350719,350720,350721,350722,350723,350724,350725,350726,350727,350728,350729,350730,350731,350732,350733,350734,350735,350736,350737,350738,350739,350740,350741,350742,350743,350744,350745,350746,350747,350748,350749
496,49601,'H56S200F-80-F2',350750,350751,350752,350753,350754,350755,350756,350757,350758,350759,350760,350761,350762,350763,350764,350765,350766,350767,350768,350769,350770,350771,350772,350773,350774,350775,350776,350777,350778,350779,350780,350781,350782,350783,350784,350785,350786,350787,350788,350789,350790,350791,350792,350793
496,49602,'H50S000S-82-S',350794
496,49602,'H56S000A-80-A',350795,350796,350797,350798,350799,350800,350801,350802,350803,350804,350805,350806,350807,350808,350809,350810,350811,350812,350813,350814,350815,350816,350817,350818,350819,350820,350821,350822,350823,350824,350825,350826,350827,350828,350829,350830,350831,350832,350833,350834,350835,350836,350837,350838,350839,350840
496,49602,'H56S000I-80-I',350841,350842,350843,350844,350845,350846,350847,350848,350849,350850,350851,350852,350853,350854,350855,350856,350857,350858,350859,350860,350861,350862,350863,350864,350865,350866,350867,350868,350869,350870,350871,350872,350873,350874,350875,350876,350877,350878,350879,350880,350881,350882,350883,350884,350885
496,49602,'H56S000S-82-S',350886,350887,350888,350889,350890,350891,350892,350893,350894,350895,350896,350897,350898,350899,350900,350901,350902,350903,350904,350905,350906,350907,350908,350909,350910,350911,350912,350913,350914,350915,350916,350917,350918,350919,350920,350921,350922,350923,350924,350925,350926,350927,350928,350929,350930,350931,350932,350933,350934,350935,350936,350937,350938,350939,350940,350941,350942,350943,350944,350945,350946,350947,350948,350949,350950,350951,350952,350953,350954,350955,350956
496,49602,'H56S100F-80-F1',350957,350958,350959,350960,350961,350962,350963,350964,350965,350966,350967,350968,350969,350970,350971,350972,350973,350974,350975,350976,350977,350978,350979,350980,350981,350982,350983,350984,350985,350986,350987,350988,350989,350990,350991,350992,350993,350994,350995,350996,350997,350998,350999,351000,351001
496,49602,'H56S200F-80-F2',351002,351003,351004,351005,351006,351007,351008,351009,351010,351011,351012,351013,351014,351015,351016,351017,351018,351019,351020,351021,351022,351023,351024,351025,351026,351027,351028,351029,351030,351031,351032,351033,351034,351035,351036,351037,351038,351039,351040,351041,351042,351043,351044,351045,351046
711,71101,'H50S000A-82-A',351047,351048,351049,351050,351051,351052,351053,351054,351055,351056,351057,351058,351059,351060,351061,351062,351063,351064,351065,351066,351067,351068,351069,351070,351071
711,71101,'H50S000I-82-I',351072,351073,351074,351075,351076,351077,351078,351079,351080,351081,351082,351083,351084,351085,351086,351087,351088,351089,351090,351091,351092,351093,351094,351095,351096
711,71101,'H50S100F-80-F1',351097,351098,351099,351100,351101,351102,351103,351104,351105,351106,351107,351108,351109,351110,351111,351112,351113,351114,351115,351116,351117,351118,351119,351120,351121
711,71101,'H50S200F-80-F2',351122,351123,351124,351125,351126,351127,351128,351129,351130,351131,351132,351133,351134,351135,351136,351137,351138,351139,351140,351141,351142,351143,351144,351145,351146
711,71102,'H50S000A-82-A',351147,351148,351149,351150,351151,351152,351153,351154,351155,351156,351157,351158,351159,351160,351161,351162,351163,351164,351165,351166,351167,351168,351169,351170,351171
711,71102,'H50S000I-82-I',351172,351173,351174,351175,351176,351177,351178,351179,351180,351181,351182,351183,351184,351185,351186,351187,351188,351189,351190,351191,351192,351193,351194,351195,351196
711,71102,'H50S100F-80-F1',351197,351198,351199,351200,351201,351202,351203,351204,351205,351206,351207,351208,351209,351210,351211,351212,351213,351214,351215,351216,351217,351218,351219,351220,351221
711,71102,'H50S200F-80-F2',351222,351223,351224,351225,351226,351227,351228,351229,351230,351231,351232,351233,351234,351235,351236,351237,351238,351239,351240,351241,351242,351243,351244,351245,351246
747,74701,'H50S000A-82-A',351247,351248,351249,351250,351251,351252,351253,351254,351255,351256,351257,351258,351259,351260,351261,351262,351263,351264,351265,351266,351267,351268,351269,351270,351271,351272,351273,351274,351275,351276,351277,351278,351279,351280,351281,351282,351283,351284,351285,351286,351287,351288,351289,351290,351291,351292,351293,351294,351295,351296,351297,351298,351299,351300,351301,351302,351303,351304,351305,351306,351307,351308,351309,351310,351311,351312,351313,351314,351315,351316,351317,351318,351319,351320,351321,351322,351323,351324,351325,351326,351327,351328,351329,351330,351331,351332,351333,351334,351335,351336,351337,351338,351339,351340,351341,351342,351343,351344,351345,351346,351347,351348,351349,351350,351351,351352,351353,351354,351355,351356,351357,351358,351359,351360,351361,351362,351363,351364,351365,351366,351367,351368,351369,351370,351371,351372,351373,351374,351375,351376,351377,351378,351379,351380,351381,351382
747,74701,'H50S000I-82-I',351383,351384,351385,351386,351387,351388,351389,351390,351391,351392,351393,351394,351395,351396,351397,351398,351399,351400,351401,351402,351403,351404,351405,351406,351407,351408,351409,351410,351411,351412,351413,351414,351415,351416,351417,351418,351419,351420,351421,351422,351423,351424,351425,351426,351427,351428,351429,351430,351431,351432,351433,351434,351435,351436,351437,351438,351439,351440,351441,351442,351443,351444,351445,351446,351447,351448,351449,351450,351451,351452,351453,351454,351455,351456,351457,351458,351459,351460,351461,351462,351463,351464,351465,351466,351467,351468,351469,351470,351471,351472,351473,351474,351475,351476,351477,351478,351479,351480,351481,351482,351483,351484,351485,351486,351487,351488,351489,351490,351491,351492,351493,351494,351495,351496,351497,351498,351499,351500,351501,351502,351503,351504,351505,351506,351507,351508,351509,351510,351511,351512,351513,351514,351515,351516,351517,351518
747,74701,'H50S000S-82-S',351519,351520,351521,351522,351523,351524,351525,351526,351527,351528,351529,351530,351531,351532,351533,351534,351535,351536,351537,351538,351539,351540,351541,351542,351543,351544,351545,351546,351547,351548,351549,351550,351551,351552,351553,351554,351555,351556,351557,351558,351559,351560,351561,351562,351563,351564,351565,351566,351567,351568,351569,351570,351571,351572,351573,351574,351575,351576,351577,351578,351579,351580,351581,351582,351583,351584,351585,351586,351587,351588,351589,351590,351591,351592,351593,351594,351595,351596,351597,351598,351599,351600,351601,351602,351603,351604,351605,351606,351607,351608,351609,351610,351611,351612,351613,351614,351615,351616,351617,351618,351619,351620,351621,351622,351623,351624,351625,351626,351627,351628,351629,351630,351631,351632,351633,351634,351635,351636,351637,351638,351639,351640,351641,351642,351643,351644,351645,351646,351647
747,74701,'H50S100F-80-F1',351648,351649,351650,351651,351652,351653,351654,351655,351656,351657,351658,351659,351660,351661,351662,351663,351664,351665,351666,351667,351668,351669,351670,351671,351672,351673,351674,351675,351676,351677,351678,351679,351680,351681,351682,351683,351684,351685,351686,351687,351688,351689,351690,351691,351692,351693,351694,351695,351696,351697,351698,351699,351700,351701,351702,351703,351704,351705,351706,351707,351708,351709,351710,351711,351712,351713,351714,351715,351716,351717,351718,351719,351720,351721,351722,351723,351724,351725,351726,351727,351728,351729,351730,351731,351732,351733,351734,351735,351736,351737,351738,351739,351740,351741,351742,351743,351744,351745,351746,351747,351748,351749,351750,351751,351752,351753,351754,351755,351756,351757,351758,351759,351760,351761,351762,351763,351764,351765,351766,351767,351768,351769,351770,351771,351772,351773,351774,351775,351776,351777,351778,351779,351780,351781,351782,351783
747,74701,'H50S200F-80-F2',351784,351785,351786,351787,351788,351789,351790,351791,351792,351793,351794,351795,351796,351797,351798,351799,351800,351801,351802,351803,351804,351805,351806,351807,351808,351809,351810,351811,351812,351813,351814,351815,351816,351817,351818,351819,351820,351821,351822,351823,351824,351825,351826,351827,351828,351829,351830,351831,351832,351833,351834,351835,351836,351837,351838,351839,351840,351841,351842,351843,351844,351845,351846,351847,351848,351849,351850,351851,351852,351853,351854,351855,351856,351857,351858,351859,351860,351861,351862,351863,351864,351865,351866,351867,351868,351869,351870,351871,351872,351873,351874,351875,351876,351877,351878,351879,351880,351881,351882,351883,351884,351885,351886,351887,351888,351889,351890,351891,351892,351893,351894,351895,351896,351897,351898,351899,351900,351901,351902,351903,351904,351905,351906,351907,351908,351909,351910,351911,351912,351913,351914,351915,351916,351917,351918,351919
747,74702,'H50S000A-82-A',351920,351921,351922,351923,351924,351925,351926,351927,351928,351929,351930,351931,351932,351933,351934,351935,351936,351937,351938,351939,351940,351941,351942,351943,351944,351945,351946,351947,351948,351949,351950,351951,351952,351953,351954,351955,351956,351957,351958,351959,351960,351961,351962,351963,351964,351965,351966,351967,351968,351969,351970,351971,351972,351973,351974,351975,351976,351977,351978,351979,351980,351981,351982,351983,351984,351985,351986,351987,351988,351989,351990,351991,351992,351993,351994,351995,351996,351997,351998,351999,352000,352001,352002,352003,352004,352005,352006,352007,352008,352009,352010,352011,352012,352013,352014,352015,352016,352017,352018,352019,352020,352021,352022,352023,352024,352025,352026,352027,352028,352029,352030,352031,352032,352033,352034,352035,352036,352037,352038,352039,352040,352041,352042,352043,352044,352045,352046,352047,352048,352049,352050,352051,352052,352053,352054,352055,352056,352057,352058,352059,352060
747,74702,'H50S000I-82-I',352061,352062,352063,352064,352065,352066,352067,352068,352069,352070,352071,352072,352073,352074,352075,352076,352077,352078,352079,352080,352081,352082,352083,352084,352085,352086,352087,352088,352089,352090,352091,352092,352093,352094,352095,352096,352097,352098,352099,352100,352101,352102,352103,352104,352105,352106,352107,352108,352109,352110,352111,352112,352113,352114,352115,352116,352117,352118,352119,352120,352121,352122,352123,352124,352125,352126,352127,352128,352129,352130,352131,352132,352133,352134,352135,352136,352137,352138,352139,352140,352141,352142,352143,352144,352145,352146,352147,352148,352149,352150,352151,352152,352153,352154,352155,352156,352157,352158,352159,352160,352161,352162,352163,352164,352165,352166,352167,352168,352169,352170,352171,352172,352173,352174,352175,352176,352177,352178,352179,352180,352181,352182,352183,352184,352185,352186,352187,352188,352189,352190,352191,352192,352193,352194,352195,352196,352197,352198,352199,352200,352201
747,74702,'H50S000S-82-S',352202,352203,352204,352205,352206,352207,352208,352209,352210,352211,352212,352213,352214,352215,352216,352217,352218,352219,352220,352221,352222,352223,352224,352225,352226,352227,352228,352229,352230,352231,352232,352233,352234,352235,352236,352237,352238,352239,352240,352241,352242,352243,352244,352245,352246,352247,352248,352249,352250,352251,352252,352253,352254,352255,352256,352257,352258,352259,352260,352261,352262,352263,352264,352265,352266,352267,352268,352269,352270,352271,352272,352273,352274,352275,352276,352277,352278,352279,352280,352281,352282,352283,352284,352285,352286,352287,352288,352289,352290,352291,352292,352293,352294,352295,352296,352297,352298,352299,352300,352301,352302,352303,352304,352305,352306,352307,352308,352309,352310,352311,352312,352313,352314,352315,352316,352317,352318,352319,352320,352321,352322,352323,352324,352325,352326,352327,352328,352329,352330,352331,352332,352333,352334,352335,352336,352337,352338
747,74702,'H50S100F-80-F1',352339,352340,352341,352342,352343,352344,352345,352346,352347,352348,352349,352350,352351,352352,352353,352354,352355,352356,352357,352358,352359,352360,352361,352362,352363,352364,352365,352366,352367,352368,352369,352370,352371,352372,352373,352374,352375,352376,352377,352378,352379,352380,352381,352382,352383,352384,352385,352386,352387,352388,352389,352390,352391,352392,352393,352394,352395,352396,352397,352398,352399,352400,352401,352402,352403,352404,352405,352406,352407,352408,352409,352410,352411,352412,352413,352414,352415,352416,352417,352418,352419,352420,352421,352422,352423,352424,352425,352426,352427,352428,352429,352430,352431,352432,352433,352434,352435,352436,352437,352438,352439,352440,352441,352442,352443,352444,352445,352446,352447,352448,352449,352450,352451,352452,352453,352454,352455,352456,352457,352458,352459,352460,352461,352462,352463,352464,352465,352466,352467,352468,352469,352470,352471,352472,352473,352474,352475,352476,352477,352478,352479
747,74702,'H50S200F-80-F2',352480,352481,352482,352483,352484,352485,352486,352487,352488,352489,352490,352491,352492,352493,352494,352495,352496,352497,352498,352499,352500,352501,352502,352503,352504,352505,352506,352507,352508,352509,352510,352511,352512,352513,352514,352515,352516,352517,352518,352519,352520,352521,352522,352523,352524,352525,352526,352527,352528,352529,352530,352531,352532,352533,352534,352535,352536,352537,352538,352539,352540,352541,352542,352543,352544,352545,352546,352547,352548,352549,352550,352551,352552,352553,352554,352555,352556,352557,352558,352559,352560,352561,352562,352563,352564,352565,352566,352567,352568,352569,352570,352571,352572,352573,352574,352575,352576,352577,352578,352579,352580,352581,352582,352583,352584,352585,352586,352587,352588,352589,352590,352591,352592,352593,352594,352595,352596,352597,352598,352599,352600,352601,352602,352603,352604,352605,352606,352607,352608,352609,352610,352611,352612,352613,352614,352615,352616,352617,352618,352619,352620
767,76701,'H59S000A-80-A',352621,352622,352623,352624,352625,352626,352627,352628,352629,352630,352631,352632,352633,352634,352635,352636,352637,352638,352639,352640,352641,352642,352643,352644,352645,352646,352647,352648,352649,352650,352651,352652,352653,352654,352655,352656,352657,352658,352659,352660,352661,352662,352663,352664,352665,352666,352667,352668,352669,352670,352671,352672,352673,352674,352675,352676,352677,352678,352679,352680,352681,352682,352683,352684,352685,352686,352687,352688,352689,352690,352691,352692,352693,352694,352695,352696,352697,352698,352699,352700,352701,352702,352703,352704,352705,352706,352707,352708,352709,352710,352711,352712,352713,352714,352715,352716,352717,352718,352719,352720,352721,352722,352723,352724
767,76701,'H59S000I-81-I',352725,352726,352727,352728,352729,352730,352731,352732,352733,352734,352735,352736,352737,352738,352739,352740,352741,352742,352743,352744,352745,352746,352747,352748,352749,352750,352751,352752,352753,352754,352755,352756,352757,352758,352759,352760,352761,352762,352763,352764,352765,352766,352767,352768,352769,352770,352771,352772,352773,352774,352775,352776,352777,352778,352779,352780,352781,352782,352783,352784,352785,352786,352787,352788,352789,352790,352791,352792,352793,352794,352795,352796,352797,352798,352799,352800,352801,352802,352803,352804,352805,352806,352807,352808,352809,352810,352811,352812,352813,352814,352815,352816,352817,352818,352819,352820,352821,352822,352823,352824,352825,352826,352827,352828
767,76701,'H59S100F-80-F1',352829,352830,352831,352832,352833,352834,352835,352836,352837,352838,352839,352840,352841,352842,352843,352844,352845,352846,352847,352848,352849,352850,352851,352852,352853,352854,352855,352856,352857,352858,352859,352860,352861,352862,352863,352864,352865,352866,352867,352868,352869,352870,352871,352872,352873,352874,352875,352876,352877,352878,352879,352880,352881,352882,352883,352884,352885,352886,352887,352888,352889,352890,352891,352892,352893,352894,352895,352896,352897,352898,352899,352900,352901,352902,352903,352904,352905,352906,352907,352908,352909,352910,352911,352912,352913,352914,352915,352916,352917,352918,352919,352920,352921,352922,352923,352924,352925,352926,352927,352928,352929,352930,352931,352932
767,76701,'H59S200F-80-F2',352933,352934,352935,352936,352937,352938,352939,352940,352941,352942,352943,352944,352945,352946,352947,352948,352949,352950,352951,352952,352953,352954,352955,352956,352957,352958,352959,352960,352961,352962,352963,352964,352965,352966,352967,352968,352969,352970,352971,352972,352973,352974,352975,352976,352977,352978,352979,352980,352981,352982,352983,352984,352985,352986,352987,352988,352989,352990,352991,352992,352993,352994,352995,352996,352997,352998,352999,353000,353001,353002,353003,353004,353005,353006,353007,353008,353009,353010,353011,353012,353013,353014,353015,353016,353017,353018,353019,353020,353021,353022,353023,353024,353025,353026,353027,353028,353029,353030,353031,353032,353033,353034,353035,353036
767,76702,'H59S000A-80-A',353037,353038,353039,353040,353041,353042,353043,353044,353045,353046,353047,353048,353049,353050,353051,353052,353053,353054,353055,353056,353057,353058,353059,353060,353061,353062,353063,353064,353065,353066,353067,353068,353069,353070,353071,353072,353073,353074,353075,353076,353077,353078,353079,353080,353081,353082,353083,353084,353085,353086,353087,353088,353089,353090,353091,353092,353093,353094,353095,353096,353097,353098,353099,353100,353101,353102,353103,353104,353105,353106,353107,353108,353109,353110,353111,353112,353113,353114,353115,353116,353117,353118,353119,353120,353121,353122,353123,353124,353125,353126,353127,353128,353129,353130,353131,353132,353133,353134,353135,353136,353137,353138,353139,353140
767,76702,'H59S000I-81-I',353141,353142,353143,353144,353145,353146,353147,353148,353149,353150,353151,353152,353153,353154,353155,353156,353157,353158,353159,353160,353161,353162,353163,353164,353165,353166,353167,353168,353169,353170,353171,353172,353173,353174,353175,353176,353177,353178,353179,353180,353181,353182,353183,353184,353185,353186,353187,353188,353189,353190,353191,353192,353193,353194,353195,353196,353197,353198,353199,353200,353201,353202,353203,353204,353205,353206,353207,353208,353209,353210,353211,353212,353213,353214,353215,353216,353217,353218,353219,353220,353221,353222,353223,353224,353225,353226,353227,353228,353229,353230,353231,353232,353233,353234,353235,353236,353237,353238,353239,353240,353241,353242,353243,353244
767,76702,'H59S100F-80-F1',353245,353246,353247,353248,353249,353250,353251,353252,353253,353254,353255,353256,353257,353258,353259,353260,353261,353262,353263,353264,353265,353266,353267,353268,353269,353270,353271,353272,353273,353274,353275,353276,353277,353278,353279,353280,353281,353282,353283,353284,353285,353286,353287,353288,353289,353290,353291,353292,353293,353294,353295,353296,353297,353298,353299,353300,353301,353302,353303,353304,353305,353306,353307,353308,353309,353310,353311,353312,353313,353314,353315,353316,353317,353318,353319,353320,353321,353322,353323,353324,353325,353326,353327,353328,353329,353330,353331,353332,353333,353334,353335,353336,353337,353338,353339,353340,353341,353342,353343,353344,353345,353346,353347,353348
767,76702,'H59S200F-80-F2',353349,353350,353351,353352,353353,353354,353355,353356,353357,353358,353359,353360,353361,353362,353363,353364,353365,353366,353367,353368,353369,353370,353371,353372,353373,353374,353375,353376,353377,353378,353379,353380,353381,353382,353383,353384,353385,353386,353387,353388,353389,353390,353391,353392,353393,353394,353395,353396,353397,353398,353399,353400,353401,353402,353403,353404,353405,353406,353407,353408,353409,353410,353411,353412,353413,353414,353415,353416,353417,353418,353419,353420,353421,353422,353423,353424,353425,353426,353427,353428,353429,353430,353431,353432,353433,353434,353435,353436,353437,353438,353439,353440,353441,353442,353443,353444,353445,353446,353447,353448,353449,353450,353451,353452
769,76903,'H59S000A-80-A',353453,353454,353455,353456,353457,353458,353459,353460,353461,353462,353463,353464,353465,353466,353467,353468,353469,353470,353471,353472,353473,353474,353475,353476,353477,353478,353479,353480,353481,353482,353483,353484,353485,353486,353487,353488,353489,353490,353491,353492,353493,353494,353495,353496,353497,353498,353499,353500,353501,353502,353503,353504,353505,353506,353507,353508,353509,353510,353511,353512,353513,353514,353515,353516
769,76903,'H59S000I-81-I',353517,353518,353519,353520,353521,353522,353523,353524,353525,353526,353527,353528,353529,353530,353531,353532,353533,353534,353535,353536,353537,353538,353539,353540,353541,353542,353543,353544,353545,353546,353547,353548,353549,353550,353551,353552,353553,353554,353555,353556,353557,353558,353559,353560,353561,353562,353563,353564,353565,353566,353567,353568,353569,353570,353571,353572,353573,353574,353575,353576,353577,353578,353579,353580
769,76903,'H59S100F-80-F1',353581,353582,353583,353584,353585,353586,353587,353588,353589,353590,353591,353592,353593,353594,353595,353596,353597,353598,353599,353600,353601,353602,353603,353604,353605,353606,353607,353608,353609,353610,353611,353612,353613,353614,353615,353616,353617,353618,353619,353620,353621,353622,353623,353624,353625,353626,353627,353628,353629,353630,353631,353632,353633,353634,353635,353636,353637,353638,353639,353640,353641,353642,353643,353644
769,76903,'H59S200F-80-F2',353645,353646,353647,353648,353649,353650,353651,353652,353653,353654,353655,353656,353657,353658,353659,353660,353661,353662,353663,353664,353665,353666,353667,353668,353669,353670,353671,353672,353673,353674,353675,353676,353677,353678,353679,353680,353681,353682,353683,353684,353685,353686,353687,353688,353689,353690,353691,353692,353693,353694,353695,353696,353697,353698,353699,353700,353701,353702,353703,353704,353705,353706,353707,353708
769,76904,'H59S000A-80-A',353709,353710,353711,353712,353713,353714,353715,353716,353717,353718,353719,353720,353721,353722,353723,353724,353725,353726,353727,353728,353729,353730,353731,353732,353733,353734,353735,353736,353737,353738,353739,353740,353741,353742,353743,353744,353745,353746,353747,353748,353749,353750,353751,353752,353753,353754,353755,353756,353757,353758,353759,353760,353761,353762,353763,353764,353765,353766,353767,353768,353769,353770,353771,353772
769,76904,'H59S000I-81-I',353773,353774,353775,353776,353777,353778,353779,353780,353781,353782,353783,353784,353785,353786,353787,353788,353789,353790,353791,353792,353793,353794,353795,353796,353797,353798,353799,353800,353801,353802,353803,353804,353805,353806,353807,353808,353809,353810,353811,353812,353813,353814,353815,353816,353817,353818,353819,353820,353821,353822,353823,353824,353825,353826,353827,353828,353829,353830,353831,353832,353833,353834,353835,353836
769,76904,'H59S100F-80-F1',353837,353838,353839,353840,353841,353842,353843,353844,353845,353846,353847,353848,353849,353850,353851,353852,353853,353854,353855,353856,353857,353858,353859,353860,353861,353862,353863,353864,353865,353866,353867,353868,353869,353870,353871,353872,353873,353874,353875,353876,353877,353878,353879,353880,353881,353882,353883,353884,353885,353886,353887,353888,353889,353890,353891,353892,353893,353894,353895,353896,353897,353898,353899,353900
769,76904,'H59S200F-80-F2',353901,353902,353903,353904,353905,353906,353907,353908,353909,353910,353911,353912,353913,353914,353915,353916,353917,353918,353919,353920,353921,353922,353923,353924,353925,353926,353927,353928,353929,353930,353931,353932,353933,353934,353935,353936,353937,353938,353939,353940,353941,353942,353943,353944,353945,353946,353947,353948,353949,353950,353951,353952,353953,353954,353955,353956,353957,353958,353959,353960,353961,353962,353963,353964
777,77701,'H59S000A-80-A',353965,353966,353967,353968,353969,353970,353971,353972,353973,353974,353975,353976,353977,353978,353979,353980,353981,353982,353983,353984,353985,353986,353987,353988,353989,353990,353991,353992,353993,353994,353995,353996,353997,353998,353999,354000,354001,354002,354003,354004,354005,354006,354007,354008,354009,354010,354011,354012,354013,354014,354015,354016,354017,354018,354019,354020,354021,354022,354023,354024,354025,354026,354027,354028,354029,354030,354031,354032,354033,354034,354035,354036,354037,354038,354039,354040,354041,354042,354043,354044,354045,354046,354047,354048,354049,354050,354051,354052,354053,354054,354055,354056,354057,354058,354059,354060,354061,354062,354063,354064,354065,354066,354067,354068,354069,354070,354071,354072,354073,354074,354075,354076,354077,354078
777,77701,'H59S000I-81-I',354079,354080,354081,354082,354083,354084,354085,354086,354087,354088,354089,354090,354091,354092,354093,354094,354095,354096,354097,354098,354099,354100,354101,354102,354103,354104,354105,354106,354107,354108,354109,354110,354111,354112,354113,354114,354115,354116,354117,354118,354119,354120,354121,354122,354123,354124,354125,354126,354127,354128,354129,354130,354131,354132,354133,354134,354135,354136,354137,354138,354139,354140,354141,354142,354143,354144,354145,354146,354147,354148,354149,354150,354151,354152,354153,354154,354155,354156,354157,354158,354159,354160,354161,354162,354163,354164,354165,354166,354167,354168,354169,354170,354171,354172,354173,354174,354175,354176,354177,354178,354179,354180,354181,354182,354183,354184,354185,354186,354187,354188,354189,354190,354191,354192
777,77701,'H59S000S-80-S',354193,354194,354195,354196,354197,354198,354199,354200,354201,354202,354203,354204,354205,354206,354207,354208,354209,354210,354211,354212,354213,354214,354215,354216,354217,354218,354219,354220,354221,354222,354223,354224,354225,354226,354227,354228,354229,354230,354231,354232,354233,354234,354235,354236,354237,354238,354239,354240,354241,354242,354243,354244,354245,354246,354247,354248,354249,354250,354251,354252,354253,354254,354255,354256,354257,354258,354259,354260,354261,354262,354263,354264,354265,354266,354267,354268,354269,354270,354271,354272,354273,354274,354275,354276,354277,354278,354279,354280,354281,354282,354283,354284,354285,354286,354287,354288,354289,354290,354291,354292,354293,354294,354295,354296,354297,354298,354299,354300,354301,354302,354303,354304,354305,354306,354307,354308,354309,354310,354311,354312
777,77701,'H59S100F-80-F1',354313,354314,354315,354316,354317,354318,354319,354320,354321,354322,354323,354324,354325,354326,354327,354328,354329,354330,354331,354332,354333,354334,354335,354336,354337,354338,354339,354340,354341,354342,354343,354344,354345,354346,354347,354348,354349,354350,354351,354352,354353,354354,354355,354356,354357,354358,354359,354360,354361,354362,354363,354364,354365,354366,354367,354368,354369,354370,354371,354372,354373,354374,354375,354376,354377,354378,354379,354380,354381,354382,354383,354384,354385,354386,354387,354388,354389,354390,354391,354392,354393,354394,354395,354396,354397,354398,354399,354400,354401,354402,354403,354404,354405,354406,354407,354408,354409,354410,354411,354412,354413,354414,354415,354416,354417,354418,354419,354420,354421,354422,354423,354424,354425,354426
777,77701,'H59S200F-80-F2',354427,354428,354429,354430,354431,354432,354433,354434,354435,354436,354437,354438,354439,354440,354441,354442,354443,354444,354445,354446,354447,354448,354449,354450,354451,354452,354453,354454,354455,354456,354457,354458,354459,354460,354461,354462,354463,354464,354465,354466,354467,354468,354469,354470,354471,354472,354473,354474,354475,354476,354477,354478,354479,354480,354481,354482,354483,354484,354485,354486,354487,354488,354489,354490,354491,354492,354493,354494,354495,354496,354497,354498,354499,354500,354501,354502,354503,354504,354505,354506,354507,354508,354509,354510,354511,354512,354513,354514,354515,354516,354517,354518,354519,354520,354521,354522,354523,354524,354525,354526,354527,354528,354529,354530,354531,354532,354533,354534,354535,354536,354537,354538,354539,354540
777,77702,'H59S000A-80-A',354541,354542,354543,354544,354545,354546,354547,354548,354549,354550,354551,354552,354553,354554,354555,354556,354557,354558,354559,354560,354561,354562,354563,354564,354565,354566,354567,354568,354569,354570,354571,354572,354573,354574,354575,354576,354577,354578,354579,354580,354581,354582,354583,354584,354585,354586,354587,354588,354589,354590,354591,354592,354593,354594,354595,354596,354597,354598,354599,354600,354601,354602,354603,354604,354605,354606,354607,354608,354609,354610,354611,354612,354613,354614,354615,354616,354617,354618,354619,354620,354621,354622,354623,354624,354625,354626,354627,354628,354629,354630,354631,354632,354633,354634,354635,354636,354637,354638,354639,354640,354641,354642,354643,354644,354645,354646,354647,354648,354649,354650,354651,354652,354653,354654,354655
777,77702,'H59S000I-81-I',354656,354657,354658,354659,354660,354661,354662,354663,354664,354665,354666,354667,354668,354669,354670,354671,354672,354673,354674,354675,354676,354677,354678,354679,354680,354681,354682,354683,354684,354685,354686,354687,354688,354689,354690,354691,354692,354693,354694,354695,354696,354697,354698,354699,354700,354701,354702,354703,354704,354705,354706,354707,354708,354709,354710,354711,354712,354713,354714,354715,354716,354717,354718,354719,354720,354721,354722,354723,354724,354725,354726,354727,354728,354729,354730,354731,354732,354733,354734,354735,354736,354737,354738,354739,354740,354741,354742,354743,354744,354745,354746,354747,354748,354749,354750,354751,354752,354753,354754,354755,354756,354757,354758,354759,354760,354761,354762,354763,354764,354765,354766,354767,354768,354769,354770
777,77702,'H59S000S-80-S',354771,354772,354773,354774,354775,354776,354777,354778,354779,354780,354781,354782,354783,354784,354785,354786,354787,354788,354789,354790,354791,354792,354793,354794,354795,354796,354797,354798,354799,354800,354801,354802,354803,354804,354805,354806,354807,354808,354809,354810,354811,354812,354813,354814,354815,354816,354817,354818,354819,354820,354821,354822,354823,354824,354825,354826,354827,354828,354829,354830,354831,354832,354833,354834,354835,354836,354837,354838,354839,354840,354841,354842,354843,354844,354845,354846,354847,354848,354849,354850,354851,354852,354853,354854,354855,354856,354857,354858,354859,354860,354861,354862,354863,354864,354865,354866,354867,354868,354869,354870,354871,354872,354873,354874,354875,354876,354877,354878,354879,354880,354881,354882,354883,354884,354885,354886,354887,354888,354889,354890
777,77702,'H59S100F-80-F1',354891,354892,354893,354894,354895,354896,354897,354898,354899,354900,354901,354902,354903,354904,354905,354906,354907,354908,354909,354910,354911,354912,354913,354914,354915,354916,354917,354918,354919,354920,354921,354922,354923,354924,354925,354926,354927,354928,354929,354930,354931,354932,354933,354934,354935,354936,354937,354938,354939,354940,354941,354942,354943,354944,354945,354946,354947,354948,354949,354950,354951,354952,354953,354954,354955,354956,354957,354958,354959,354960,354961,354962,354963,354964,354965,354966,354967,354968,354969,354970,354971,354972,354973,354974,354975,354976,354977,354978,354979,354980,354981,354982,354983,354984,354985,354986,354987,354988,354989,354990,354991,354992,354993,354994,354995,354996,354997,354998,354999,355000,355001,355002,355003,355004,355005
777,77702,'H59S200F-80-F2',355006,355007,355008,355009,355010,355011,355012,355013,355014,355015,355016,355017,355018,355019,355020,355021,355022,355023,355024,355025,355026,355027,355028,355029,355030,355031,355032,355033,355034,355035,355036,355037,355038,355039,355040,355041,355042,355043,355044,355045,355046,355047,355048,355049,355050,355051,355052,355053,355054,355055,355056,355057,355058,355059,355060,355061,355062,355063,355064,355065,355066,355067,355068,355069,355070,355071,355072,355073,355074,355075,355076,355077,355078,355079,355080,355081,355082,355083,355084,355085,355086,355087,355088,355089,355090,355091,355092,355093,355094,355095,355096,355097,355098,355099,355100,355101,355102,355103,355104,355105,355106,355107,355108,355109,355110,355111,355112,355113,355114,355115,355116,355117,355118,355119,355120
811,81102,'H59S000S-80-S',355121,355122,355123,355124,355125,355126,355127,355128,355129,355130,355131,355132,355133,355134,355135,355136,355137,355138,355139,355140,355141,355142,355143,355144,355145,355146,355147,355148,355149,355150,355151,355152,355153,355154,355155,355156,355157
814,81401,'H54S000A-80-A',355158,355159,355160,355161,355162,355163,355164,355165,355166,355167,355168,355169,355170,355171,355172,355173,355174,355175,355176,355177,355178,355179,355180,355181,355182,355183,355184,355185,355186,355187,355188
814,81401,'H54S000I-80-I',355189,355190,355191,355192,355193,355194,355195,355196,355197,355198,355199,355200,355201,355202,355203,355204,355205,355206,355207,355208,355209,355210,355211,355212,355213,355214,355215,355216,355217,355218,355219
814,81401,'H54S000S-80-S',355220,355221,355222,355223,355224,355225,355226,355227,355228,355229,355230,355231,355232,355233,355234,355235,355236,355237,355238,355239,355240,355241,355242,355243,355244,355245,355246,355247,355248,355249,355250
814,81401,'H54S100F-80-F1',355251,355252,355253,355254,355255,355256,355257,355258,355259,355260,355261,355262,355263,355264,355265,355266,355267,355268,355269,355270,355271,355272,355273,355274,355275,355276,355277,355278,355279,355280,355281
814,81401,'H54S200F-80-F2',355282,355283,355284,355285,355286,355287,355288,355289,355290,355291,355292,355293,355294,355295,355296,355297,355298,355299,355300,355301,355302,355303,355304,355305,355306,355307,355308,355309,355310,355311,355312
815,81503,'H60S000A-80-A',355313,355314,355315,355316,355317,355318,355319,355320,355321,355322,355323,355324,355325,355326,355327,355328,355329,355330,355331,355332,355333,355334,355335,355336,355337,355338,355339,355340,355341,355342,355343,355344,355345,355346,355347,355348,355349,355350,355351,355352,355353,355354,355355,355356,355357,355358,355359,355360,355361,355362,355363,355364,355365,355366,355367,355368,355369
815,81503,'H60S000I-81-I',355370,355371,355372,355373,355374,355375,355376,355377,355378,355379,355380,355381,355382,355383,355384,355385,355386,355387,355388,355389,355390,355391,355392,355393,355394,355395,355396,355397,355398,355399,355400,355401,355402,355403,355404,355405,355406,355407,355408,355409,355410,355411,355412,355413,355414,355415,355416,355417,355418,355419,355420,355421,355422,355423,355424,355425,355426
815,81503,'H60S000S-83-S',355427,355428,355429,355430,355431,355432,355433,355434,355435,355436,355437,355438,355439,355440,355441,355442,355443,355444,355445,355446,355447,355448,355449,355450,355451,355452,355453,355454,355455,355456,355457,355458,355459,355460,355461,355462,355463,355464,355465,355466,355467,355468,355469,355470,355471,355472,355473,355474,355475,355476,355477,355478,355479,355480,355481,355482,355483
815,81503,'H60S100F-80-F1',355484,355485,355486,355487,355488,355489,355490,355491,355492,355493,355494,355495,355496,355497,355498,355499,355500,355501,355502,355503,355504,355505,355506,355507,355508,355509,355510,355511,355512,355513,355514,355515,355516,355517,355518,355519,355520,355521,355522,355523,355524,355525,355526,355527,355528,355529,355530,355531,355532,355533,355534,355535,355536,355537,355538,355539,355540
815,81503,'H60S200F-80-F2',355541,355542,355543,355544,355545,355546,355547,355548,355549,355550,355551,355552,355553,355554,355555,355556,355557,355558,355559,355560,355561,355562,355563,355564,355565,355566,355567,355568,355569,355570,355571,355572,355573,355574,355575,355576,355577,355578,355579,355580,355581,355582,355583,355584,355585,355586,355587,355588,355589,355590,355591,355592,355593,355594,355595,355596,355597
815,81504,'H60S000A-80-A',355598,355599,355600,355601,355602,355603,355604,355605,355606,355607,355608,355609,355610,355611,355612,355613,355614,355615,355616,355617,355618,355619,355620,355621,355622,355623,355624,355625,355626,355627,355628,355629,355630,355631,355632,355633,355634,355635,355636,355637,355638,355639,355640,355641,355642,355643,355644,355645,355646,355647,355648,355649,355650,355651,355652,355653,355654,355655
815,81504,'H60S000I-81-I',355656,355657,355658,355659,355660,355661,355662,355663,355664,355665,355666,355667,355668,355669,355670,355671,355672,355673,355674,355675,355676,355677,355678,355679,355680,355681,355682,355683,355684,355685,355686,355687,355688,355689,355690,355691,355692,355693,355694,355695,355696,355697,355698,355699,355700,355701,355702,355703,355704,355705,355706,355707,355708,355709,355710,355711,355712,355713
815,81504,'H60S000S-83-S',355714,355715,355716,355717,355718,355719,355720,355721,355722,355723,355724,355725,355726,355727,355728,355729,355730,355731,355732,355733,355734,355735,355736,355737,355738,355739,355740,355741,355742,355743,355744,355745,355746,355747,355748,355749,355750,355751,355752,355753,355754,355755,355756,355757,355758,355759,355760,355761,355762,355763,355764,355765,355766,355767,355768,355769,355770,355771
815,81504,'H60S100F-80-F1',355772,355773,355774,355775,355776,355777,355778,355779,355780,355781,355782,355783,355784,355785,355786,355787,355788,355789,355790,355791,355792,355793,355794,355795,355796,355797,355798,355799,355800,355801,355802,355803,355804,355805,355806,355807,355808,355809,355810,355811,355812,355813,355814,355815,355816,355817,355818,355819,355820,355821,355822,355823,355824,355825,355826,355827,355828,355829
815,81504,'H60S200F-80-F2',355830,355831,355832,355833,355834,355835,355836,355837,355838,355839,355840,355841,355842,355843,355844,355845,355846,355847,355848,355849,355850,355851,355852,355853,355854,355855,355856,355857,355858,355859,355860,355861,355862,355863,355864,355865,355866,355867,355868,355869,355870,355871,355872,355873,355874,355875,355876,355877,355878,355879,355880,355881,355882,355883,355884,355885,355886,355887
822,82204,'H54S000S-80-S',355888,355889,355890,355891,355892,355893,355894,355895,355896,355897,355898,355899,355900,355901,355902,355903,355904,355905,355906,355907,355908,355909,355910,355911,355912,355913
872,87203,'H59S000S-80-S',355914,355915,355916,355917,355918,355919
872,87204,'H59S000S-80-S',355920,355921,355922,355923,355924,355925
